-- MySQL dump 10.13  Distrib 8.0.43, for Linux (x86_64)
--
-- Host: localhost    Database: self_hub
-- ------------------------------------------------------
-- Server version	8.0.43-0ubuntu0.24.04.1

/*!40101 SET @OLD_CHARACTER_SET_CLIENT=@@CHARACTER_SET_CLIENT */;
/*!40101 SET @OLD_CHARACTER_SET_RESULTS=@@CHARACTER_SET_RESULTS */;
/*!40101 SET @OLD_COLLATION_CONNECTION=@@COLLATION_CONNECTION */;
/*!50503 SET NAMES utf8mb4 */;
/*!40103 SET @OLD_TIME_ZONE=@@TIME_ZONE */;
/*!40103 SET TIME_ZONE='+00:00' */;
/*!40014 SET @OLD_UNIQUE_CHECKS=@@UNIQUE_CHECKS, UNIQUE_CHECKS=0 */;
/*!40014 SET @OLD_FOREIGN_KEY_CHECKS=@@FOREIGN_KEY_CHECKS, FOREIGN_KEY_CHECKS=0 */;
/*!40101 SET @OLD_SQL_MODE=@@SQL_MODE, SQL_MODE='NO_AUTO_VALUE_ON_ZERO' */;
/*!40111 SET @OLD_SQL_NOTES=@@SQL_NOTES, SQL_NOTES=0 */;

--
-- Current Database: `self_hub`
--

CREATE DATABASE /*!32312 IF NOT EXISTS*/ `self_hub` /*!40100 DEFAULT CHARACTER SET utf8mb4 COLLATE utf8mb4_0900_ai_ci */ /*!80016 DEFAULT ENCRYPTION='N' */;

USE `self_hub`;

--
-- Table structure for table `casbin_rule`
--

DROP TABLE IF EXISTS `casbin_rule`;
/*!40101 SET @saved_cs_client     = @@character_set_client */;
/*!50503 SET character_set_client = utf8mb4 */;
CREATE TABLE `casbin_rule` (
  `id` bigint unsigned NOT NULL AUTO_INCREMENT,
  `ptype` varchar(100) DEFAULT NULL,
  `v0` varchar(100) DEFAULT NULL,
  `v1` varchar(100) DEFAULT NULL,
  `v2` varchar(100) DEFAULT NULL,
  `v3` varchar(100) DEFAULT NULL,
  `v4` varchar(100) DEFAULT NULL,
  `v5` varchar(100) DEFAULT NULL,
  PRIMARY KEY (`id`),
  UNIQUE KEY `idx_casbin_rule` (`ptype`,`v0`,`v1`,`v2`,`v3`,`v4`,`v5`)
) ENGINE=InnoDB AUTO_INCREMENT=2438 DEFAULT CHARSET=utf8mb4 COLLATE=utf8mb4_0900_ai_ci;
/*!40101 SET character_set_client = @saved_cs_client */;

--
-- Dumping data for table `casbin_rule`
--

LOCK TABLES `casbin_rule` WRITE;
/*!40000 ALTER TABLE `casbin_rule` DISABLE KEYS */;
INSERT INTO `casbin_rule` VALUES (2247,'p','666','/dailyTask/createDailyTask','POST','','',''),(2246,'p','666','/dailyTask/deleteDailyTask','DELETE','','',''),(2245,'p','666','/dailyTask/deleteDailyTaskByIds','DELETE','','',''),(2243,'p','666','/dailyTask/findDailyTask','GET','','',''),(2242,'p','666','/dailyTask/getDailyTaskList','GET','','',''),(2241,'p','666','/dailyTask/listActiveTaskList','GET','','',''),(2244,'p','666','/dailyTask/updateDailyTask','PUT','','',''),(2240,'p','666','/dailyTaskCompletion/createDailyTaskCompletion','POST','','',''),(2239,'p','666','/dailyTaskCompletion/deleteDailyTaskCompletion','DELETE','','',''),(2238,'p','666','/dailyTaskCompletion/deleteDailyTaskCompletionByIds','DELETE','','',''),(2236,'p','666','/dailyTaskCompletion/findDailyTaskCompletion','GET','','',''),(2235,'p','666','/dailyTaskCompletion/getDailyTaskCompletionList','GET','','',''),(2234,'p','666','/dailyTaskCompletion/getDailyTaskStatList','GET','','',''),(2237,'p','666','/dailyTaskCompletion/updateDailyTaskCompletion','PUT','','',''),(2249,'p','666','/fileUploadAndDownload/upload','POST','','',''),(2255,'p','666','/jwt/jsonInBlacklist','POST','','',''),(2250,'p','666','/menu/getMenu','POST','','',''),(2227,'p','666','/miserCategory/createMiserCategory','POST','','',''),(2226,'p','666','/miserCategory/deleteMiserCategory','DELETE','','',''),(2225,'p','666','/miserCategory/deleteMiserCategoryByIds','DELETE','','',''),(2223,'p','666','/miserCategory/findMiserCategory','GET','','',''),(2222,'p','666','/miserCategory/getMiserCategoryList','GET','','',''),(2221,'p','666','/miserCategory/listMiserCategoryList','GET','','',''),(2224,'p','666','/miserCategory/updateMiserCategory','PUT','','',''),(2213,'p','666','/miserLoanRecord/createMiserLoanRecord','POST','','',''),(2212,'p','666','/miserLoanRecord/deleteMiserLoanRecord','DELETE','','',''),(2211,'p','666','/miserLoanRecord/deleteMiserLoanRecordByIds','DELETE','','',''),(2209,'p','666','/miserLoanRecord/findMiserLoanRecord','GET','','',''),(2208,'p','666','/miserLoanRecord/getMiserLoanRecordList','GET','','',''),(2206,'p','666','/miserLoanRecord/getMiserLoanStatData','GET','','',''),(2207,'p','666','/miserLoanRecord/listMiserLoanNameList','GET','','',''),(2210,'p','666','/miserLoanRecord/updateMiserLoanRecord','PUT','','',''),(2205,'p','666','/miserStat/getCardStat','GET','','',''),(2197,'p','666','/miserStat/getCategoryItemStat','GET','','',''),(2199,'p','666','/miserStat/getCategoryStat','GET','','',''),(2200,'p','666','/miserStat/getItemStat','GET','','',''),(2203,'p','666','/miserStat/getLineStat','GET','','',''),(2202,'p','666','/miserStat/getMonthStat','GET','','',''),(2198,'p','666','/miserStat/getMonthTransactionStat','GET','','',''),(2204,'p','666','/miserStat/getPieStat','GET','','',''),(2201,'p','666','/miserStat/getYearStat','GET','','',''),(2233,'p','666','/miserTransaction/createMiserTransaction','POST','','',''),(2232,'p','666','/miserTransaction/deleteMiserTransaction','DELETE','','',''),(2231,'p','666','/miserTransaction/deleteMiserTransactionByIds','DELETE','','',''),(2229,'p','666','/miserTransaction/findMiserTransaction','GET','','',''),(2228,'p','666','/miserTransaction/getMiserTransactionList','GET','','',''),(2230,'p','666','/miserTransaction/updateMiserTransaction','PUT','','',''),(2220,'p','666','/miserTransactionItem/createMiserTransactionItem','POST','','',''),(2219,'p','666','/miserTransactionItem/deleteMiserTransactionItem','DELETE','','',''),(2218,'p','666','/miserTransactionItem/deleteMiserTransactionItemByIds','DELETE','','',''),(2216,'p','666','/miserTransactionItem/findMiserTransactionItem','GET','','',''),(2215,'p','666','/miserTransactionItem/getMiserTransactionItemList','GET','','',''),(2214,'p','666','/miserTransactionItem/listItemDistinctNames','GET','','',''),(2217,'p','666','/miserTransactionItem/updateMiserTransactionItem','PUT','','',''),(2248,'p','666','/sysDictionary/findSysDictionary','GET','','',''),(2252,'p','666','/user/changePassword','POST','','',''),(2253,'p','666','/user/getUserInfo','GET','','',''),(2254,'p','666','/user/setSelfInfo','PUT','','',''),(2251,'p','666','/user/setUserAuthority','POST','','',''),(2425,'p','888','/api/createApi','POST','','',''),(2424,'p','888','/api/deleteApi','POST','','',''),(2419,'p','888','/api/deleteApisByIds','DELETE','','',''),(2416,'p','888','/api/enterSyncApi','POST','','',''),(2421,'p','888','/api/getAllApis','POST','','',''),(2420,'p','888','/api/getApiById','POST','','',''),(2417,'p','888','/api/getApiGroups','GET','','',''),(2422,'p','888','/api/getApiList','POST','','',''),(2415,'p','888','/api/ignoreApi','POST','','',''),(2418,'p','888','/api/syncApi','GET','','',''),(2423,'p','888','/api/updateApi','POST','','',''),(2315,'p','888','/attachmentCategory/addCategory','POST','','',''),(2314,'p','888','/attachmentCategory/deleteCategory','POST','','',''),(2316,'p','888','/attachmentCategory/getCategoryList','GET','','',''),(2414,'p','888','/authority/copyAuthority','POST','','',''),(2413,'p','888','/authority/createAuthority','POST','','',''),(2412,'p','888','/authority/deleteAuthority','POST','','',''),(2410,'p','888','/authority/getAuthorityList','POST','','',''),(2409,'p','888','/authority/setDataAuthority','POST','','',''),(2411,'p','888','/authority/updateAuthority','PUT','','',''),(2339,'p','888','/authorityBtn/canRemoveAuthorityBtn','POST','','',''),(2340,'p','888','/authorityBtn/getAuthorityBtn','POST','','',''),(2341,'p','888','/authorityBtn/setAuthorityBtn','POST','','',''),(2362,'p','888','/autoCode/addFunc','POST','','',''),(2370,'p','888','/autoCode/createPackage','POST','','',''),(2378,'p','888','/autoCode/createTemp','POST','','',''),(2367,'p','888','/autoCode/delPackage','POST','','',''),(2363,'p','888','/autoCode/delSysHistory','POST','','',''),(2376,'p','888','/autoCode/getColumn','GET','','',''),(2380,'p','888','/autoCode/getDB','GET','','',''),(2366,'p','888','/autoCode/getMeta','POST','','',''),(2368,'p','888','/autoCode/getPackage','POST','','',''),(2364,'p','888','/autoCode/getSysHistory','POST','','',''),(2379,'p','888','/autoCode/getTables','GET','','',''),(2369,'p','888','/autoCode/getTemplates','GET','','',''),(2375,'p','888','/autoCode/installPlugin','POST','','',''),(2373,'p','888','/autoCode/mcp','POST','','',''),(2371,'p','888','/autoCode/mcpList','POST','','',''),(2372,'p','888','/autoCode/mcpTest','POST','','',''),(2377,'p','888','/autoCode/preview','POST','','',''),(2374,'p','888','/autoCode/pubPlug','POST','','',''),(2365,'p','888','/autoCode/rollback','POST','','',''),(2407,'p','888','/casbin/getPolicyPathByAuthorityId','POST','','',''),(2408,'p','888','/casbin/updateCasbin','POST','','',''),(2383,'p','888','/customer/customer','DELETE','','',''),(2382,'p','888','/customer/customer','GET','','',''),(2384,'p','888','/customer/customer','POST','','',''),(2385,'p','888','/customer/customer','PUT','','',''),(2381,'p','888','/customer/customerList','GET','','',''),(2306,'p','888','/dailyTask/createDailyTask','POST','','',''),(2305,'p','888','/dailyTask/deleteDailyTask','DELETE','','',''),(2304,'p','888','/dailyTask/deleteDailyTaskByIds','DELETE','','',''),(2302,'p','888','/dailyTask/findDailyTask','GET','','',''),(2301,'p','888','/dailyTask/getDailyTaskList','GET','','',''),(2300,'p','888','/dailyTask/listActiveTaskList','GET','','',''),(2303,'p','888','/dailyTask/updateDailyTask','PUT','','',''),(2299,'p','888','/dailyTaskCompletion/createDailyTaskCompletion','POST','','',''),(2298,'p','888','/dailyTaskCompletion/deleteDailyTaskCompletion','DELETE','','',''),(2297,'p','888','/dailyTaskCompletion/deleteDailyTaskCompletionByIds','DELETE','','',''),(2295,'p','888','/dailyTaskCompletion/findDailyTaskCompletion','GET','','',''),(2294,'p','888','/dailyTaskCompletion/getDailyTaskCompletionList','GET','','',''),(2293,'p','888','/dailyTaskCompletion/getDailyTaskStatList','GET','','',''),(2296,'p','888','/dailyTaskCompletion/updateDailyTaskCompletion','PUT','','',''),(2343,'p','888','/email/emailTest','POST','','',''),(2342,'p','888','/email/sendEmail','POST','','',''),(2396,'p','888','/fileUploadAndDownload/breakpointContinue','POST','','',''),(2395,'p','888','/fileUploadAndDownload/breakpointContinueFinish','POST','','',''),(2392,'p','888','/fileUploadAndDownload/deleteFile','POST','','',''),(2391,'p','888','/fileUploadAndDownload/editFileName','POST','','',''),(2397,'p','888','/fileUploadAndDownload/findFile','GET','','',''),(2390,'p','888','/fileUploadAndDownload/getFileList','POST','','',''),(2389,'p','888','/fileUploadAndDownload/importURL','POST','','',''),(2394,'p','888','/fileUploadAndDownload/removeChunk','POST','','',''),(2393,'p','888','/fileUploadAndDownload/upload','POST','','',''),(2329,'p','888','/info/createInfo','POST','','',''),(2328,'p','888','/info/deleteInfo','DELETE','','',''),(2327,'p','888','/info/deleteInfoByIds','DELETE','','',''),(2325,'p','888','/info/findInfo','GET','','',''),(2324,'p','888','/info/getInfoList','GET','','',''),(2326,'p','888','/info/updateInfo','PUT','','',''),(2437,'p','888','/jwt/jsonInBlacklist','POST','','',''),(2406,'p','888','/menu/addBaseMenu','POST','','',''),(2398,'p','888','/menu/addMenuAuthority','POST','','',''),(2404,'p','888','/menu/deleteBaseMenu','POST','','',''),(2402,'p','888','/menu/getBaseMenuById','POST','','',''),(2400,'p','888','/menu/getBaseMenuTree','POST','','',''),(2405,'p','888','/menu/getMenu','POST','','',''),(2399,'p','888','/menu/getMenuAuthority','POST','','',''),(2401,'p','888','/menu/getMenuList','POST','','',''),(2403,'p','888','/menu/updateBaseMenu','POST','','',''),(2286,'p','888','/miserCategory/createMiserCategory','POST','','',''),(2285,'p','888','/miserCategory/deleteMiserCategory','DELETE','','',''),(2284,'p','888','/miserCategory/deleteMiserCategoryByIds','DELETE','','',''),(2282,'p','888','/miserCategory/findMiserCategory','GET','','',''),(2281,'p','888','/miserCategory/getMiserCategoryList','GET','','',''),(2280,'p','888','/miserCategory/listMiserCategoryList','GET','','',''),(2283,'p','888','/miserCategory/updateMiserCategory','PUT','','',''),(2272,'p','888','/miserLoanRecord/createMiserLoanRecord','POST','','',''),(2271,'p','888','/miserLoanRecord/deleteMiserLoanRecord','DELETE','','',''),(2270,'p','888','/miserLoanRecord/deleteMiserLoanRecordByIds','DELETE','','',''),(2268,'p','888','/miserLoanRecord/findMiserLoanRecord','GET','','',''),(2267,'p','888','/miserLoanRecord/getMiserLoanRecordList','GET','','',''),(2265,'p','888','/miserLoanRecord/getMiserLoanStatData','GET','','',''),(2266,'p','888','/miserLoanRecord/listMiserLoanNameList','GET','','',''),(2269,'p','888','/miserLoanRecord/updateMiserLoanRecord','PUT','','',''),(2264,'p','888','/miserStat/getCardStat','GET','','',''),(2256,'p','888','/miserStat/getCategoryItemStat','GET','','',''),(2258,'p','888','/miserStat/getCategoryStat','GET','','',''),(2259,'p','888','/miserStat/getItemStat','GET','','',''),(2262,'p','888','/miserStat/getLineStat','GET','','',''),(2261,'p','888','/miserStat/getMonthStat','GET','','',''),(2257,'p','888','/miserStat/getMonthTransactionStat','GET','','',''),(2263,'p','888','/miserStat/getPieStat','GET','','',''),(2260,'p','888','/miserStat/getYearStat','GET','','',''),(2292,'p','888','/miserTransaction/createMiserTransaction','POST','','',''),(2291,'p','888','/miserTransaction/deleteMiserTransaction','DELETE','','',''),(2290,'p','888','/miserTransaction/deleteMiserTransactionByIds','DELETE','','',''),(2288,'p','888','/miserTransaction/findMiserTransaction','GET','','',''),(2287,'p','888','/miserTransaction/getMiserTransactionList','GET','','',''),(2289,'p','888','/miserTransaction/updateMiserTransaction','PUT','','',''),(2279,'p','888','/miserTransactionItem/createMiserTransactionItem','POST','','',''),(2278,'p','888','/miserTransactionItem/deleteMiserTransactionItem','DELETE','','',''),(2277,'p','888','/miserTransactionItem/deleteMiserTransactionItemByIds','DELETE','','',''),(2275,'p','888','/miserTransactionItem/findMiserTransactionItem','GET','','',''),(2274,'p','888','/miserTransactionItem/getMiserTransactionItemList','GET','','',''),(2273,'p','888','/miserTransactionItem/listItemDistinctNames','GET','','',''),(2276,'p','888','/miserTransactionItem/updateMiserTransactionItem','PUT','','',''),(2345,'p','888','/simpleUploader/checkFileMd5','GET','','',''),(2344,'p','888','/simpleUploader/mergeFileMd5','GET','','',''),(2346,'p','888','/simpleUploader/upload','POST','','',''),(2356,'p','888','/sysDictionary/createSysDictionary','POST','','',''),(2355,'p','888','/sysDictionary/deleteSysDictionary','DELETE','','',''),(2353,'p','888','/sysDictionary/findSysDictionary','GET','','',''),(2352,'p','888','/sysDictionary/getSysDictionaryList','GET','','',''),(2354,'p','888','/sysDictionary/updateSysDictionary','PUT','','',''),(2360,'p','888','/sysDictionaryDetail/createSysDictionaryDetail','POST','','',''),(2359,'p','888','/sysDictionaryDetail/deleteSysDictionaryDetail','DELETE','','',''),(2358,'p','888','/sysDictionaryDetail/findSysDictionaryDetail','GET','','',''),(2357,'p','888','/sysDictionaryDetail/getSysDictionaryDetailList','GET','','',''),(2361,'p','888','/sysDictionaryDetail/updateSysDictionaryDetail','PUT','','',''),(2338,'p','888','/sysExportTemplate/createSysExportTemplate','POST','','',''),(2337,'p','888','/sysExportTemplate/deleteSysExportTemplate','DELETE','','',''),(2336,'p','888','/sysExportTemplate/deleteSysExportTemplateByIds','DELETE','','',''),(2332,'p','888','/sysExportTemplate/exportExcel','GET','','',''),(2331,'p','888','/sysExportTemplate/exportTemplate','GET','','',''),(2334,'p','888','/sysExportTemplate/findSysExportTemplate','GET','','',''),(2333,'p','888','/sysExportTemplate/getSysExportTemplateList','GET','','',''),(2330,'p','888','/sysExportTemplate/importExcel','POST','','',''),(2335,'p','888','/sysExportTemplate/updateSysExportTemplate','PUT','','',''),(2351,'p','888','/sysOperationRecord/createSysOperationRecord','POST','','',''),(2348,'p','888','/sysOperationRecord/deleteSysOperationRecord','DELETE','','',''),(2347,'p','888','/sysOperationRecord/deleteSysOperationRecordByIds','DELETE','','',''),(2350,'p','888','/sysOperationRecord/findSysOperationRecord','GET','','',''),(2349,'p','888','/sysOperationRecord/getSysOperationRecordList','GET','','',''),(2323,'p','888','/sysParams/createSysParams','POST','','',''),(2322,'p','888','/sysParams/deleteSysParams','DELETE','','',''),(2321,'p','888','/sysParams/deleteSysParamsByIds','DELETE','','',''),(2319,'p','888','/sysParams/findSysParams','GET','','',''),(2317,'p','888','/sysParams/getSysParam','GET','','',''),(2318,'p','888','/sysParams/getSysParamsList','GET','','',''),(2320,'p','888','/sysParams/updateSysParams','PUT','','',''),(2388,'p','888','/system/getServerInfo','POST','','',''),(2387,'p','888','/system/getSystemConfig','POST','','',''),(2386,'p','888','/system/setSystemConfig','POST','','',''),(2308,'p','888','/sysVersion/deleteSysVersion','DELETE','','',''),(2307,'p','888','/sysVersion/deleteSysVersionByIds','DELETE','','',''),(2311,'p','888','/sysVersion/downloadVersionJson','GET','','',''),(2310,'p','888','/sysVersion/exportVersion','POST','','',''),(2313,'p','888','/sysVersion/findSysVersion','GET','','',''),(2312,'p','888','/sysVersion/getSysVersionList','GET','','',''),(2309,'p','888','/sysVersion/importVersion','POST','','',''),(2435,'p','888','/user/admin_register','POST','','',''),(2429,'p','888','/user/changePassword','POST','','',''),(2436,'p','888','/user/deleteUser','DELETE','','',''),(2431,'p','888','/user/getUserInfo','GET','','',''),(2434,'p','888','/user/getUserList','POST','','',''),(2427,'p','888','/user/resetPassword','POST','','',''),(2432,'p','888','/user/setSelfInfo','PUT','','',''),(2426,'p','888','/user/setSelfSetting','PUT','','',''),(2430,'p','888','/user/setUserAuthorities','POST','','',''),(2428,'p','888','/user/setUserAuthority','POST','','',''),(2433,'p','888','/user/setUserInfo','PUT','','','');
/*!40000 ALTER TABLE `casbin_rule` ENABLE KEYS */;
UNLOCK TABLES;

--
-- Table structure for table `daily_task_completions`
--

DROP TABLE IF EXISTS `daily_task_completions`;
/*!40101 SET @saved_cs_client     = @@character_set_client */;
/*!50503 SET character_set_client = utf8mb4 */;
CREATE TABLE `daily_task_completions` (
  `id` int NOT NULL AUTO_INCREMENT COMMENT 'ID',
  `user_id` int NOT NULL DEFAULT '0' COMMENT '用户 ID',
  `task_id` int NOT NULL DEFAULT '0' COMMENT '任务 ID',
  `finish_date` date NOT NULL DEFAULT (curdate()) COMMENT '完成时间',
  `count_value` int NOT NULL DEFAULT '0' COMMENT '完成计数值',
  `remark` varchar(256) NOT NULL DEFAULT '' COMMENT '完成说明',
  `created_at` datetime NOT NULL DEFAULT CURRENT_TIMESTAMP COMMENT '创建时间',
  `updated_at` datetime NOT NULL DEFAULT CURRENT_TIMESTAMP ON UPDATE CURRENT_TIMESTAMP COMMENT '更新时间',
  PRIMARY KEY (`id`),
  UNIQUE KEY `uk_task_date` (`user_id`,`task_id`,`finish_date`)
) ENGINE=InnoDB AUTO_INCREMENT=1826 DEFAULT CHARSET=utf8mb4 COLLATE=utf8mb4_0900_ai_ci COMMENT='每日任务完成情况表';
/*!40101 SET character_set_client = @saved_cs_client */;

--
-- Dumping data for table `daily_task_completions`
--

LOCK TABLES `daily_task_completions` WRITE;
/*!40000 ALTER TABLE `daily_task_completions` DISABLE KEYS */;
INSERT INTO `daily_task_completions` VALUES (1,3,1,'2025-01-01',1,'准时起床','2025-09-25 10:23:52','2025-09-25 10:23:52'),(2,3,2,'2025-01-01',0,'今天没跑步','2025-09-25 10:23:52','2025-09-25 10:23:52'),(3,3,3,'2025-01-01',0,'没读书','2025-09-25 10:23:52','2025-09-25 10:23:52'),(4,1,4,'2025-01-01',1,'喝了 10 杯水','2025-09-25 10:23:52','2025-09-25 10:23:52'),(5,1,5,'2025-01-01',1,'写了 334 字日记','2025-09-25 10:23:52','2025-09-25 10:23:52'),(6,3,1,'2025-01-02',1,'准时起床','2025-09-25 10:23:52','2025-09-25 10:23:52'),(7,3,2,'2025-01-02',1,'4 公里跑步','2025-09-25 10:23:52','2025-09-25 10:23:52'),(8,3,3,'2025-01-02',1,'阅读 18 页','2025-09-25 10:23:52','2025-09-25 10:23:52'),(9,1,4,'2025-01-02',1,'喝了 8 杯水','2025-09-25 10:23:52','2025-09-25 10:23:52'),(10,1,5,'2025-01-02',0,'没写日记','2025-09-25 10:23:52','2025-09-25 10:23:52'),(11,3,1,'2025-01-03',1,'准时起床','2025-09-25 10:23:52','2025-09-25 10:23:52'),(12,3,2,'2025-01-03',0,'今天没跑步','2025-09-25 10:23:52','2025-09-25 10:23:52'),(13,3,3,'2025-01-03',1,'阅读 26 页','2025-09-25 10:23:52','2025-09-25 10:23:52'),(14,1,4,'2025-01-03',1,'喝了 8 杯水','2025-09-25 10:23:52','2025-09-25 10:23:52'),(15,1,5,'2025-01-03',1,'写了 275 字日记','2025-09-25 10:23:52','2025-09-25 10:23:52'),(16,3,1,'2025-01-04',1,'准时起床','2025-09-25 10:23:52','2025-09-25 10:23:52'),(17,3,2,'2025-01-04',0,'今天没跑步','2025-09-25 10:23:52','2025-09-25 10:23:52'),(18,3,3,'2025-01-04',1,'阅读 30 页','2025-09-25 10:23:52','2025-09-25 10:23:52'),(19,1,4,'2025-01-04',1,'喝了 10 杯水','2025-09-25 10:23:52','2025-09-25 10:23:52'),(20,1,5,'2025-01-04',1,'写了 316 字日记','2025-09-25 10:23:52','2025-09-25 10:23:52'),(21,3,1,'2025-01-05',1,'准时起床','2025-09-25 10:23:52','2025-09-25 10:23:52'),(22,3,2,'2025-01-05',0,'今天没跑步','2025-09-25 10:23:52','2025-09-25 10:23:52'),(23,3,3,'2025-01-05',1,'阅读 19 页','2025-09-25 10:23:52','2025-09-25 10:23:52'),(24,1,4,'2025-01-05',1,'喝了 8 杯水','2025-09-25 10:23:52','2025-09-25 10:23:52'),(25,1,5,'2025-01-05',1,'写了 279 字日记','2025-09-25 10:23:52','2025-09-25 10:23:52'),(26,3,1,'2025-01-06',1,'准时起床','2025-09-25 10:23:52','2025-09-25 10:23:52'),(27,3,2,'2025-01-06',1,'3 公里跑步','2025-09-25 10:23:52','2025-09-25 10:23:52'),(28,3,3,'2025-01-06',1,'阅读 15 页','2025-09-25 10:23:52','2025-09-25 10:23:52'),(29,1,4,'2025-01-06',0,'只喝了 6 杯水','2025-09-25 10:23:52','2025-09-25 10:23:52'),(30,1,5,'2025-01-06',1,'写了 293 字日记','2025-09-25 10:23:52','2025-09-25 10:23:52'),(31,3,1,'2025-01-07',1,'准时起床','2025-09-25 10:23:52','2025-09-25 10:23:52'),(32,3,2,'2025-01-07',0,'今天没跑步','2025-09-25 10:23:52','2025-09-25 10:23:52'),(33,3,3,'2025-01-07',1,'阅读 12 页','2025-09-25 10:23:52','2025-09-25 10:23:52'),(34,1,4,'2025-01-07',1,'喝了 8 杯水','2025-09-25 10:23:52','2025-09-25 10:23:52'),(35,1,5,'2025-01-07',0,'没写日记','2025-09-25 10:23:52','2025-09-25 10:23:52'),(36,3,1,'2025-01-08',1,'准时起床','2025-09-25 10:23:52','2025-09-25 10:23:52'),(37,3,2,'2025-01-08',0,'今天没跑步','2025-09-25 10:23:52','2025-09-25 10:23:52'),(38,3,3,'2025-01-08',1,'阅读 16 页','2025-09-25 10:23:52','2025-09-25 10:23:52'),(39,1,4,'2025-01-08',1,'喝了 8 杯水','2025-09-25 10:23:52','2025-09-25 10:23:52'),(40,1,5,'2025-01-08',1,'写了 234 字日记','2025-09-25 10:23:52','2025-09-25 10:23:52'),(41,3,1,'2025-01-09',0,'睡过头了','2025-09-25 10:23:52','2025-09-25 10:23:52'),(42,3,2,'2025-01-09',1,'6 公里跑步','2025-09-25 10:23:52','2025-09-25 10:23:52'),(43,3,3,'2025-01-09',1,'阅读 25 页','2025-09-25 10:23:52','2025-09-25 10:23:52'),(44,1,4,'2025-01-09',0,'只喝了 7 杯水','2025-09-25 10:23:52','2025-09-25 10:23:52'),(45,1,5,'2025-01-09',0,'没写日记','2025-09-25 10:23:52','2025-09-25 10:23:52'),(46,3,1,'2025-01-10',1,'准时起床','2025-09-25 10:23:52','2025-09-25 10:23:52'),(47,3,2,'2025-01-10',1,'5 公里跑步','2025-09-25 10:23:52','2025-09-25 10:23:52'),(48,3,3,'2025-01-10',1,'阅读 11 页','2025-09-25 10:23:52','2025-09-25 10:23:52'),(49,1,4,'2025-01-10',1,'喝了 10 杯水','2025-09-25 10:23:52','2025-09-25 10:23:52'),(50,1,5,'2025-01-10',1,'写了 268 字日记','2025-09-25 10:23:52','2025-09-25 10:23:52'),(51,3,1,'2025-01-11',1,'准时起床','2025-09-25 10:23:52','2025-09-25 10:23:52'),(52,3,2,'2025-01-11',0,'今天没跑步','2025-09-25 10:23:52','2025-09-25 10:23:52'),(53,3,3,'2025-01-11',1,'阅读 16 页','2025-09-25 10:23:52','2025-09-25 10:23:52'),(54,1,4,'2025-01-11',1,'喝了 9 杯水','2025-09-25 10:23:52','2025-09-25 10:23:52'),(55,1,5,'2025-01-11',1,'写了 291 字日记','2025-09-25 10:23:52','2025-09-25 10:23:52'),(56,3,1,'2025-01-12',0,'睡过头了','2025-09-25 10:23:52','2025-09-25 10:23:52'),(57,3,2,'2025-01-12',1,'4 公里跑步','2025-09-25 10:23:52','2025-09-25 10:23:52'),(58,3,3,'2025-01-12',1,'阅读 29 页','2025-09-25 10:23:52','2025-09-25 10:23:52'),(59,1,4,'2025-01-12',1,'喝了 9 杯水','2025-09-25 10:23:52','2025-09-25 10:23:52'),(60,1,5,'2025-01-12',0,'没写日记','2025-09-25 10:23:52','2025-09-25 10:23:52'),(61,3,1,'2025-01-13',1,'准时起床','2025-09-25 10:23:52','2025-09-25 10:23:52'),(62,3,2,'2025-01-13',0,'今天没跑步','2025-09-25 10:23:52','2025-09-25 10:23:52'),(63,3,3,'2025-01-13',1,'阅读 19 页','2025-09-25 10:23:52','2025-09-25 10:23:52'),(64,1,4,'2025-01-13',0,'只喝了 3 杯水','2025-09-25 10:23:52','2025-09-25 10:23:52'),(65,1,5,'2025-01-13',0,'没写日记','2025-09-25 10:23:52','2025-09-25 10:23:52'),(66,3,1,'2025-01-14',1,'准时起床','2025-09-25 10:23:52','2025-09-25 10:23:52'),(67,3,2,'2025-01-14',1,'6 公里跑步','2025-09-25 10:23:52','2025-09-25 10:23:52'),(68,3,3,'2025-01-14',1,'阅读 23 页','2025-09-25 10:23:52','2025-09-25 10:23:52'),(69,1,4,'2025-01-14',0,'只喝了 4 杯水','2025-09-25 10:23:52','2025-09-25 10:23:52'),(70,1,5,'2025-01-14',1,'写了 371 字日记','2025-09-25 10:23:52','2025-09-25 10:23:52'),(71,3,1,'2025-01-15',1,'准时起床','2025-09-25 10:23:52','2025-09-25 10:23:52'),(72,3,2,'2025-01-15',0,'今天没跑步','2025-09-25 10:23:52','2025-09-25 10:23:52'),(73,3,3,'2025-01-15',1,'阅读 20 页','2025-09-25 10:23:52','2025-09-25 10:23:52'),(74,1,4,'2025-01-15',0,'只喝了 5 杯水','2025-09-25 10:23:52','2025-09-25 10:23:52'),(75,1,5,'2025-01-15',0,'没写日记','2025-09-25 10:23:52','2025-09-25 10:23:52'),(76,3,1,'2025-01-16',1,'准时起床','2025-09-25 10:23:52','2025-09-25 10:23:52'),(77,3,2,'2025-01-16',1,'6 公里跑步','2025-09-25 10:23:52','2025-09-25 10:23:52'),(78,3,3,'2025-01-16',1,'阅读 10 页','2025-09-25 10:23:52','2025-09-25 10:23:52'),(79,1,4,'2025-01-16',1,'喝了 8 杯水','2025-09-25 10:23:52','2025-09-25 10:23:52'),(80,1,5,'2025-01-16',0,'没写日记','2025-09-25 10:23:52','2025-09-25 10:23:52'),(81,3,1,'2025-01-17',0,'睡过头了','2025-09-25 10:23:52','2025-09-25 10:23:52'),(82,3,2,'2025-01-17',0,'今天没跑步','2025-09-25 10:23:52','2025-09-25 10:23:52'),(83,3,3,'2025-01-17',1,'阅读 30 页','2025-09-25 10:23:52','2025-09-25 10:23:52'),(84,1,4,'2025-01-17',1,'喝了 9 杯水','2025-09-25 10:23:52','2025-09-25 10:23:52'),(85,1,5,'2025-01-17',1,'写了 334 字日记','2025-09-25 10:23:52','2025-09-25 10:23:52'),(86,3,1,'2025-01-18',1,'准时起床','2025-09-25 10:23:52','2025-09-25 10:23:52'),(87,3,2,'2025-01-18',0,'今天没跑步','2025-09-25 10:23:52','2025-09-25 10:23:52'),(88,3,3,'2025-01-18',1,'阅读 18 页','2025-09-25 10:23:52','2025-09-25 10:23:52'),(89,1,4,'2025-01-18',1,'喝了 10 杯水','2025-09-25 10:23:52','2025-09-25 10:23:52'),(90,1,5,'2025-01-18',0,'没写日记','2025-09-25 10:23:52','2025-09-25 10:23:52'),(91,3,1,'2025-01-19',1,'准时起床','2025-09-25 10:23:52','2025-09-25 10:23:52'),(92,3,2,'2025-01-19',1,'4 公里跑步','2025-09-25 10:23:52','2025-09-25 10:23:52'),(93,3,3,'2025-01-19',0,'没读书','2025-09-25 10:23:52','2025-09-25 10:23:52'),(94,1,4,'2025-01-19',0,'只喝了 5 杯水','2025-09-25 10:23:52','2025-09-25 10:23:52'),(95,1,5,'2025-01-19',1,'写了 232 字日记','2025-09-25 10:23:52','2025-09-25 10:23:52'),(96,3,1,'2025-01-20',1,'准时起床','2025-09-25 10:23:52','2025-09-25 10:23:52'),(97,3,2,'2025-01-20',0,'今天没跑步','2025-09-25 10:23:52','2025-09-25 10:23:52'),(98,3,3,'2025-01-20',1,'阅读 18 页','2025-09-25 10:23:52','2025-09-25 10:23:52'),(99,1,4,'2025-01-20',1,'喝了 10 杯水','2025-09-25 10:23:52','2025-09-25 10:23:52'),(100,1,5,'2025-01-20',1,'写了 363 字日记','2025-09-25 10:23:52','2025-09-25 10:23:52'),(101,3,1,'2025-01-21',1,'准时起床','2025-09-25 10:23:52','2025-09-25 10:23:52'),(102,3,2,'2025-01-21',0,'今天没跑步','2025-09-25 10:23:52','2025-09-25 10:23:52'),(103,3,3,'2025-01-21',1,'阅读 14 页','2025-09-25 10:23:52','2025-09-25 10:23:52'),(104,1,4,'2025-01-21',1,'喝了 9 杯水','2025-09-25 10:23:52','2025-09-25 10:23:52'),(105,1,5,'2025-01-21',1,'写了 358 字日记','2025-09-25 10:23:52','2025-09-25 10:23:52'),(106,3,1,'2025-01-22',1,'准时起床','2025-09-25 10:23:52','2025-09-25 10:23:52'),(107,3,2,'2025-01-22',1,'3 公里跑步','2025-09-25 10:23:52','2025-09-25 10:23:52'),(108,3,3,'2025-01-22',1,'阅读 30 页','2025-09-25 10:23:52','2025-09-25 10:23:52'),(109,1,4,'2025-01-22',1,'喝了 9 杯水','2025-09-25 10:23:52','2025-09-25 10:23:52'),(110,1,5,'2025-01-22',1,'写了 283 字日记','2025-09-25 10:23:52','2025-09-25 10:23:52'),(111,3,1,'2025-01-23',1,'准时起床','2025-09-25 10:23:52','2025-09-25 10:23:52'),(112,3,2,'2025-01-23',0,'今天没跑步','2025-09-25 10:23:52','2025-09-25 10:23:52'),(113,3,3,'2025-01-23',0,'没读书','2025-09-25 10:23:52','2025-09-25 10:23:52'),(114,1,4,'2025-01-23',1,'喝了 8 杯水','2025-09-25 10:23:52','2025-09-25 10:23:52'),(115,1,5,'2025-01-23',1,'写了 205 字日记','2025-09-25 10:23:52','2025-09-25 10:23:52'),(116,3,1,'2025-01-24',1,'准时起床','2025-09-25 10:23:52','2025-09-25 10:23:52'),(117,3,2,'2025-01-24',0,'今天没跑步','2025-09-25 10:23:52','2025-09-25 10:23:52'),(118,3,3,'2025-01-24',0,'没读书','2025-09-25 10:23:52','2025-09-25 10:23:52'),(119,1,4,'2025-01-24',1,'喝了 9 杯水','2025-09-25 10:23:52','2025-09-25 10:23:52'),(120,1,5,'2025-01-24',0,'没写日记','2025-09-25 10:23:52','2025-09-25 10:23:52'),(121,3,1,'2025-01-25',1,'准时起床','2025-09-25 10:23:52','2025-09-25 10:23:52'),(122,3,2,'2025-01-25',1,'5 公里跑步','2025-09-25 10:23:52','2025-09-25 10:23:52'),(123,3,3,'2025-01-25',1,'阅读 14 页','2025-09-25 10:23:52','2025-09-25 10:23:52'),(124,1,4,'2025-01-25',1,'喝了 10 杯水','2025-09-25 10:23:52','2025-09-25 10:23:52'),(125,1,5,'2025-01-25',1,'写了 374 字日记','2025-09-25 10:23:52','2025-09-25 10:23:52'),(126,3,1,'2025-01-26',0,'睡过头了','2025-09-25 10:23:52','2025-09-25 10:23:52'),(127,3,2,'2025-01-26',0,'今天没跑步','2025-09-25 10:23:52','2025-09-25 10:23:52'),(128,3,3,'2025-01-26',1,'阅读 17 页','2025-09-25 10:23:52','2025-09-25 10:23:52'),(129,1,4,'2025-01-26',1,'喝了 10 杯水','2025-09-25 10:23:52','2025-09-25 10:23:52'),(130,1,5,'2025-01-26',1,'写了 259 字日记','2025-09-25 10:23:52','2025-09-25 10:23:52'),(131,3,1,'2025-01-27',1,'准时起床','2025-09-25 10:23:52','2025-09-25 10:23:52'),(132,3,2,'2025-01-27',1,'6 公里跑步','2025-09-25 10:23:52','2025-09-25 10:23:52'),(133,3,3,'2025-01-27',0,'没读书','2025-09-25 10:23:52','2025-09-25 10:23:52'),(134,1,4,'2025-01-27',1,'喝了 9 杯水','2025-09-25 10:23:52','2025-09-25 10:23:52'),(135,1,5,'2025-01-27',0,'没写日记','2025-09-25 10:23:52','2025-09-25 10:23:52'),(136,3,1,'2025-01-28',1,'准时起床','2025-09-25 10:23:52','2025-09-25 10:23:52'),(137,3,2,'2025-01-28',1,'5 公里跑步','2025-09-25 10:23:52','2025-09-25 10:23:52'),(138,3,3,'2025-01-28',1,'阅读 30 页','2025-09-25 10:23:52','2025-09-25 10:23:52'),(139,1,4,'2025-01-28',1,'喝了 9 杯水','2025-09-25 10:23:52','2025-09-25 10:23:52'),(140,1,5,'2025-01-28',1,'写了 214 字日记','2025-09-25 10:23:52','2025-09-25 10:23:52'),(141,3,1,'2025-01-29',1,'准时起床','2025-09-25 10:23:52','2025-09-25 10:23:52'),(142,3,2,'2025-01-29',0,'今天没跑步','2025-09-25 10:23:52','2025-09-25 10:23:52'),(143,3,3,'2025-01-29',1,'阅读 28 页','2025-09-25 10:23:52','2025-09-25 10:23:52'),(144,1,4,'2025-01-29',0,'只喝了 4 杯水','2025-09-25 10:23:52','2025-09-25 10:23:52'),(145,1,5,'2025-01-29',1,'写了 324 字日记','2025-09-25 10:23:52','2025-09-25 10:23:52'),(146,3,1,'2025-01-30',1,'准时起床','2025-09-25 10:23:52','2025-09-25 10:23:52'),(147,3,2,'2025-01-30',0,'今天没跑步','2025-09-25 10:23:52','2025-09-25 10:23:52'),(148,3,3,'2025-01-30',1,'阅读 15 页','2025-09-25 10:23:52','2025-09-25 10:23:52'),(149,1,4,'2025-01-30',1,'喝了 10 杯水','2025-09-25 10:23:52','2025-09-25 10:23:52'),(150,1,5,'2025-01-30',0,'没写日记','2025-09-25 10:23:52','2025-09-25 10:23:52'),(151,3,1,'2025-01-31',1,'准时起床','2025-09-25 10:23:52','2025-09-25 10:23:52'),(152,3,2,'2025-01-31',1,'6 公里跑步','2025-09-25 10:23:52','2025-09-25 10:23:52'),(153,3,3,'2025-01-31',1,'阅读 21 页','2025-09-25 10:23:52','2025-09-25 10:23:52'),(154,1,4,'2025-01-31',1,'喝了 8 杯水','2025-09-25 10:23:52','2025-09-25 10:23:52'),(155,1,5,'2025-01-31',0,'没写日记','2025-09-25 10:23:52','2025-09-25 10:23:52'),(156,3,1,'2025-02-01',1,'准时起床','2025-09-25 10:23:52','2025-09-25 10:23:52'),(157,3,2,'2025-02-01',0,'今天没跑步','2025-09-25 10:23:52','2025-09-25 10:23:52'),(158,3,3,'2025-02-01',1,'阅读 26 页','2025-09-25 10:23:52','2025-09-25 10:23:52'),(159,1,4,'2025-02-01',1,'喝了 10 杯水','2025-09-25 10:23:52','2025-09-25 10:23:52'),(160,1,5,'2025-02-01',1,'写了 279 字日记','2025-09-25 10:23:52','2025-09-25 10:23:52'),(161,3,1,'2025-02-02',1,'准时起床','2025-09-25 10:23:52','2025-09-25 10:23:52'),(162,3,2,'2025-02-02',0,'今天没跑步','2025-09-25 10:23:52','2025-09-25 10:23:52'),(163,3,3,'2025-02-02',1,'阅读 12 页','2025-09-25 10:23:52','2025-09-25 10:23:52'),(164,1,4,'2025-02-02',0,'只喝了 6 杯水','2025-09-25 10:23:52','2025-09-25 10:23:52'),(165,1,5,'2025-02-02',1,'写了 332 字日记','2025-09-25 10:23:52','2025-09-25 10:23:52'),(166,3,1,'2025-02-03',1,'准时起床','2025-09-25 10:23:52','2025-09-25 10:23:52'),(167,3,2,'2025-02-03',0,'今天没跑步','2025-09-25 10:23:52','2025-09-25 10:23:52'),(168,3,3,'2025-02-03',1,'阅读 29 页','2025-09-25 10:23:52','2025-09-25 10:23:52'),(169,1,4,'2025-02-03',1,'喝了 10 杯水','2025-09-25 10:23:52','2025-09-25 10:23:52'),(170,1,5,'2025-02-03',0,'没写日记','2025-09-25 10:23:52','2025-09-25 10:23:52'),(171,3,1,'2025-02-04',0,'睡过头了','2025-09-25 10:23:52','2025-09-25 10:23:52'),(172,3,2,'2025-02-04',0,'今天没跑步','2025-09-25 10:23:52','2025-09-25 10:23:52'),(173,3,3,'2025-02-04',1,'阅读 28 页','2025-09-25 10:23:52','2025-09-25 10:23:52'),(174,1,4,'2025-02-04',1,'喝了 8 杯水','2025-09-25 10:23:52','2025-09-25 10:23:52'),(175,1,5,'2025-02-04',0,'没写日记','2025-09-25 10:23:52','2025-09-25 10:23:52'),(176,3,1,'2025-02-05',1,'准时起床','2025-09-25 10:23:52','2025-09-25 10:23:52'),(177,3,2,'2025-02-05',0,'今天没跑步','2025-09-25 10:23:52','2025-09-25 10:23:52'),(178,3,3,'2025-02-05',1,'阅读 18 页','2025-09-25 10:23:52','2025-09-25 10:23:52'),(179,1,4,'2025-02-05',1,'喝了 9 杯水','2025-09-25 10:23:52','2025-09-25 10:23:52'),(180,1,5,'2025-02-05',1,'写了 301 字日记','2025-09-25 10:23:52','2025-09-25 10:23:52'),(181,3,1,'2025-02-06',1,'准时起床','2025-09-25 10:23:52','2025-09-25 10:23:52'),(182,3,2,'2025-02-06',0,'今天没跑步','2025-09-25 10:23:52','2025-09-25 10:23:52'),(183,3,3,'2025-02-06',0,'没读书','2025-09-25 10:23:52','2025-09-25 10:23:52'),(184,1,4,'2025-02-06',1,'喝了 9 杯水','2025-09-25 10:23:52','2025-09-25 10:23:52'),(185,1,5,'2025-02-06',0,'没写日记','2025-09-25 10:23:52','2025-09-25 10:23:52'),(186,3,1,'2025-02-07',1,'准时起床','2025-09-25 10:23:52','2025-09-25 10:23:52'),(187,3,2,'2025-02-07',1,'5 公里跑步','2025-09-25 10:23:52','2025-09-25 10:23:52'),(188,3,3,'2025-02-07',1,'阅读 18 页','2025-09-25 10:23:52','2025-09-25 10:23:52'),(189,1,4,'2025-02-07',1,'喝了 10 杯水','2025-09-25 10:23:52','2025-09-25 10:23:52'),(190,1,5,'2025-02-07',0,'没写日记','2025-09-25 10:23:52','2025-09-25 10:23:52'),(191,3,1,'2025-02-08',1,'准时起床','2025-09-25 10:23:52','2025-09-25 10:23:52'),(192,3,2,'2025-02-08',1,'5 公里跑步','2025-09-25 10:23:52','2025-09-25 10:23:52'),(193,3,3,'2025-02-08',1,'阅读 30 页','2025-09-25 10:23:52','2025-09-25 10:23:52'),(194,1,4,'2025-02-08',1,'喝了 10 杯水','2025-09-25 10:23:52','2025-09-25 10:23:52'),(195,1,5,'2025-02-08',0,'没写日记','2025-09-25 10:23:52','2025-09-25 10:23:52'),(196,3,1,'2025-02-09',1,'准时起床','2025-09-25 10:23:52','2025-09-25 10:23:52'),(197,3,2,'2025-02-09',0,'今天没跑步','2025-09-25 10:23:52','2025-09-25 10:23:52'),(198,3,3,'2025-02-09',0,'没读书','2025-09-25 10:23:52','2025-09-25 10:23:52'),(199,1,4,'2025-02-09',1,'喝了 8 杯水','2025-09-25 10:23:52','2025-09-25 10:23:52'),(200,1,5,'2025-02-09',0,'没写日记','2025-09-25 10:23:52','2025-09-25 10:23:52'),(201,3,1,'2025-02-10',1,'准时起床','2025-09-25 10:23:52','2025-09-25 10:23:52'),(202,3,2,'2025-02-10',1,'5 公里跑步','2025-09-25 10:23:52','2025-09-25 10:23:52'),(203,3,3,'2025-02-10',0,'没读书','2025-09-25 10:23:52','2025-09-25 10:23:52'),(204,1,4,'2025-02-10',1,'喝了 8 杯水','2025-09-25 10:23:52','2025-09-25 10:23:52'),(205,1,5,'2025-02-10',0,'没写日记','2025-09-25 10:23:52','2025-09-25 10:23:52'),(206,3,1,'2025-02-11',1,'准时起床','2025-09-25 10:23:52','2025-09-25 10:23:52'),(207,3,2,'2025-02-11',1,'4 公里跑步','2025-09-25 10:23:52','2025-09-25 10:23:52'),(208,3,3,'2025-02-11',1,'阅读 27 页','2025-09-25 10:23:52','2025-09-25 10:23:52'),(209,1,4,'2025-02-11',1,'喝了 8 杯水','2025-09-25 10:23:52','2025-09-25 10:23:52'),(210,1,5,'2025-02-11',0,'没写日记','2025-09-25 10:23:52','2025-09-25 10:23:52'),(211,3,1,'2025-02-12',1,'准时起床','2025-09-25 10:23:52','2025-09-25 10:23:52'),(212,3,2,'2025-02-12',0,'今天没跑步','2025-09-25 10:23:52','2025-09-25 10:23:52'),(213,3,3,'2025-02-12',1,'阅读 21 页','2025-09-25 10:23:52','2025-09-25 10:23:52'),(214,1,4,'2025-02-12',1,'喝了 8 杯水','2025-09-25 10:23:52','2025-09-25 10:23:52'),(215,1,5,'2025-02-12',1,'写了 378 字日记','2025-09-25 10:23:52','2025-09-25 10:23:52'),(216,3,1,'2025-02-13',1,'准时起床','2025-09-25 10:23:52','2025-09-25 10:23:52'),(217,3,2,'2025-02-13',0,'今天没跑步','2025-09-25 10:23:52','2025-09-25 10:23:52'),(218,3,3,'2025-02-13',1,'阅读 19 页','2025-09-25 10:23:52','2025-09-25 10:23:52'),(219,1,4,'2025-02-13',1,'喝了 9 杯水','2025-09-25 10:23:52','2025-09-25 10:23:52'),(220,1,5,'2025-02-13',1,'写了 374 字日记','2025-09-25 10:23:52','2025-09-25 10:23:52'),(221,3,1,'2025-02-14',1,'准时起床','2025-09-25 10:23:52','2025-09-25 10:23:52'),(222,3,2,'2025-02-14',1,'3 公里跑步','2025-09-25 10:23:52','2025-09-25 10:23:52'),(223,3,3,'2025-02-14',1,'阅读 24 页','2025-09-25 10:23:52','2025-09-25 10:23:52'),(224,1,4,'2025-02-14',1,'喝了 8 杯水','2025-09-25 10:23:52','2025-09-25 10:23:52'),(225,1,5,'2025-02-14',0,'没写日记','2025-09-25 10:23:52','2025-09-25 10:23:52'),(226,3,1,'2025-02-15',1,'准时起床','2025-09-25 10:23:52','2025-09-25 10:23:52'),(227,3,2,'2025-02-15',0,'今天没跑步','2025-09-25 10:23:52','2025-09-25 10:23:52'),(228,3,3,'2025-02-15',1,'阅读 25 页','2025-09-25 10:23:52','2025-09-25 10:23:52'),(229,1,4,'2025-02-15',1,'喝了 9 杯水','2025-09-25 10:23:52','2025-09-25 10:23:52'),(230,1,5,'2025-02-15',0,'没写日记','2025-09-25 10:23:52','2025-09-25 10:23:52'),(231,3,1,'2025-02-16',1,'准时起床','2025-09-25 10:23:52','2025-09-25 10:23:52'),(232,3,2,'2025-02-16',0,'今天没跑步','2025-09-25 10:23:52','2025-09-25 10:23:52'),(233,3,3,'2025-02-16',1,'阅读 25 页','2025-09-25 10:23:52','2025-09-25 10:23:52'),(234,1,4,'2025-02-16',1,'喝了 9 杯水','2025-09-25 10:23:52','2025-09-25 10:23:52'),(235,1,5,'2025-02-16',0,'没写日记','2025-09-25 10:23:52','2025-09-25 10:23:52'),(236,3,1,'2025-02-17',1,'准时起床','2025-09-25 10:23:52','2025-09-25 10:23:52'),(237,3,2,'2025-02-17',0,'今天没跑步','2025-09-25 10:23:52','2025-09-25 10:23:52'),(238,3,3,'2025-02-17',1,'阅读 13 页','2025-09-25 10:23:52','2025-09-25 10:23:52'),(239,1,4,'2025-02-17',1,'喝了 9 杯水','2025-09-25 10:23:52','2025-09-25 10:23:52'),(240,1,5,'2025-02-17',1,'写了 291 字日记','2025-09-25 10:23:52','2025-09-25 10:23:52'),(241,3,1,'2025-02-18',1,'准时起床','2025-09-25 10:23:52','2025-09-25 10:23:52'),(242,3,2,'2025-02-18',0,'今天没跑步','2025-09-25 10:23:52','2025-09-25 10:23:52'),(243,3,3,'2025-02-18',1,'阅读 25 页','2025-09-25 10:23:52','2025-09-25 10:23:52'),(244,1,4,'2025-02-18',1,'喝了 10 杯水','2025-09-25 10:23:52','2025-09-25 10:23:52'),(245,1,5,'2025-02-18',0,'没写日记','2025-09-25 10:23:52','2025-09-25 10:23:52'),(246,3,1,'2025-02-19',0,'睡过头了','2025-09-25 10:23:52','2025-09-25 10:23:52'),(247,3,2,'2025-02-19',0,'今天没跑步','2025-09-25 10:23:52','2025-09-25 10:23:52'),(248,3,3,'2025-02-19',1,'阅读 10 页','2025-09-25 10:23:52','2025-09-25 10:23:52'),(249,1,4,'2025-02-19',1,'喝了 8 杯水','2025-09-25 10:23:52','2025-09-25 10:23:52'),(250,1,5,'2025-02-19',1,'写了 295 字日记','2025-09-25 10:23:52','2025-09-25 10:23:52'),(251,3,1,'2025-02-20',1,'准时起床','2025-09-25 10:23:52','2025-09-25 10:23:52'),(252,3,2,'2025-02-20',0,'今天没跑步','2025-09-25 10:23:52','2025-09-25 10:23:52'),(253,3,3,'2025-02-20',1,'阅读 18 页','2025-09-25 10:23:52','2025-09-25 10:23:52'),(254,1,4,'2025-02-20',1,'喝了 10 杯水','2025-09-25 10:23:52','2025-09-25 10:23:52'),(255,1,5,'2025-02-20',0,'没写日记','2025-09-25 10:23:52','2025-09-25 10:23:52'),(256,3,1,'2025-02-21',0,'睡过头了','2025-09-25 10:23:52','2025-09-25 10:23:52'),(257,3,2,'2025-02-21',1,'6 公里跑步','2025-09-25 10:23:52','2025-09-25 10:23:52'),(258,3,3,'2025-02-21',0,'没读书','2025-09-25 10:23:52','2025-09-25 10:23:52'),(259,1,4,'2025-02-21',1,'喝了 10 杯水','2025-09-25 10:23:52','2025-09-25 10:23:52'),(260,1,5,'2025-02-21',1,'写了 294 字日记','2025-09-25 10:23:52','2025-09-25 10:23:52'),(261,3,1,'2025-02-22',1,'准时起床','2025-09-25 10:23:52','2025-09-25 10:23:52'),(262,3,2,'2025-02-22',1,'6 公里跑步','2025-09-25 10:23:52','2025-09-25 10:23:52'),(263,3,3,'2025-02-22',1,'阅读 20 页','2025-09-25 10:23:52','2025-09-25 10:23:52'),(264,1,4,'2025-02-22',0,'只喝了 4 杯水','2025-09-25 10:23:52','2025-09-25 10:23:52'),(265,1,5,'2025-02-22',1,'写了 318 字日记','2025-09-25 10:23:52','2025-09-25 10:23:52'),(266,3,1,'2025-02-23',1,'准时起床','2025-09-25 10:23:52','2025-09-25 10:23:52'),(267,3,2,'2025-02-23',0,'今天没跑步','2025-09-25 10:23:52','2025-09-25 10:23:52'),(268,3,3,'2025-02-23',1,'阅读 23 页','2025-09-25 10:23:52','2025-09-25 10:23:52'),(269,1,4,'2025-02-23',1,'喝了 9 杯水','2025-09-25 10:23:52','2025-09-25 10:23:52'),(270,1,5,'2025-02-23',0,'没写日记','2025-09-25 10:23:52','2025-09-25 10:23:52'),(271,3,1,'2025-02-24',1,'准时起床','2025-09-25 10:23:52','2025-09-25 10:23:52'),(272,3,2,'2025-02-24',1,'5 公里跑步','2025-09-25 10:23:52','2025-09-25 10:23:52'),(273,3,3,'2025-02-24',1,'阅读 12 页','2025-09-25 10:23:52','2025-09-25 10:23:52'),(274,1,4,'2025-02-24',1,'喝了 10 杯水','2025-09-25 10:23:52','2025-09-25 10:23:52'),(275,1,5,'2025-02-24',0,'没写日记','2025-09-25 10:23:52','2025-09-25 10:23:52'),(276,3,1,'2025-02-25',1,'准时起床','2025-09-25 10:23:52','2025-09-25 10:23:52'),(277,3,2,'2025-02-25',0,'今天没跑步','2025-09-25 10:23:52','2025-09-25 10:23:52'),(278,3,3,'2025-02-25',1,'阅读 30 页','2025-09-25 10:23:52','2025-09-25 10:23:52'),(279,1,4,'2025-02-25',1,'喝了 9 杯水','2025-09-25 10:23:52','2025-09-25 10:23:52'),(280,1,5,'2025-02-25',1,'写了 278 字日记','2025-09-25 10:23:52','2025-09-25 10:23:52'),(281,3,1,'2025-02-26',1,'准时起床','2025-09-25 10:23:52','2025-09-25 10:23:52'),(282,3,2,'2025-02-26',1,'3 公里跑步','2025-09-25 10:23:52','2025-09-25 10:23:52'),(283,3,3,'2025-02-26',0,'没读书','2025-09-25 10:23:52','2025-09-25 10:23:52'),(284,1,4,'2025-02-26',1,'喝了 8 杯水','2025-09-25 10:23:52','2025-09-25 10:23:52'),(285,1,5,'2025-02-26',1,'写了 207 字日记','2025-09-25 10:23:52','2025-09-25 10:23:52'),(286,3,1,'2025-02-27',1,'准时起床','2025-09-25 10:23:52','2025-09-25 10:23:52'),(287,3,2,'2025-02-27',1,'3 公里跑步','2025-09-25 10:23:52','2025-09-25 10:23:52'),(288,3,3,'2025-02-27',1,'阅读 25 页','2025-09-25 10:23:52','2025-09-25 10:23:52'),(289,1,4,'2025-02-27',1,'喝了 10 杯水','2025-09-25 10:23:52','2025-09-25 10:23:52'),(290,1,5,'2025-02-27',1,'写了 360 字日记','2025-09-25 10:23:52','2025-09-25 10:23:52'),(291,3,1,'2025-02-28',0,'睡过头了','2025-09-25 10:23:52','2025-09-25 10:23:52'),(292,3,2,'2025-02-28',0,'今天没跑步','2025-09-25 10:23:52','2025-09-25 10:23:52'),(293,3,3,'2025-02-28',0,'没读书','2025-09-25 10:23:52','2025-09-25 10:23:52'),(294,1,4,'2025-02-28',1,'喝了 8 杯水','2025-09-25 10:23:52','2025-09-25 10:23:52'),(295,1,5,'2025-02-28',1,'写了 286 字日记','2025-09-25 10:23:52','2025-09-25 10:23:52'),(296,3,1,'2025-03-01',1,'准时起床','2025-09-25 10:23:52','2025-09-25 10:23:52'),(297,3,2,'2025-03-01',0,'今天没跑步','2025-09-25 10:23:52','2025-09-25 10:23:52'),(298,3,3,'2025-03-01',0,'没读书','2025-09-25 10:23:52','2025-09-25 10:23:52'),(299,1,4,'2025-03-01',1,'喝了 9 杯水','2025-09-25 10:23:52','2025-09-25 10:23:52'),(300,1,5,'2025-03-01',0,'没写日记','2025-09-25 10:23:52','2025-09-25 10:23:52'),(301,3,1,'2025-03-02',1,'准时起床','2025-09-25 10:23:52','2025-09-25 10:23:52'),(302,3,2,'2025-03-02',1,'3 公里跑步','2025-09-25 10:23:52','2025-09-25 10:23:52'),(303,3,3,'2025-03-02',1,'阅读 26 页','2025-09-25 10:23:52','2025-09-25 10:23:52'),(304,1,4,'2025-03-02',1,'喝了 8 杯水','2025-09-25 10:23:52','2025-09-25 10:23:52'),(305,1,5,'2025-03-02',0,'没写日记','2025-09-25 10:23:52','2025-09-25 10:23:52'),(306,3,1,'2025-03-03',1,'准时起床','2025-09-25 10:23:52','2025-09-25 10:23:52'),(307,3,2,'2025-03-03',1,'6 公里跑步','2025-09-25 10:23:52','2025-09-25 10:23:52'),(308,3,3,'2025-03-03',1,'阅读 28 页','2025-09-25 10:23:52','2025-09-25 10:23:52'),(309,1,4,'2025-03-03',1,'喝了 9 杯水','2025-09-25 10:23:52','2025-09-25 10:23:52'),(310,1,5,'2025-03-03',0,'没写日记','2025-09-25 10:23:52','2025-09-25 10:23:52'),(311,3,1,'2025-03-04',1,'准时起床','2025-09-25 10:23:52','2025-09-25 10:23:52'),(312,3,2,'2025-03-04',0,'今天没跑步','2025-09-25 10:23:52','2025-09-25 10:23:52'),(313,3,3,'2025-03-04',1,'阅读 17 页','2025-09-25 10:23:52','2025-09-25 10:23:52'),(314,1,4,'2025-03-04',0,'只喝了 7 杯水','2025-09-25 10:23:52','2025-09-25 10:23:52'),(315,1,5,'2025-03-04',0,'没写日记','2025-09-25 10:23:52','2025-09-25 10:23:52'),(316,3,1,'2025-03-05',1,'准时起床','2025-09-25 10:23:52','2025-09-25 10:23:52'),(317,3,2,'2025-03-05',1,'3 公里跑步','2025-09-25 10:23:52','2025-09-25 10:23:52'),(318,3,3,'2025-03-05',1,'阅读 16 页','2025-09-25 10:23:52','2025-09-25 10:23:52'),(319,1,4,'2025-03-05',1,'喝了 8 杯水','2025-09-25 10:23:52','2025-09-25 10:23:52'),(320,1,5,'2025-03-05',1,'写了 225 字日记','2025-09-25 10:23:52','2025-09-25 10:23:52'),(321,3,1,'2025-03-06',1,'准时起床','2025-09-25 10:23:52','2025-09-25 10:23:52'),(322,3,2,'2025-03-06',1,'3 公里跑步','2025-09-25 10:23:52','2025-09-25 10:23:52'),(323,3,3,'2025-03-06',0,'没读书','2025-09-25 10:23:52','2025-09-25 10:23:52'),(324,1,4,'2025-03-06',1,'喝了 9 杯水','2025-09-25 10:23:52','2025-09-25 10:23:52'),(325,1,5,'2025-03-06',1,'写了 319 字日记','2025-09-25 10:23:52','2025-09-25 10:23:52'),(326,3,1,'2025-03-07',1,'准时起床','2025-09-25 10:23:52','2025-09-25 10:23:52'),(327,3,2,'2025-03-07',1,'5 公里跑步','2025-09-25 10:23:52','2025-09-25 10:23:52'),(328,3,3,'2025-03-07',1,'阅读 16 页','2025-09-25 10:23:52','2025-09-25 10:23:52'),(329,1,4,'2025-03-07',0,'只喝了 3 杯水','2025-09-25 10:23:52','2025-09-25 10:23:52'),(330,1,5,'2025-03-07',1,'写了 339 字日记','2025-09-25 10:23:52','2025-09-25 10:23:52'),(331,3,1,'2025-03-08',1,'准时起床','2025-09-25 10:23:52','2025-09-25 10:23:52'),(332,3,2,'2025-03-08',1,'3 公里跑步','2025-09-25 10:23:52','2025-09-25 10:23:52'),(333,3,3,'2025-03-08',1,'阅读 12 页','2025-09-25 10:23:52','2025-09-25 10:23:52'),(334,1,4,'2025-03-08',1,'喝了 9 杯水','2025-09-25 10:23:52','2025-09-25 10:23:52'),(335,1,5,'2025-03-08',0,'没写日记','2025-09-25 10:23:52','2025-09-25 10:23:52'),(336,3,1,'2025-03-09',1,'准时起床','2025-09-25 10:23:52','2025-09-25 10:23:52'),(337,3,2,'2025-03-09',1,'4 公里跑步','2025-09-25 10:23:52','2025-09-25 10:23:52'),(338,3,3,'2025-03-09',1,'阅读 15 页','2025-09-25 10:23:52','2025-09-25 10:23:52'),(339,1,4,'2025-03-09',1,'喝了 8 杯水','2025-09-25 10:23:52','2025-09-25 10:23:52'),(340,1,5,'2025-03-09',0,'没写日记','2025-09-25 10:23:52','2025-09-25 10:23:52'),(341,3,1,'2025-03-10',1,'准时起床','2025-09-25 10:23:52','2025-09-25 10:23:52'),(342,3,2,'2025-03-10',0,'今天没跑步','2025-09-25 10:23:52','2025-09-25 10:23:52'),(343,3,3,'2025-03-10',1,'阅读 24 页','2025-09-25 10:23:52','2025-09-25 10:23:52'),(344,1,4,'2025-03-10',1,'喝了 9 杯水','2025-09-25 10:23:52','2025-09-25 10:23:52'),(345,1,5,'2025-03-10',0,'没写日记','2025-09-25 10:23:52','2025-09-25 10:23:52'),(346,3,1,'2025-03-11',1,'准时起床','2025-09-25 10:23:52','2025-09-25 10:23:52'),(347,3,2,'2025-03-11',0,'今天没跑步','2025-09-25 10:23:52','2025-09-25 10:23:52'),(348,3,3,'2025-03-11',0,'没读书','2025-09-25 10:23:52','2025-09-25 10:23:52'),(349,1,4,'2025-03-11',1,'喝了 9 杯水','2025-09-25 10:23:52','2025-09-25 10:23:52'),(350,1,5,'2025-03-11',0,'没写日记','2025-09-25 10:23:52','2025-09-25 10:23:52'),(351,3,1,'2025-03-12',1,'准时起床','2025-09-25 10:23:52','2025-09-25 10:23:52'),(352,3,2,'2025-03-12',0,'今天没跑步','2025-09-25 10:23:52','2025-09-25 10:23:52'),(353,3,3,'2025-03-12',1,'阅读 19 页','2025-09-25 10:23:52','2025-09-25 10:23:52'),(354,1,4,'2025-03-12',1,'喝了 10 杯水','2025-09-25 10:23:52','2025-09-25 10:23:52'),(355,1,5,'2025-03-12',0,'没写日记','2025-09-25 10:23:52','2025-09-25 10:23:52'),(356,3,1,'2025-03-13',1,'准时起床','2025-09-25 10:23:52','2025-09-25 10:23:52'),(357,3,2,'2025-03-13',1,'3 公里跑步','2025-09-25 10:23:52','2025-09-25 10:23:52'),(358,3,3,'2025-03-13',1,'阅读 13 页','2025-09-25 10:23:52','2025-09-25 10:23:52'),(359,1,4,'2025-03-13',1,'喝了 10 杯水','2025-09-25 10:23:52','2025-09-25 10:23:52'),(360,1,5,'2025-03-13',1,'写了 301 字日记','2025-09-25 10:23:52','2025-09-25 10:23:52'),(361,3,1,'2025-03-14',1,'准时起床','2025-09-25 10:23:52','2025-09-25 10:23:52'),(362,3,2,'2025-03-14',1,'6 公里跑步','2025-09-25 10:23:52','2025-09-25 10:23:52'),(363,3,3,'2025-03-14',1,'阅读 24 页','2025-09-25 10:23:52','2025-09-25 10:23:52'),(364,1,4,'2025-03-14',0,'只喝了 5 杯水','2025-09-25 10:23:52','2025-09-25 10:23:52'),(365,1,5,'2025-03-14',0,'没写日记','2025-09-25 10:23:52','2025-09-25 10:23:52'),(366,3,1,'2025-03-15',0,'睡过头了','2025-09-25 10:23:52','2025-09-25 10:23:52'),(367,3,2,'2025-03-15',0,'今天没跑步','2025-09-25 10:23:52','2025-09-25 10:23:52'),(368,3,3,'2025-03-15',0,'没读书','2025-09-25 10:23:52','2025-09-25 10:23:52'),(369,1,4,'2025-03-15',0,'只喝了 7 杯水','2025-09-25 10:23:52','2025-09-25 10:23:52'),(370,1,5,'2025-03-15',1,'写了 275 字日记','2025-09-25 10:23:52','2025-09-25 10:23:52'),(371,3,1,'2025-03-16',1,'准时起床','2025-09-25 10:23:52','2025-09-25 10:23:52'),(372,3,2,'2025-03-16',0,'今天没跑步','2025-09-25 10:23:52','2025-09-25 10:23:52'),(373,3,3,'2025-03-16',1,'阅读 17 页','2025-09-25 10:23:52','2025-09-25 10:23:52'),(374,1,4,'2025-03-16',1,'喝了 10 杯水','2025-09-25 10:23:52','2025-09-25 10:23:52'),(375,1,5,'2025-03-16',0,'没写日记','2025-09-25 10:23:52','2025-09-25 10:23:52'),(376,3,1,'2025-03-17',1,'准时起床','2025-09-25 10:23:52','2025-09-25 10:23:52'),(377,3,2,'2025-03-17',1,'4 公里跑步','2025-09-25 10:23:52','2025-09-25 10:23:52'),(378,3,3,'2025-03-17',1,'阅读 12 页','2025-09-25 10:23:52','2025-09-25 10:23:52'),(379,1,4,'2025-03-17',1,'喝了 8 杯水','2025-09-25 10:23:52','2025-09-25 10:23:52'),(380,1,5,'2025-03-17',0,'没写日记','2025-09-25 10:23:52','2025-09-25 10:23:52'),(381,3,1,'2025-03-18',1,'准时起床','2025-09-25 10:23:52','2025-09-25 10:23:52'),(382,3,2,'2025-03-18',1,'6 公里跑步','2025-09-25 10:23:52','2025-09-25 10:23:52'),(383,3,3,'2025-03-18',1,'阅读 28 页','2025-09-25 10:23:52','2025-09-25 10:23:52'),(384,1,4,'2025-03-18',1,'喝了 10 杯水','2025-09-25 10:23:52','2025-09-25 10:23:52'),(385,1,5,'2025-03-18',0,'没写日记','2025-09-25 10:23:52','2025-09-25 10:23:52'),(386,3,1,'2025-03-19',1,'准时起床','2025-09-25 10:23:52','2025-09-25 10:23:52'),(387,3,2,'2025-03-19',0,'今天没跑步','2025-09-25 10:23:52','2025-09-25 10:23:52'),(388,3,3,'2025-03-19',1,'阅读 29 页','2025-09-25 10:23:52','2025-09-25 10:23:52'),(389,1,4,'2025-03-19',1,'喝了 9 杯水','2025-09-25 10:23:52','2025-09-25 10:23:52'),(390,1,5,'2025-03-19',0,'没写日记','2025-09-25 10:23:52','2025-09-25 10:23:52'),(391,3,1,'2025-03-20',1,'准时起床','2025-09-25 10:23:52','2025-09-25 10:23:52'),(392,3,2,'2025-03-20',0,'今天没跑步','2025-09-25 10:23:52','2025-09-25 10:23:52'),(393,3,3,'2025-03-20',1,'阅读 19 页','2025-09-25 10:23:52','2025-09-25 10:23:52'),(394,1,4,'2025-03-20',1,'喝了 8 杯水','2025-09-25 10:23:52','2025-09-25 10:23:52'),(395,1,5,'2025-03-20',0,'没写日记','2025-09-25 10:23:52','2025-09-25 10:23:52'),(396,3,1,'2025-03-21',1,'准时起床','2025-09-25 10:23:52','2025-09-25 10:23:52'),(397,3,2,'2025-03-21',0,'今天没跑步','2025-09-25 10:23:52','2025-09-25 10:23:52'),(398,3,3,'2025-03-21',1,'阅读 19 页','2025-09-25 10:23:52','2025-09-25 10:23:52'),(399,1,4,'2025-03-21',1,'喝了 8 杯水','2025-09-25 10:23:52','2025-09-25 10:23:52'),(400,1,5,'2025-03-21',1,'写了 224 字日记','2025-09-25 10:23:52','2025-09-25 10:23:52'),(401,3,1,'2025-03-22',1,'准时起床','2025-09-25 10:23:52','2025-09-25 10:23:52'),(402,3,2,'2025-03-22',0,'今天没跑步','2025-09-25 10:23:52','2025-09-25 10:23:52'),(403,3,3,'2025-03-22',1,'阅读 25 页','2025-09-25 10:23:52','2025-09-25 10:23:52'),(404,1,4,'2025-03-22',1,'喝了 10 杯水','2025-09-25 10:23:52','2025-09-25 10:23:52'),(405,1,5,'2025-03-22',1,'写了 252 字日记','2025-09-25 10:23:52','2025-09-25 10:23:52'),(406,3,1,'2025-03-23',1,'准时起床','2025-09-25 10:23:52','2025-09-25 10:23:52'),(407,3,2,'2025-03-23',1,'6 公里跑步','2025-09-25 10:23:52','2025-09-25 10:23:52'),(408,3,3,'2025-03-23',1,'阅读 19 页','2025-09-25 10:23:52','2025-09-25 10:23:52'),(409,1,4,'2025-03-23',1,'喝了 9 杯水','2025-09-25 10:23:52','2025-09-25 10:23:52'),(410,1,5,'2025-03-23',0,'没写日记','2025-09-25 10:23:52','2025-09-25 10:23:52'),(411,3,1,'2025-03-24',1,'准时起床','2025-09-25 10:23:52','2025-09-25 10:23:52'),(412,3,2,'2025-03-24',0,'今天没跑步','2025-09-25 10:23:52','2025-09-25 10:23:52'),(413,3,3,'2025-03-24',0,'没读书','2025-09-25 10:23:52','2025-09-25 10:23:52'),(414,1,4,'2025-03-24',1,'喝了 8 杯水','2025-09-25 10:23:52','2025-09-25 10:23:52'),(415,1,5,'2025-03-24',1,'写了 323 字日记','2025-09-25 10:23:52','2025-09-25 10:23:52'),(416,3,1,'2025-03-25',1,'准时起床','2025-09-25 10:23:52','2025-09-25 10:23:52'),(417,3,2,'2025-03-25',0,'今天没跑步','2025-09-25 10:23:52','2025-09-25 10:23:52'),(418,3,3,'2025-03-25',1,'阅读 11 页','2025-09-25 10:23:52','2025-09-25 10:23:52'),(419,1,4,'2025-03-25',1,'喝了 8 杯水','2025-09-25 10:23:52','2025-09-25 10:23:52'),(420,1,5,'2025-03-25',0,'没写日记','2025-09-25 10:23:52','2025-09-25 10:23:52'),(421,3,1,'2025-03-26',1,'准时起床','2025-09-25 10:23:52','2025-09-25 10:23:52'),(422,3,2,'2025-03-26',1,'3 公里跑步','2025-09-25 10:23:52','2025-09-25 10:23:52'),(423,3,3,'2025-03-26',1,'阅读 11 页','2025-09-25 10:23:52','2025-09-25 10:23:52'),(424,1,4,'2025-03-26',1,'喝了 10 杯水','2025-09-25 10:23:52','2025-09-25 10:23:52'),(425,1,5,'2025-03-26',1,'写了 313 字日记','2025-09-25 10:23:52','2025-09-25 10:23:52'),(426,3,1,'2025-03-27',1,'准时起床','2025-09-25 10:23:52','2025-09-25 10:23:52'),(427,3,2,'2025-03-27',1,'3 公里跑步','2025-09-25 10:23:52','2025-09-25 10:23:52'),(428,3,3,'2025-03-27',1,'阅读 13 页','2025-09-25 10:23:52','2025-09-25 10:23:52'),(429,1,4,'2025-03-27',1,'喝了 8 杯水','2025-09-25 10:23:52','2025-09-25 10:23:52'),(430,1,5,'2025-03-27',0,'没写日记','2025-09-25 10:23:52','2025-09-25 10:23:52'),(431,3,1,'2025-03-28',0,'睡过头了','2025-09-25 10:23:52','2025-09-25 10:23:52'),(432,3,2,'2025-03-28',0,'今天没跑步','2025-09-25 10:23:52','2025-09-25 10:23:52'),(433,3,3,'2025-03-28',1,'阅读 25 页','2025-09-25 10:23:52','2025-09-25 10:23:52'),(434,1,4,'2025-03-28',1,'喝了 10 杯水','2025-09-25 10:23:52','2025-09-25 10:23:52'),(435,1,5,'2025-03-28',0,'没写日记','2025-09-25 10:23:52','2025-09-25 10:23:52'),(436,3,1,'2025-03-29',1,'准时起床','2025-09-25 10:23:52','2025-09-25 10:23:52'),(437,3,2,'2025-03-29',0,'今天没跑步','2025-09-25 10:23:52','2025-09-25 10:23:52'),(438,3,3,'2025-03-29',1,'阅读 10 页','2025-09-25 10:23:52','2025-09-25 10:23:52'),(439,1,4,'2025-03-29',1,'喝了 9 杯水','2025-09-25 10:23:52','2025-09-25 10:23:52'),(440,1,5,'2025-03-29',0,'没写日记','2025-09-25 10:23:52','2025-09-25 10:23:52'),(441,3,1,'2025-03-30',1,'准时起床','2025-09-25 10:23:52','2025-09-25 10:23:52'),(442,3,2,'2025-03-30',0,'今天没跑步','2025-09-25 10:23:52','2025-09-25 10:23:52'),(443,3,3,'2025-03-30',1,'阅读 21 页','2025-09-25 10:23:52','2025-09-25 10:23:52'),(444,1,4,'2025-03-30',1,'喝了 8 杯水','2025-09-25 10:23:52','2025-09-25 10:23:52'),(445,1,5,'2025-03-30',1,'写了 347 字日记','2025-09-25 10:23:52','2025-09-25 10:23:52'),(446,3,1,'2025-03-31',1,'准时起床','2025-09-25 10:23:52','2025-09-25 10:23:52'),(447,3,2,'2025-03-31',1,'5 公里跑步','2025-09-25 10:23:52','2025-09-25 10:23:52'),(448,3,3,'2025-03-31',1,'阅读 21 页','2025-09-25 10:23:52','2025-09-25 10:23:52'),(449,1,4,'2025-03-31',1,'喝了 9 杯水','2025-09-25 10:23:52','2025-09-25 10:23:52'),(450,1,5,'2025-03-31',0,'没写日记','2025-09-25 10:23:52','2025-09-25 10:23:52'),(451,3,1,'2025-04-01',1,'准时起床','2025-09-25 10:23:52','2025-09-25 10:23:52'),(452,3,2,'2025-04-01',1,'5 公里跑步','2025-09-25 10:23:52','2025-09-25 10:23:52'),(453,3,3,'2025-04-01',1,'阅读 22 页','2025-09-25 10:23:52','2025-09-25 10:23:52'),(454,1,4,'2025-04-01',1,'喝了 10 杯水','2025-09-25 10:23:52','2025-09-25 10:23:52'),(455,1,5,'2025-04-01',0,'没写日记','2025-09-25 10:23:52','2025-09-25 10:23:52'),(456,3,1,'2025-04-02',1,'准时起床','2025-09-25 10:23:52','2025-09-25 10:23:52'),(457,3,2,'2025-04-02',1,'3 公里跑步','2025-09-25 10:23:52','2025-09-25 10:23:52'),(458,3,3,'2025-04-02',1,'阅读 10 页','2025-09-25 10:23:52','2025-09-25 10:23:52'),(459,1,4,'2025-04-02',1,'喝了 8 杯水','2025-09-25 10:23:52','2025-09-25 10:23:52'),(460,1,5,'2025-04-02',1,'写了 377 字日记','2025-09-25 10:23:52','2025-09-25 10:23:52'),(461,3,1,'2025-04-03',1,'准时起床','2025-09-25 10:23:52','2025-09-25 10:23:52'),(462,3,2,'2025-04-03',0,'今天没跑步','2025-09-25 10:23:52','2025-09-25 10:23:52'),(463,3,3,'2025-04-03',1,'阅读 28 页','2025-09-25 10:23:52','2025-09-25 10:23:52'),(464,1,4,'2025-04-03',1,'喝了 9 杯水','2025-09-25 10:23:52','2025-09-25 10:23:52'),(465,1,5,'2025-04-03',1,'写了 236 字日记','2025-09-25 10:23:52','2025-09-25 10:23:52'),(466,3,1,'2025-04-04',1,'准时起床','2025-09-25 10:23:52','2025-09-25 10:23:52'),(467,3,2,'2025-04-04',1,'3 公里跑步','2025-09-25 10:23:52','2025-09-25 10:23:52'),(468,3,3,'2025-04-04',1,'阅读 27 页','2025-09-25 10:23:52','2025-09-25 10:23:52'),(469,1,4,'2025-04-04',1,'喝了 9 杯水','2025-09-25 10:23:52','2025-09-25 10:23:52'),(470,1,5,'2025-04-04',0,'没写日记','2025-09-25 10:23:52','2025-09-25 10:23:52'),(471,3,1,'2025-04-05',1,'准时起床','2025-09-25 10:23:52','2025-09-25 10:23:52'),(472,3,2,'2025-04-05',0,'今天没跑步','2025-09-25 10:23:52','2025-09-25 10:23:52'),(473,3,3,'2025-04-05',0,'没读书','2025-09-25 10:23:52','2025-09-25 10:23:52'),(474,1,4,'2025-04-05',0,'只喝了 6 杯水','2025-09-25 10:23:52','2025-09-25 10:23:52'),(475,1,5,'2025-04-05',0,'没写日记','2025-09-25 10:23:52','2025-09-25 10:23:52'),(476,3,1,'2025-04-06',1,'准时起床','2025-09-25 10:23:52','2025-09-25 10:23:52'),(477,3,2,'2025-04-06',0,'今天没跑步','2025-09-25 10:23:52','2025-09-25 10:23:52'),(478,3,3,'2025-04-06',1,'阅读 14 页','2025-09-25 10:23:52','2025-09-25 10:23:52'),(479,1,4,'2025-04-06',1,'喝了 9 杯水','2025-09-25 10:23:52','2025-09-25 10:23:52'),(480,1,5,'2025-04-06',0,'没写日记','2025-09-25 10:23:52','2025-09-25 10:23:52'),(481,3,1,'2025-04-07',1,'准时起床','2025-09-25 10:23:52','2025-09-25 10:23:52'),(482,3,2,'2025-04-07',0,'今天没跑步','2025-09-25 10:23:52','2025-09-25 10:23:52'),(483,3,3,'2025-04-07',0,'没读书','2025-09-25 10:23:52','2025-09-25 10:23:52'),(484,1,4,'2025-04-07',1,'喝了 10 杯水','2025-09-25 10:23:52','2025-09-25 10:23:52'),(485,1,5,'2025-04-07',1,'写了 382 字日记','2025-09-25 10:23:52','2025-09-25 10:23:52'),(486,3,1,'2025-04-08',1,'准时起床','2025-09-25 10:23:52','2025-09-25 10:23:52'),(487,3,2,'2025-04-08',0,'今天没跑步','2025-09-25 10:23:52','2025-09-25 10:23:52'),(488,3,3,'2025-04-08',1,'阅读 22 页','2025-09-25 10:23:52','2025-09-25 10:23:52'),(489,1,4,'2025-04-08',1,'喝了 9 杯水','2025-09-25 10:23:52','2025-09-25 10:23:52'),(490,1,5,'2025-04-08',0,'没写日记','2025-09-25 10:23:52','2025-09-25 10:23:52'),(491,3,1,'2025-04-09',1,'准时起床','2025-09-25 10:23:52','2025-09-25 10:23:52'),(492,3,2,'2025-04-09',1,'5 公里跑步','2025-09-25 10:23:52','2025-09-25 10:23:52'),(493,3,3,'2025-04-09',1,'阅读 26 页','2025-09-25 10:23:52','2025-09-25 10:23:52'),(494,1,4,'2025-04-09',1,'喝了 9 杯水','2025-09-25 10:23:52','2025-09-25 10:23:52'),(495,1,5,'2025-04-09',0,'没写日记','2025-09-25 10:23:52','2025-09-25 10:23:52'),(496,3,1,'2025-04-10',1,'准时起床','2025-09-25 10:23:52','2025-09-25 10:23:52'),(497,3,2,'2025-04-10',0,'今天没跑步','2025-09-25 10:23:52','2025-09-25 10:23:52'),(498,3,3,'2025-04-10',1,'阅读 18 页','2025-09-25 10:23:52','2025-09-25 10:23:52'),(499,1,4,'2025-04-10',1,'喝了 8 杯水','2025-09-25 10:23:52','2025-09-25 10:23:52'),(500,1,5,'2025-04-10',0,'没写日记','2025-09-25 10:23:52','2025-09-25 10:23:52'),(501,3,1,'2025-04-11',0,'睡过头了','2025-09-25 10:23:52','2025-09-25 10:23:52'),(502,3,2,'2025-04-11',0,'今天没跑步','2025-09-25 10:23:52','2025-09-25 10:23:52'),(503,3,3,'2025-04-11',1,'阅读 30 页','2025-09-25 10:23:52','2025-09-25 10:23:52'),(504,1,4,'2025-04-11',1,'喝了 9 杯水','2025-09-25 10:23:52','2025-09-25 10:23:52'),(505,1,5,'2025-04-11',1,'写了 287 字日记','2025-09-25 10:23:52','2025-09-25 10:23:52'),(506,3,1,'2025-04-12',1,'准时起床','2025-09-25 10:23:52','2025-09-25 10:23:52'),(507,3,2,'2025-04-12',0,'今天没跑步','2025-09-25 10:23:52','2025-09-25 10:23:52'),(508,3,3,'2025-04-12',0,'没读书','2025-09-25 10:23:52','2025-09-25 10:23:52'),(509,1,4,'2025-04-12',0,'只喝了 3 杯水','2025-09-25 10:23:52','2025-09-25 10:23:52'),(510,1,5,'2025-04-12',0,'没写日记','2025-09-25 10:23:52','2025-09-25 10:23:52'),(511,3,1,'2025-04-13',0,'睡过头了','2025-09-25 10:23:52','2025-09-25 10:23:52'),(512,3,2,'2025-04-13',0,'今天没跑步','2025-09-25 10:23:52','2025-09-25 10:23:52'),(513,3,3,'2025-04-13',1,'阅读 22 页','2025-09-25 10:23:52','2025-09-25 10:23:52'),(514,1,4,'2025-04-13',1,'喝了 10 杯水','2025-09-25 10:23:52','2025-09-25 10:23:52'),(515,1,5,'2025-04-13',1,'写了 322 字日记','2025-09-25 10:23:52','2025-09-25 10:23:52'),(516,3,1,'2025-04-14',1,'准时起床','2025-09-25 10:23:52','2025-09-25 10:23:52'),(517,3,2,'2025-04-14',1,'4 公里跑步','2025-09-25 10:23:52','2025-09-25 10:23:52'),(518,3,3,'2025-04-14',1,'阅读 16 页','2025-09-25 10:23:52','2025-09-25 10:23:52'),(519,1,4,'2025-04-14',0,'只喝了 6 杯水','2025-09-25 10:23:52','2025-09-25 10:23:52'),(520,1,5,'2025-04-14',1,'写了 327 字日记','2025-09-25 10:23:52','2025-09-25 10:23:52'),(521,3,1,'2025-04-15',1,'准时起床','2025-09-25 10:23:52','2025-09-25 10:23:52'),(522,3,2,'2025-04-15',0,'今天没跑步','2025-09-25 10:23:52','2025-09-25 10:23:52'),(523,3,3,'2025-04-15',1,'阅读 13 页','2025-09-25 10:23:52','2025-09-25 10:23:52'),(524,1,4,'2025-04-15',1,'喝了 8 杯水','2025-09-25 10:23:52','2025-09-25 10:23:52'),(525,1,5,'2025-04-15',0,'没写日记','2025-09-25 10:23:52','2025-09-25 10:23:52'),(526,3,1,'2025-04-16',0,'睡过头了','2025-09-25 10:23:52','2025-09-25 10:23:52'),(527,3,2,'2025-04-16',1,'3 公里跑步','2025-09-25 10:23:52','2025-09-25 10:23:52'),(528,3,3,'2025-04-16',0,'没读书','2025-09-25 10:23:52','2025-09-25 10:23:52'),(529,1,4,'2025-04-16',1,'喝了 9 杯水','2025-09-25 10:23:52','2025-09-25 10:23:52'),(530,1,5,'2025-04-16',1,'写了 350 字日记','2025-09-25 10:23:52','2025-09-25 10:23:52'),(531,3,1,'2025-04-17',1,'准时起床','2025-09-25 10:23:52','2025-09-25 10:23:52'),(532,3,2,'2025-04-17',1,'3 公里跑步','2025-09-25 10:23:52','2025-09-25 10:23:52'),(533,3,3,'2025-04-17',1,'阅读 28 页','2025-09-25 10:23:52','2025-09-25 10:23:52'),(534,1,4,'2025-04-17',1,'喝了 9 杯水','2025-09-25 10:23:52','2025-09-25 10:23:52'),(535,1,5,'2025-04-17',1,'写了 301 字日记','2025-09-25 10:23:52','2025-09-25 10:23:52'),(536,3,1,'2025-04-18',1,'准时起床','2025-09-25 10:23:52','2025-09-25 10:23:52'),(537,3,2,'2025-04-18',1,'3 公里跑步','2025-09-25 10:23:52','2025-09-25 10:23:52'),(538,3,3,'2025-04-18',0,'没读书','2025-09-25 10:23:52','2025-09-25 10:23:52'),(539,1,4,'2025-04-18',1,'喝了 8 杯水','2025-09-25 10:23:52','2025-09-25 10:23:52'),(540,1,5,'2025-04-18',1,'写了 229 字日记','2025-09-25 10:23:52','2025-09-25 10:23:52'),(541,3,1,'2025-04-19',1,'准时起床','2025-09-25 10:23:52','2025-09-25 10:23:52'),(542,3,2,'2025-04-19',0,'今天没跑步','2025-09-25 10:23:52','2025-09-25 10:23:52'),(543,3,3,'2025-04-19',1,'阅读 10 页','2025-09-25 10:23:52','2025-09-25 10:23:52'),(544,1,4,'2025-04-19',1,'喝了 8 杯水','2025-09-25 10:23:52','2025-09-25 10:23:52'),(545,1,5,'2025-04-19',1,'写了 224 字日记','2025-09-25 10:23:52','2025-09-25 10:23:52'),(546,3,1,'2025-04-20',1,'准时起床','2025-09-25 10:23:52','2025-09-25 10:23:52'),(547,3,2,'2025-04-20',0,'今天没跑步','2025-09-25 10:23:52','2025-09-25 10:23:52'),(548,3,3,'2025-04-20',0,'没读书','2025-09-25 10:23:52','2025-09-25 10:23:52'),(549,1,4,'2025-04-20',1,'喝了 10 杯水','2025-09-25 10:23:52','2025-09-25 10:23:52'),(550,1,5,'2025-04-20',0,'没写日记','2025-09-25 10:23:52','2025-09-25 10:23:52'),(551,3,1,'2025-04-21',1,'准时起床','2025-09-25 10:23:52','2025-09-25 10:23:52'),(552,3,2,'2025-04-21',0,'今天没跑步','2025-09-25 10:23:52','2025-09-25 10:23:52'),(553,3,3,'2025-04-21',0,'没读书','2025-09-25 10:23:52','2025-09-25 10:23:52'),(554,1,4,'2025-04-21',1,'喝了 9 杯水','2025-09-25 10:23:52','2025-09-25 10:23:52'),(555,1,5,'2025-04-21',0,'没写日记','2025-09-25 10:23:52','2025-09-25 10:23:52'),(556,3,1,'2025-04-22',1,'准时起床','2025-09-25 10:23:52','2025-09-25 10:23:52'),(557,3,2,'2025-04-22',0,'今天没跑步','2025-09-25 10:23:52','2025-09-25 10:23:52'),(558,3,3,'2025-04-22',1,'阅读 12 页','2025-09-25 10:23:52','2025-09-25 10:23:52'),(559,1,4,'2025-04-22',0,'只喝了 7 杯水','2025-09-25 10:23:52','2025-09-25 10:23:52'),(560,1,5,'2025-04-22',1,'写了 282 字日记','2025-09-25 10:23:52','2025-09-25 10:23:52'),(561,3,1,'2025-04-23',1,'准时起床','2025-09-25 10:23:52','2025-09-25 10:23:52'),(562,3,2,'2025-04-23',0,'今天没跑步','2025-09-25 10:23:52','2025-09-25 10:23:52'),(563,3,3,'2025-04-23',1,'阅读 26 页','2025-09-25 10:23:52','2025-09-25 10:23:52'),(564,1,4,'2025-04-23',1,'喝了 8 杯水','2025-09-25 10:23:52','2025-09-25 10:23:52'),(565,1,5,'2025-04-23',1,'写了 300 字日记','2025-09-25 10:23:52','2025-09-25 10:23:52'),(566,3,1,'2025-04-24',1,'准时起床','2025-09-25 10:23:52','2025-09-25 10:23:52'),(567,3,2,'2025-04-24',1,'4 公里跑步','2025-09-25 10:23:52','2025-09-25 10:23:52'),(568,3,3,'2025-04-24',0,'没读书','2025-09-25 10:23:52','2025-09-25 10:23:52'),(569,1,4,'2025-04-24',1,'喝了 10 杯水','2025-09-25 10:23:52','2025-09-25 10:23:52'),(570,1,5,'2025-04-24',0,'没写日记','2025-09-25 10:23:52','2025-09-25 10:23:52'),(571,3,1,'2025-04-25',1,'准时起床','2025-09-25 10:23:52','2025-09-25 10:23:52'),(572,3,2,'2025-04-25',0,'今天没跑步','2025-09-25 10:23:52','2025-09-25 10:23:52'),(573,3,3,'2025-04-25',1,'阅读 20 页','2025-09-25 10:23:52','2025-09-25 10:23:52'),(574,1,4,'2025-04-25',1,'喝了 9 杯水','2025-09-25 10:23:52','2025-09-25 10:23:52'),(575,1,5,'2025-04-25',0,'没写日记','2025-09-25 10:23:52','2025-09-25 10:23:52'),(576,3,1,'2025-04-26',1,'准时起床','2025-09-25 10:23:52','2025-09-25 10:23:52'),(577,3,2,'2025-04-26',1,'4 公里跑步','2025-09-25 10:23:52','2025-09-25 10:23:52'),(578,3,3,'2025-04-26',1,'阅读 11 页','2025-09-25 10:23:52','2025-09-25 10:23:52'),(579,1,4,'2025-04-26',1,'喝了 9 杯水','2025-09-25 10:23:52','2025-09-25 10:23:52'),(580,1,5,'2025-04-26',0,'没写日记','2025-09-25 10:23:52','2025-09-25 10:23:52'),(581,3,1,'2025-04-27',1,'准时起床','2025-09-25 10:23:52','2025-09-25 10:23:52'),(582,3,2,'2025-04-27',1,'4 公里跑步','2025-09-25 10:23:52','2025-09-25 10:23:52'),(583,3,3,'2025-04-27',0,'没读书','2025-09-25 10:23:52','2025-09-25 10:23:52'),(584,1,4,'2025-04-27',1,'喝了 8 杯水','2025-09-25 10:23:52','2025-09-25 10:23:52'),(585,1,5,'2025-04-27',1,'写了 330 字日记','2025-09-25 10:23:52','2025-09-25 10:23:52'),(586,3,1,'2025-04-28',0,'睡过头了','2025-09-25 10:23:52','2025-09-25 10:23:52'),(587,3,2,'2025-04-28',0,'今天没跑步','2025-09-25 10:23:52','2025-09-25 10:23:52'),(588,3,3,'2025-04-28',1,'阅读 14 页','2025-09-25 10:23:52','2025-09-25 10:23:52'),(589,1,4,'2025-04-28',1,'喝了 9 杯水','2025-09-25 10:23:52','2025-09-25 10:23:52'),(590,1,5,'2025-04-28',0,'没写日记','2025-09-25 10:23:52','2025-09-25 10:23:52'),(591,3,1,'2025-04-29',1,'准时起床','2025-09-25 10:23:52','2025-09-25 10:23:52'),(592,3,2,'2025-04-29',1,'6 公里跑步','2025-09-25 10:23:52','2025-09-25 10:23:52'),(593,3,3,'2025-04-29',1,'阅读 17 页','2025-09-25 10:23:52','2025-09-25 10:23:52'),(594,1,4,'2025-04-29',1,'喝了 10 杯水','2025-09-25 10:23:52','2025-09-25 10:23:52'),(595,1,5,'2025-04-29',1,'写了 271 字日记','2025-09-25 10:23:52','2025-09-25 10:23:52'),(596,3,1,'2025-04-30',1,'准时起床','2025-09-25 10:23:52','2025-09-25 10:23:52'),(597,3,2,'2025-04-30',0,'今天没跑步','2025-09-25 10:23:52','2025-09-25 10:23:52'),(598,3,3,'2025-04-30',1,'阅读 20 页','2025-09-25 10:23:52','2025-09-25 10:23:52'),(599,1,4,'2025-04-30',1,'喝了 10 杯水','2025-09-25 10:23:52','2025-09-25 10:23:52'),(600,1,5,'2025-04-30',1,'写了 218 字日记','2025-09-25 10:23:52','2025-09-25 10:23:52'),(601,3,1,'2025-05-01',1,'准时起床','2025-09-25 10:23:52','2025-09-25 10:23:52'),(602,3,2,'2025-05-01',1,'5 公里跑步','2025-09-25 10:23:52','2025-09-25 10:23:52'),(603,3,3,'2025-05-01',0,'没读书','2025-09-25 10:23:52','2025-09-25 10:23:52'),(604,1,4,'2025-05-01',1,'喝了 8 杯水','2025-09-25 10:23:52','2025-09-25 10:23:52'),(605,1,5,'2025-05-01',0,'没写日记','2025-09-25 10:23:52','2025-09-25 10:23:52'),(606,3,1,'2025-05-02',1,'准时起床','2025-09-25 10:23:52','2025-09-25 10:23:52'),(607,3,2,'2025-05-02',1,'5 公里跑步','2025-09-25 10:23:52','2025-09-25 10:23:52'),(608,3,3,'2025-05-02',1,'阅读 24 页','2025-09-25 10:23:52','2025-09-25 10:23:52'),(609,1,4,'2025-05-02',0,'只喝了 4 杯水','2025-09-25 10:23:52','2025-09-25 10:23:52'),(610,1,5,'2025-05-02',0,'没写日记','2025-09-25 10:23:52','2025-09-25 10:23:52'),(611,3,1,'2025-05-03',1,'准时起床','2025-09-25 10:23:52','2025-09-25 10:23:52'),(612,3,2,'2025-05-03',0,'今天没跑步','2025-09-25 10:23:52','2025-09-25 10:23:52'),(613,3,3,'2025-05-03',0,'没读书','2025-09-25 10:23:52','2025-09-25 10:23:52'),(614,1,4,'2025-05-03',1,'喝了 9 杯水','2025-09-25 10:23:52','2025-09-25 10:23:52'),(615,1,5,'2025-05-03',1,'写了 237 字日记','2025-09-25 10:23:52','2025-09-25 10:23:52'),(616,3,1,'2025-05-04',1,'准时起床','2025-09-25 10:23:52','2025-09-25 10:23:52'),(617,3,2,'2025-05-04',1,'6 公里跑步','2025-09-25 10:23:52','2025-09-25 10:23:52'),(618,3,3,'2025-05-04',0,'没读书','2025-09-25 10:23:52','2025-09-25 10:23:52'),(619,1,4,'2025-05-04',1,'喝了 10 杯水','2025-09-25 10:23:52','2025-09-25 10:23:52'),(620,1,5,'2025-05-04',0,'没写日记','2025-09-25 10:23:52','2025-09-25 10:23:52'),(621,3,1,'2025-05-05',1,'准时起床','2025-09-25 10:23:52','2025-09-25 10:23:52'),(622,3,2,'2025-05-05',1,'4 公里跑步','2025-09-25 10:23:52','2025-09-25 10:23:52'),(623,3,3,'2025-05-05',1,'阅读 12 页','2025-09-25 10:23:52','2025-09-25 10:23:52'),(624,1,4,'2025-05-05',1,'喝了 9 杯水','2025-09-25 10:23:52','2025-09-25 10:23:52'),(625,1,5,'2025-05-05',0,'没写日记','2025-09-25 10:23:52','2025-09-25 10:23:52'),(626,3,1,'2025-05-06',1,'准时起床','2025-09-25 10:23:52','2025-09-25 10:23:52'),(627,3,2,'2025-05-06',0,'今天没跑步','2025-09-25 10:23:52','2025-09-25 10:23:52'),(628,3,3,'2025-05-06',1,'阅读 24 页','2025-09-25 10:23:52','2025-09-25 10:23:52'),(629,1,4,'2025-05-06',1,'喝了 9 杯水','2025-09-25 10:23:52','2025-09-25 10:23:52'),(630,1,5,'2025-05-06',0,'没写日记','2025-09-25 10:23:52','2025-09-25 10:23:52'),(631,3,1,'2025-05-07',1,'准时起床','2025-09-25 10:23:52','2025-09-25 10:23:52'),(632,3,2,'2025-05-07',0,'今天没跑步','2025-09-25 10:23:52','2025-09-25 10:23:52'),(633,3,3,'2025-05-07',1,'阅读 26 页','2025-09-25 10:23:52','2025-09-25 10:23:52'),(634,1,4,'2025-05-07',1,'喝了 9 杯水','2025-09-25 10:23:52','2025-09-25 10:23:52'),(635,1,5,'2025-05-07',1,'写了 329 字日记','2025-09-25 10:23:52','2025-09-25 10:23:52'),(636,3,1,'2025-05-08',1,'准时起床','2025-09-25 10:23:52','2025-09-25 10:23:52'),(637,3,2,'2025-05-08',1,'4 公里跑步','2025-09-25 10:23:52','2025-09-25 10:23:52'),(638,3,3,'2025-05-08',0,'没读书','2025-09-25 10:23:52','2025-09-25 10:23:52'),(639,1,4,'2025-05-08',1,'喝了 9 杯水','2025-09-25 10:23:52','2025-09-25 10:23:52'),(640,1,5,'2025-05-08',1,'写了 288 字日记','2025-09-25 10:23:52','2025-09-25 10:23:52'),(641,3,1,'2025-05-09',1,'准时起床','2025-09-25 10:23:52','2025-09-25 10:23:52'),(642,3,2,'2025-05-09',1,'5 公里跑步','2025-09-25 10:23:52','2025-09-25 10:23:52'),(643,3,3,'2025-05-09',1,'阅读 27 页','2025-09-25 10:23:52','2025-09-25 10:23:52'),(644,1,4,'2025-05-09',0,'只喝了 5 杯水','2025-09-25 10:23:52','2025-09-25 10:23:52'),(645,1,5,'2025-05-09',0,'没写日记','2025-09-25 10:23:52','2025-09-25 10:23:52'),(646,3,1,'2025-05-10',1,'准时起床','2025-09-25 10:23:52','2025-09-25 10:23:52'),(647,3,2,'2025-05-10',0,'今天没跑步','2025-09-25 10:23:52','2025-09-25 10:23:52'),(648,3,3,'2025-05-10',1,'阅读 25 页','2025-09-25 10:23:52','2025-09-25 10:23:52'),(649,1,4,'2025-05-10',1,'喝了 8 杯水','2025-09-25 10:23:52','2025-09-25 10:23:52'),(650,1,5,'2025-05-10',0,'没写日记','2025-09-25 10:23:52','2025-09-25 10:23:52'),(651,3,1,'2025-05-11',1,'准时起床','2025-09-25 10:23:52','2025-09-25 10:23:52'),(652,3,2,'2025-05-11',1,'4 公里跑步','2025-09-25 10:23:52','2025-09-25 10:23:52'),(653,3,3,'2025-05-11',1,'阅读 27 页','2025-09-25 10:23:52','2025-09-25 10:23:52'),(654,1,4,'2025-05-11',1,'喝了 10 杯水','2025-09-25 10:23:52','2025-09-25 10:23:52'),(655,1,5,'2025-05-11',1,'写了 344 字日记','2025-09-25 10:23:52','2025-09-25 10:23:52'),(656,3,1,'2025-05-12',1,'准时起床','2025-09-25 10:23:52','2025-09-25 10:23:52'),(657,3,2,'2025-05-12',1,'6 公里跑步','2025-09-25 10:23:52','2025-09-25 10:23:52'),(658,3,3,'2025-05-12',1,'阅读 10 页','2025-09-25 10:23:52','2025-09-25 10:23:52'),(659,1,4,'2025-05-12',1,'喝了 10 杯水','2025-09-25 10:23:52','2025-09-25 10:23:52'),(660,1,5,'2025-05-12',1,'写了 240 字日记','2025-09-25 10:23:52','2025-09-25 10:23:52'),(661,3,1,'2025-05-13',1,'准时起床','2025-09-25 10:23:52','2025-09-25 10:23:52'),(662,3,2,'2025-05-13',0,'今天没跑步','2025-09-25 10:23:52','2025-09-25 10:23:52'),(663,3,3,'2025-05-13',0,'没读书','2025-09-25 10:23:52','2025-09-25 10:23:52'),(664,1,4,'2025-05-13',1,'喝了 8 杯水','2025-09-25 10:23:52','2025-09-25 10:23:52'),(665,1,5,'2025-05-13',0,'没写日记','2025-09-25 10:23:52','2025-09-25 10:23:52'),(666,3,1,'2025-05-14',1,'准时起床','2025-09-25 10:23:52','2025-09-25 10:23:52'),(667,3,2,'2025-05-14',0,'今天没跑步','2025-09-25 10:23:52','2025-09-25 10:23:52'),(668,3,3,'2025-05-14',1,'阅读 19 页','2025-09-25 10:23:52','2025-09-25 10:23:52'),(669,1,4,'2025-05-14',1,'喝了 10 杯水','2025-09-25 10:23:52','2025-09-25 10:23:52'),(670,1,5,'2025-05-14',0,'没写日记','2025-09-25 10:23:52','2025-09-25 10:23:52'),(671,3,1,'2025-05-15',1,'准时起床','2025-09-25 10:23:52','2025-09-25 10:23:52'),(672,3,2,'2025-05-15',1,'5 公里跑步','2025-09-25 10:23:52','2025-09-25 10:23:52'),(673,3,3,'2025-05-15',0,'没读书','2025-09-25 10:23:52','2025-09-25 10:23:52'),(674,1,4,'2025-05-15',1,'喝了 8 杯水','2025-09-25 10:23:52','2025-09-25 10:23:52'),(675,1,5,'2025-05-15',0,'没写日记','2025-09-25 10:23:52','2025-09-25 10:23:52'),(676,3,1,'2025-05-16',1,'准时起床','2025-09-25 10:23:52','2025-09-25 10:23:52'),(677,3,2,'2025-05-16',0,'今天没跑步','2025-09-25 10:23:52','2025-09-25 10:23:52'),(678,3,3,'2025-05-16',0,'没读书','2025-09-25 10:23:52','2025-09-25 10:23:52'),(679,1,4,'2025-05-16',1,'喝了 8 杯水','2025-09-25 10:23:52','2025-09-25 10:23:52'),(680,1,5,'2025-05-16',1,'写了 284 字日记','2025-09-25 10:23:52','2025-09-25 10:23:52'),(681,3,1,'2025-05-17',1,'准时起床','2025-09-25 10:23:52','2025-09-25 10:23:52'),(682,3,2,'2025-05-17',1,'4 公里跑步','2025-09-25 10:23:52','2025-09-25 10:23:52'),(683,3,3,'2025-05-17',0,'没读书','2025-09-25 10:23:52','2025-09-25 10:23:52'),(684,1,4,'2025-05-17',1,'喝了 8 杯水','2025-09-25 10:23:52','2025-09-25 10:23:52'),(685,1,5,'2025-05-17',1,'写了 203 字日记','2025-09-25 10:23:52','2025-09-25 10:23:52'),(686,3,1,'2025-05-18',1,'准时起床','2025-09-25 10:23:52','2025-09-25 10:23:52'),(687,3,2,'2025-05-18',1,'6 公里跑步','2025-09-25 10:23:52','2025-09-25 10:23:52'),(688,3,3,'2025-05-18',1,'阅读 18 页','2025-09-25 10:23:52','2025-09-25 10:23:52'),(689,1,4,'2025-05-18',1,'喝了 8 杯水','2025-09-25 10:23:52','2025-09-25 10:23:52'),(690,1,5,'2025-05-18',1,'写了 282 字日记','2025-09-25 10:23:52','2025-09-25 10:23:52'),(691,3,1,'2025-05-19',0,'睡过头了','2025-09-25 10:23:52','2025-09-25 10:23:52'),(692,3,2,'2025-05-19',1,'5 公里跑步','2025-09-25 10:23:52','2025-09-25 10:23:52'),(693,3,3,'2025-05-19',0,'没读书','2025-09-25 10:23:52','2025-09-25 10:23:52'),(694,1,4,'2025-05-19',1,'喝了 9 杯水','2025-09-25 10:23:52','2025-09-25 10:23:52'),(695,1,5,'2025-05-19',1,'写了 279 字日记','2025-09-25 10:23:52','2025-09-25 10:23:52'),(696,3,1,'2025-05-20',1,'准时起床','2025-09-25 10:23:52','2025-09-25 10:23:52'),(697,3,2,'2025-05-20',0,'今天没跑步','2025-09-25 10:23:52','2025-09-25 10:23:52'),(698,3,3,'2025-05-20',0,'没读书','2025-09-25 10:23:52','2025-09-25 10:23:52'),(699,1,4,'2025-05-20',1,'喝了 9 杯水','2025-09-25 10:23:52','2025-09-25 10:23:52'),(700,1,5,'2025-05-20',1,'写了 282 字日记','2025-09-25 10:23:52','2025-09-25 10:23:52'),(701,3,1,'2025-05-21',1,'准时起床','2025-09-25 10:23:52','2025-09-25 10:23:52'),(702,3,2,'2025-05-21',0,'今天没跑步','2025-09-25 10:23:52','2025-09-25 10:23:52'),(703,3,3,'2025-05-21',1,'阅读 26 页','2025-09-25 10:23:52','2025-09-25 10:23:52'),(704,1,4,'2025-05-21',0,'只喝了 5 杯水','2025-09-25 10:23:52','2025-09-25 10:23:52'),(705,1,5,'2025-05-21',0,'没写日记','2025-09-25 10:23:52','2025-09-25 10:23:52'),(706,3,1,'2025-05-22',1,'准时起床','2025-09-25 10:23:52','2025-09-25 10:23:52'),(707,3,2,'2025-05-22',0,'今天没跑步','2025-09-25 10:23:52','2025-09-25 10:23:52'),(708,3,3,'2025-05-22',0,'没读书','2025-09-25 10:23:52','2025-09-25 10:23:52'),(709,1,4,'2025-05-22',1,'喝了 10 杯水','2025-09-25 10:23:52','2025-09-25 10:23:52'),(710,1,5,'2025-05-22',1,'写了 356 字日记','2025-09-25 10:23:52','2025-09-25 10:23:52'),(711,3,1,'2025-05-23',1,'准时起床','2025-09-25 10:23:52','2025-09-25 10:23:52'),(712,3,2,'2025-05-23',0,'今天没跑步','2025-09-25 10:23:52','2025-09-25 10:23:52'),(713,3,3,'2025-05-23',1,'阅读 12 页','2025-09-25 10:23:52','2025-09-25 10:23:52'),(714,1,4,'2025-05-23',0,'只喝了 7 杯水','2025-09-25 10:23:52','2025-09-25 10:23:52'),(715,1,5,'2025-05-23',0,'没写日记','2025-09-25 10:23:52','2025-09-25 10:23:52'),(716,3,1,'2025-05-24',1,'准时起床','2025-09-25 10:23:52','2025-09-25 10:23:52'),(717,3,2,'2025-05-24',0,'今天没跑步','2025-09-25 10:23:52','2025-09-25 10:23:52'),(718,3,3,'2025-05-24',0,'没读书','2025-09-25 10:23:52','2025-09-25 10:23:52'),(719,1,4,'2025-05-24',1,'喝了 10 杯水','2025-09-25 10:23:52','2025-09-25 10:23:52'),(720,1,5,'2025-05-24',1,'写了 357 字日记','2025-09-25 10:23:52','2025-09-25 10:23:52'),(721,3,1,'2025-05-25',1,'准时起床','2025-09-25 10:23:52','2025-09-25 10:23:52'),(722,3,2,'2025-05-25',0,'今天没跑步','2025-09-25 10:23:52','2025-09-25 10:23:52'),(723,3,3,'2025-05-25',1,'阅读 20 页','2025-09-25 10:23:52','2025-09-25 10:23:52'),(724,1,4,'2025-05-25',1,'喝了 8 杯水','2025-09-25 10:23:52','2025-09-25 10:23:52'),(725,1,5,'2025-05-25',1,'写了 247 字日记','2025-09-25 10:23:52','2025-09-25 10:23:52'),(726,3,1,'2025-05-26',1,'准时起床','2025-09-25 10:23:52','2025-09-25 10:23:52'),(727,3,2,'2025-05-26',0,'今天没跑步','2025-09-25 10:23:52','2025-09-25 10:23:52'),(728,3,3,'2025-05-26',1,'阅读 14 页','2025-09-25 10:23:52','2025-09-25 10:23:52'),(729,1,4,'2025-05-26',1,'喝了 8 杯水','2025-09-25 10:23:52','2025-09-25 10:23:52'),(730,1,5,'2025-05-26',0,'没写日记','2025-09-25 10:23:52','2025-09-25 10:23:52'),(731,3,1,'2025-05-27',1,'准时起床','2025-09-25 10:23:52','2025-09-25 10:23:52'),(732,3,2,'2025-05-27',1,'4 公里跑步','2025-09-25 10:23:52','2025-09-25 10:23:52'),(733,3,3,'2025-05-27',1,'阅读 20 页','2025-09-25 10:23:52','2025-09-25 10:23:52'),(734,1,4,'2025-05-27',0,'只喝了 4 杯水','2025-09-25 10:23:52','2025-09-25 10:23:52'),(735,1,5,'2025-05-27',1,'写了 238 字日记','2025-09-25 10:23:52','2025-09-25 10:23:52'),(736,3,1,'2025-05-28',1,'准时起床','2025-09-25 10:23:52','2025-09-25 10:23:52'),(737,3,2,'2025-05-28',0,'今天没跑步','2025-09-25 10:23:52','2025-09-25 10:23:52'),(738,3,3,'2025-05-28',1,'阅读 16 页','2025-09-25 10:23:52','2025-09-25 10:23:52'),(739,1,4,'2025-05-28',0,'只喝了 4 杯水','2025-09-25 10:23:52','2025-09-25 10:23:52'),(740,1,5,'2025-05-28',0,'没写日记','2025-09-25 10:23:52','2025-09-25 10:23:52'),(741,3,1,'2025-05-29',1,'准时起床','2025-09-25 10:23:52','2025-09-25 10:23:52'),(742,3,2,'2025-05-29',1,'6 公里跑步','2025-09-25 10:23:52','2025-09-25 10:23:52'),(743,3,3,'2025-05-29',1,'阅读 27 页','2025-09-25 10:23:52','2025-09-25 10:23:52'),(744,1,4,'2025-05-29',0,'只喝了 4 杯水','2025-09-25 10:23:52','2025-09-25 10:23:52'),(745,1,5,'2025-05-29',0,'没写日记','2025-09-25 10:23:52','2025-09-25 10:23:52'),(746,3,1,'2025-05-30',1,'准时起床','2025-09-25 10:23:52','2025-09-25 10:23:52'),(747,3,2,'2025-05-30',0,'今天没跑步','2025-09-25 10:23:52','2025-09-25 10:23:52'),(748,3,3,'2025-05-30',1,'阅读 27 页','2025-09-25 10:23:52','2025-09-25 10:23:52'),(749,1,4,'2025-05-30',1,'喝了 9 杯水','2025-09-25 10:23:52','2025-09-25 10:23:52'),(750,1,5,'2025-05-30',1,'写了 315 字日记','2025-09-25 10:23:52','2025-09-25 10:23:52'),(751,3,1,'2025-05-31',1,'准时起床','2025-09-25 10:23:52','2025-09-25 10:23:52'),(752,3,2,'2025-05-31',0,'今天没跑步','2025-09-25 10:23:52','2025-09-25 10:23:52'),(753,3,3,'2025-05-31',1,'阅读 29 页','2025-09-25 10:23:52','2025-09-25 10:23:52'),(754,1,4,'2025-05-31',1,'喝了 10 杯水','2025-09-25 10:23:52','2025-09-25 10:23:52'),(755,1,5,'2025-05-31',0,'没写日记','2025-09-25 10:23:52','2025-09-25 10:23:52'),(756,3,1,'2025-06-01',1,'准时起床','2025-09-25 10:23:52','2025-09-25 10:23:52'),(757,3,2,'2025-06-01',0,'今天没跑步','2025-09-25 10:23:52','2025-09-25 10:23:52'),(758,3,3,'2025-06-01',1,'阅读 28 页','2025-09-25 10:23:52','2025-09-25 10:23:52'),(759,1,4,'2025-06-01',0,'只喝了 4 杯水','2025-09-25 10:23:52','2025-09-25 10:23:52'),(760,1,5,'2025-06-01',0,'没写日记','2025-09-25 10:23:52','2025-09-25 10:23:52'),(761,3,1,'2025-06-02',1,'准时起床','2025-09-25 10:23:52','2025-09-25 10:23:52'),(762,3,2,'2025-06-02',1,'5 公里跑步','2025-09-25 10:23:52','2025-09-25 10:23:52'),(763,3,3,'2025-06-02',1,'阅读 12 页','2025-09-25 10:23:52','2025-09-25 10:23:52'),(764,1,4,'2025-06-02',1,'喝了 10 杯水','2025-09-25 10:23:52','2025-09-25 10:23:52'),(765,1,5,'2025-06-02',1,'写了 277 字日记','2025-09-25 10:23:52','2025-09-25 10:23:52'),(766,3,1,'2025-06-03',1,'准时起床','2025-09-25 10:23:52','2025-09-25 10:23:52'),(767,3,2,'2025-06-03',0,'今天没跑步','2025-09-25 10:23:52','2025-09-25 10:23:52'),(768,3,3,'2025-06-03',1,'阅读 17 页','2025-09-25 10:23:52','2025-09-25 10:23:52'),(769,1,4,'2025-06-03',1,'喝了 8 杯水','2025-09-25 10:23:52','2025-09-25 10:23:52'),(770,1,5,'2025-06-03',0,'没写日记','2025-09-25 10:23:52','2025-09-25 10:23:52'),(771,3,1,'2025-06-04',1,'准时起床','2025-09-25 10:23:52','2025-09-25 10:23:52'),(772,3,2,'2025-06-04',1,'4 公里跑步','2025-09-25 10:23:52','2025-09-25 10:23:52'),(773,3,3,'2025-06-04',1,'阅读 19 页','2025-09-25 10:23:52','2025-09-25 10:23:52'),(774,1,4,'2025-06-04',1,'喝了 9 杯水','2025-09-25 10:23:52','2025-09-25 10:23:52'),(775,1,5,'2025-06-04',0,'没写日记','2025-09-25 10:23:52','2025-09-25 10:23:52'),(776,3,1,'2025-06-05',1,'准时起床','2025-09-25 10:23:52','2025-09-25 10:23:52'),(777,3,2,'2025-06-05',0,'今天没跑步','2025-09-25 10:23:52','2025-09-25 10:23:52'),(778,3,3,'2025-06-05',1,'阅读 13 页','2025-09-25 10:23:52','2025-09-25 10:23:52'),(779,1,4,'2025-06-05',1,'喝了 9 杯水','2025-09-25 10:23:52','2025-09-25 10:23:52'),(780,1,5,'2025-06-05',1,'写了 220 字日记','2025-09-25 10:23:52','2025-09-25 10:23:52'),(781,3,1,'2025-06-06',1,'准时起床','2025-09-25 10:23:52','2025-09-25 10:23:52'),(782,3,2,'2025-06-06',0,'今天没跑步','2025-09-25 10:23:52','2025-09-25 10:23:52'),(783,3,3,'2025-06-06',1,'阅读 11 页','2025-09-25 10:23:52','2025-09-25 10:23:52'),(784,1,4,'2025-06-06',1,'喝了 10 杯水','2025-09-25 10:23:52','2025-09-25 10:23:52'),(785,1,5,'2025-06-06',1,'写了 331 字日记','2025-09-25 10:23:52','2025-09-25 10:23:52'),(786,3,1,'2025-06-07',1,'准时起床','2025-09-25 10:23:52','2025-09-25 10:23:52'),(787,3,2,'2025-06-07',0,'今天没跑步','2025-09-25 10:23:52','2025-09-25 10:23:52'),(788,3,3,'2025-06-07',1,'阅读 20 页','2025-09-25 10:23:52','2025-09-25 10:23:52'),(789,1,4,'2025-06-07',1,'喝了 9 杯水','2025-09-25 10:23:52','2025-09-25 10:23:52'),(790,1,5,'2025-06-07',0,'没写日记','2025-09-25 10:23:52','2025-09-25 10:23:52'),(791,3,1,'2025-06-08',0,'睡过头了','2025-09-25 10:23:52','2025-09-25 10:23:52'),(792,3,2,'2025-06-08',0,'今天没跑步','2025-09-25 10:23:52','2025-09-25 10:23:52'),(793,3,3,'2025-06-08',1,'阅读 13 页','2025-09-25 10:23:52','2025-09-25 10:23:52'),(794,1,4,'2025-06-08',1,'喝了 9 杯水','2025-09-25 10:23:52','2025-09-25 10:23:52'),(795,1,5,'2025-06-08',0,'没写日记','2025-09-25 10:23:52','2025-09-25 10:23:52'),(796,3,1,'2025-06-09',1,'准时起床','2025-09-25 10:23:52','2025-09-25 10:23:52'),(797,3,2,'2025-06-09',0,'今天没跑步','2025-09-25 10:23:52','2025-09-25 10:23:52'),(798,3,3,'2025-06-09',0,'没读书','2025-09-25 10:23:52','2025-09-25 10:23:52'),(799,1,4,'2025-06-09',1,'喝了 10 杯水','2025-09-25 10:23:52','2025-09-25 10:23:52'),(800,1,5,'2025-06-09',0,'没写日记','2025-09-25 10:23:52','2025-09-25 10:23:52'),(801,3,1,'2025-06-10',1,'准时起床','2025-09-25 10:23:52','2025-09-25 10:23:52'),(802,3,2,'2025-06-10',1,'6 公里跑步','2025-09-25 10:23:52','2025-09-25 10:23:52'),(803,3,3,'2025-06-10',1,'阅读 25 页','2025-09-25 10:23:52','2025-09-25 10:23:52'),(804,1,4,'2025-06-10',1,'喝了 9 杯水','2025-09-25 10:23:52','2025-09-25 10:23:52'),(805,1,5,'2025-06-10',0,'没写日记','2025-09-25 10:23:52','2025-09-25 10:23:52'),(806,3,1,'2025-06-11',1,'准时起床','2025-09-25 10:23:52','2025-09-25 10:23:52'),(807,3,2,'2025-06-11',0,'今天没跑步','2025-09-25 10:23:52','2025-09-25 10:23:52'),(808,3,3,'2025-06-11',1,'阅读 17 页','2025-09-25 10:23:52','2025-09-25 10:23:52'),(809,1,4,'2025-06-11',1,'喝了 9 杯水','2025-09-25 10:23:52','2025-09-25 10:23:52'),(810,1,5,'2025-06-11',1,'写了 255 字日记','2025-09-25 10:23:52','2025-09-25 10:23:52'),(811,3,1,'2025-06-12',1,'准时起床','2025-09-25 10:23:52','2025-09-25 10:23:52'),(812,3,2,'2025-06-12',1,'6 公里跑步','2025-09-25 10:23:52','2025-09-25 10:23:52'),(813,3,3,'2025-06-12',1,'阅读 26 页','2025-09-25 10:23:52','2025-09-25 10:23:52'),(814,1,4,'2025-06-12',1,'喝了 10 杯水','2025-09-25 10:23:52','2025-09-25 10:23:52'),(815,1,5,'2025-06-12',0,'没写日记','2025-09-25 10:23:52','2025-09-25 10:23:52'),(816,3,1,'2025-06-13',0,'睡过头了','2025-09-25 10:23:52','2025-09-25 10:23:52'),(817,3,2,'2025-06-13',1,'5 公里跑步','2025-09-25 10:23:52','2025-09-25 10:23:52'),(818,3,3,'2025-06-13',1,'阅读 15 页','2025-09-25 10:23:52','2025-09-25 10:23:52'),(819,1,4,'2025-06-13',1,'喝了 9 杯水','2025-09-25 10:23:52','2025-09-25 10:23:52'),(820,1,5,'2025-06-13',0,'没写日记','2025-09-25 10:23:52','2025-09-25 10:23:52'),(821,3,1,'2025-06-14',1,'准时起床','2025-09-25 10:23:52','2025-09-25 10:23:52'),(822,3,2,'2025-06-14',1,'4 公里跑步','2025-09-25 10:23:52','2025-09-25 10:23:52'),(823,3,3,'2025-06-14',0,'没读书','2025-09-25 10:23:52','2025-09-25 10:23:52'),(824,1,4,'2025-06-14',1,'喝了 10 杯水','2025-09-25 10:23:52','2025-09-25 10:23:52'),(825,1,5,'2025-06-14',0,'没写日记','2025-09-25 10:23:52','2025-09-25 10:23:52'),(826,3,1,'2025-06-15',1,'准时起床','2025-09-25 10:23:52','2025-09-25 10:23:52'),(827,3,2,'2025-06-15',1,'3 公里跑步','2025-09-25 10:23:52','2025-09-25 10:23:52'),(828,3,3,'2025-06-15',0,'没读书','2025-09-25 10:23:52','2025-09-25 10:23:52'),(829,1,4,'2025-06-15',1,'喝了 10 杯水','2025-09-25 10:23:52','2025-09-25 10:23:52'),(830,1,5,'2025-06-15',0,'没写日记','2025-09-25 10:23:52','2025-09-25 10:23:52'),(831,3,1,'2025-06-16',1,'准时起床','2025-09-25 10:23:52','2025-09-25 10:23:52'),(832,3,2,'2025-06-16',0,'今天没跑步','2025-09-25 10:23:52','2025-09-25 10:23:52'),(833,3,3,'2025-06-16',1,'阅读 28 页','2025-09-25 10:23:52','2025-09-25 10:23:52'),(834,1,4,'2025-06-16',1,'喝了 9 杯水','2025-09-25 10:23:52','2025-09-25 10:23:52'),(835,1,5,'2025-06-16',1,'写了 267 字日记','2025-09-25 10:23:52','2025-09-25 10:23:52'),(836,3,1,'2025-06-17',1,'准时起床','2025-09-25 10:23:52','2025-09-25 10:23:52'),(837,3,2,'2025-06-17',0,'今天没跑步','2025-09-25 10:23:52','2025-09-25 10:23:52'),(838,3,3,'2025-06-17',0,'没读书','2025-09-25 10:23:52','2025-09-25 10:23:52'),(839,1,4,'2025-06-17',1,'喝了 8 杯水','2025-09-25 10:23:52','2025-09-25 10:23:52'),(840,1,5,'2025-06-17',0,'没写日记','2025-09-25 10:23:52','2025-09-25 10:23:52'),(841,3,1,'2025-06-18',1,'准时起床','2025-09-25 10:23:52','2025-09-25 10:23:52'),(842,3,2,'2025-06-18',0,'今天没跑步','2025-09-25 10:23:52','2025-09-25 10:23:52'),(843,3,3,'2025-06-18',1,'阅读 16 页','2025-09-25 10:23:52','2025-09-25 10:23:52'),(844,1,4,'2025-06-18',1,'喝了 9 杯水','2025-09-25 10:23:52','2025-09-25 10:23:52'),(845,1,5,'2025-06-18',0,'没写日记','2025-09-25 10:23:52','2025-09-25 10:23:52'),(846,3,1,'2025-06-19',1,'准时起床','2025-09-25 10:23:52','2025-09-25 10:23:52'),(847,3,2,'2025-06-19',1,'6 公里跑步','2025-09-25 10:23:52','2025-09-25 10:23:52'),(848,3,3,'2025-06-19',1,'阅读 20 页','2025-09-25 10:23:52','2025-09-25 10:23:52'),(849,1,4,'2025-06-19',1,'喝了 10 杯水','2025-09-25 10:23:52','2025-09-25 10:23:52'),(850,1,5,'2025-06-19',1,'写了 255 字日记','2025-09-25 10:23:52','2025-09-25 10:23:52'),(851,3,1,'2025-06-20',1,'准时起床','2025-09-25 10:23:52','2025-09-25 10:23:52'),(852,3,2,'2025-06-20',0,'今天没跑步','2025-09-25 10:23:52','2025-09-25 10:23:52'),(853,3,3,'2025-06-20',0,'没读书','2025-09-25 10:23:52','2025-09-25 10:23:52'),(854,1,4,'2025-06-20',1,'喝了 8 杯水','2025-09-25 10:23:52','2025-09-25 10:23:52'),(855,1,5,'2025-06-20',0,'没写日记','2025-09-25 10:23:52','2025-09-25 10:23:52'),(856,3,1,'2025-06-21',1,'准时起床','2025-09-25 10:23:52','2025-09-25 10:23:52'),(857,3,2,'2025-06-21',0,'今天没跑步','2025-09-25 10:23:52','2025-09-25 10:23:52'),(858,3,3,'2025-06-21',1,'阅读 15 页','2025-09-25 10:23:52','2025-09-25 10:23:52'),(859,1,4,'2025-06-21',0,'只喝了 7 杯水','2025-09-25 10:23:52','2025-09-25 10:23:52'),(860,1,5,'2025-06-21',1,'写了 209 字日记','2025-09-25 10:23:52','2025-09-25 10:23:52'),(861,3,1,'2025-06-22',1,'准时起床','2025-09-25 10:23:52','2025-09-25 10:23:52'),(862,3,2,'2025-06-22',0,'今天没跑步','2025-09-25 10:23:52','2025-09-25 10:23:52'),(863,3,3,'2025-06-22',1,'阅读 24 页','2025-09-25 10:23:52','2025-09-25 10:23:52'),(864,1,4,'2025-06-22',1,'喝了 10 杯水','2025-09-25 10:23:52','2025-09-25 10:23:52'),(865,1,5,'2025-06-22',0,'没写日记','2025-09-25 10:23:52','2025-09-25 10:23:52'),(866,3,1,'2025-06-23',1,'准时起床','2025-09-25 10:23:52','2025-09-25 10:23:52'),(867,3,2,'2025-06-23',1,'5 公里跑步','2025-09-25 10:23:52','2025-09-25 10:23:52'),(868,3,3,'2025-06-23',0,'没读书','2025-09-25 10:23:52','2025-09-25 10:23:52'),(869,1,4,'2025-06-23',1,'喝了 8 杯水','2025-09-25 10:23:52','2025-09-25 10:23:52'),(870,1,5,'2025-06-23',1,'写了 247 字日记','2025-09-25 10:23:52','2025-09-25 10:23:52'),(871,3,1,'2025-06-24',1,'准时起床','2025-09-25 10:23:52','2025-09-25 10:23:52'),(872,3,2,'2025-06-24',0,'今天没跑步','2025-09-25 10:23:52','2025-09-25 10:23:52'),(873,3,3,'2025-06-24',1,'阅读 10 页','2025-09-25 10:23:52','2025-09-25 10:23:52'),(874,1,4,'2025-06-24',1,'喝了 10 杯水','2025-09-25 10:23:52','2025-09-25 10:23:52'),(875,1,5,'2025-06-24',1,'写了 216 字日记','2025-09-25 10:23:52','2025-09-25 10:23:52'),(876,3,1,'2025-06-25',1,'准时起床','2025-09-25 10:23:52','2025-09-25 10:23:52'),(877,3,2,'2025-06-25',0,'今天没跑步','2025-09-25 10:23:52','2025-09-25 10:23:52'),(878,3,3,'2025-06-25',0,'没读书','2025-09-25 10:23:52','2025-09-25 10:23:52'),(879,1,4,'2025-06-25',1,'喝了 9 杯水','2025-09-25 10:23:52','2025-09-25 10:23:52'),(880,1,5,'2025-06-25',0,'没写日记','2025-09-25 10:23:52','2025-09-25 10:23:52'),(881,3,1,'2025-06-26',1,'准时起床','2025-09-25 10:23:52','2025-09-25 10:23:52'),(882,3,2,'2025-06-26',0,'今天没跑步','2025-09-25 10:23:52','2025-09-25 10:23:52'),(883,3,3,'2025-06-26',1,'阅读 27 页','2025-09-25 10:23:52','2025-09-25 10:23:52'),(884,1,4,'2025-06-26',1,'喝了 8 杯水','2025-09-25 10:23:52','2025-09-25 10:23:52'),(885,1,5,'2025-06-26',1,'写了 394 字日记','2025-09-25 10:23:52','2025-09-25 10:23:52'),(886,3,1,'2025-06-27',0,'睡过头了','2025-09-25 10:23:52','2025-09-25 10:23:52'),(887,3,2,'2025-06-27',0,'今天没跑步','2025-09-25 10:23:52','2025-09-25 10:23:52'),(888,3,3,'2025-06-27',1,'阅读 28 页','2025-09-25 10:23:52','2025-09-25 10:23:52'),(889,1,4,'2025-06-27',0,'只喝了 3 杯水','2025-09-25 10:23:52','2025-09-25 10:23:52'),(890,1,5,'2025-06-27',0,'没写日记','2025-09-25 10:23:52','2025-09-25 10:23:52'),(891,3,1,'2025-06-28',1,'准时起床','2025-09-25 10:23:52','2025-09-25 10:23:52'),(892,3,2,'2025-06-28',0,'今天没跑步','2025-09-25 10:23:52','2025-09-25 10:23:52'),(893,3,3,'2025-06-28',1,'阅读 27 页','2025-09-25 10:23:52','2025-09-25 10:23:52'),(894,1,4,'2025-06-28',1,'喝了 8 杯水','2025-09-25 10:23:52','2025-09-25 10:23:52'),(895,1,5,'2025-06-28',1,'写了 282 字日记','2025-09-25 10:23:52','2025-09-25 10:23:52'),(896,3,1,'2025-06-29',1,'准时起床','2025-09-25 10:23:52','2025-09-25 10:23:52'),(897,3,2,'2025-06-29',1,'3 公里跑步','2025-09-25 10:23:52','2025-09-25 10:23:52'),(898,3,3,'2025-06-29',1,'阅读 30 页','2025-09-25 10:23:52','2025-09-25 10:23:52'),(899,1,4,'2025-06-29',1,'喝了 8 杯水','2025-09-25 10:23:52','2025-09-25 10:23:52'),(900,1,5,'2025-06-29',1,'写了 347 字日记','2025-09-25 10:23:52','2025-09-25 10:23:52'),(901,3,1,'2025-06-30',1,'准时起床','2025-09-25 10:23:52','2025-09-25 10:23:52'),(902,3,2,'2025-06-30',0,'今天没跑步','2025-09-25 10:23:52','2025-09-25 10:23:52'),(903,3,3,'2025-06-30',1,'阅读 17 页','2025-09-25 10:23:52','2025-09-25 10:23:52'),(904,1,4,'2025-06-30',0,'只喝了 7 杯水','2025-09-25 10:23:52','2025-09-25 10:23:52'),(905,1,5,'2025-06-30',1,'写了 233 字日记','2025-09-25 10:23:52','2025-09-25 10:23:52'),(906,3,1,'2025-07-01',1,'准时起床','2025-09-25 10:23:52','2025-09-25 10:23:52'),(907,3,2,'2025-07-01',0,'今天没跑步','2025-09-25 10:23:52','2025-09-25 10:23:52'),(908,3,3,'2025-07-01',1,'阅读 16 页','2025-09-25 10:23:52','2025-09-25 10:23:52'),(909,1,4,'2025-07-01',1,'喝了 9 杯水','2025-09-25 10:23:52','2025-09-25 10:23:52'),(910,1,5,'2025-07-01',1,'写了 259 字日记','2025-09-25 10:23:52','2025-09-25 10:23:52'),(911,3,1,'2025-07-02',1,'准时起床','2025-09-25 10:23:52','2025-09-25 10:23:52'),(912,3,2,'2025-07-02',1,'5 公里跑步','2025-09-25 10:23:52','2025-09-25 10:23:52'),(913,3,3,'2025-07-02',0,'没读书','2025-09-25 10:23:52','2025-09-25 10:23:52'),(914,1,4,'2025-07-02',0,'只喝了 6 杯水','2025-09-25 10:23:52','2025-09-25 10:23:52'),(915,1,5,'2025-07-02',0,'没写日记','2025-09-25 10:23:52','2025-09-25 10:23:52'),(916,3,1,'2025-07-03',1,'准时起床','2025-09-25 10:23:52','2025-09-25 10:23:52'),(917,3,2,'2025-07-03',0,'今天没跑步','2025-09-25 10:23:52','2025-09-25 10:23:52'),(918,3,3,'2025-07-03',1,'阅读 29 页','2025-09-25 10:23:52','2025-09-25 10:23:52'),(919,1,4,'2025-07-03',1,'喝了 9 杯水','2025-09-25 10:23:52','2025-09-25 10:23:52'),(920,1,5,'2025-07-03',1,'写了 324 字日记','2025-09-25 10:23:52','2025-09-25 10:23:52'),(921,3,1,'2025-07-04',0,'睡过头了','2025-09-25 10:23:52','2025-09-25 10:23:52'),(922,3,2,'2025-07-04',0,'今天没跑步','2025-09-25 10:23:52','2025-09-25 10:23:52'),(923,3,3,'2025-07-04',1,'阅读 29 页','2025-09-25 10:23:52','2025-09-25 10:23:52'),(924,1,4,'2025-07-04',1,'喝了 10 杯水','2025-09-25 10:23:52','2025-09-25 10:23:52'),(925,1,5,'2025-07-04',1,'写了 399 字日记','2025-09-25 10:23:52','2025-09-25 10:23:52'),(926,3,1,'2025-07-05',1,'准时起床','2025-09-25 10:23:52','2025-09-25 10:23:52'),(927,3,2,'2025-07-05',0,'今天没跑步','2025-09-25 10:23:52','2025-09-25 10:23:52'),(928,3,3,'2025-07-05',1,'阅读 12 页','2025-09-25 10:23:52','2025-09-25 10:23:52'),(929,1,4,'2025-07-05',1,'喝了 8 杯水','2025-09-25 10:23:52','2025-09-25 10:23:52'),(930,1,5,'2025-07-05',1,'写了 233 字日记','2025-09-25 10:23:52','2025-09-25 10:23:52'),(931,3,1,'2025-07-06',1,'准时起床','2025-09-25 10:23:52','2025-09-25 10:23:52'),(932,3,2,'2025-07-06',1,'3 公里跑步','2025-09-25 10:23:52','2025-09-25 10:23:52'),(933,3,3,'2025-07-06',1,'阅读 12 页','2025-09-25 10:23:52','2025-09-25 10:23:52'),(934,1,4,'2025-07-06',1,'喝了 9 杯水','2025-09-25 10:23:52','2025-09-25 10:23:52'),(935,1,5,'2025-07-06',1,'写了 273 字日记','2025-09-25 10:23:52','2025-09-25 10:23:52'),(936,3,1,'2025-07-07',1,'准时起床','2025-09-25 10:23:52','2025-09-25 10:23:52'),(937,3,2,'2025-07-07',0,'今天没跑步','2025-09-25 10:23:52','2025-09-25 10:23:52'),(938,3,3,'2025-07-07',0,'没读书','2025-09-25 10:23:52','2025-09-25 10:23:52'),(939,1,4,'2025-07-07',0,'只喝了 3 杯水','2025-09-25 10:23:52','2025-09-25 10:23:52'),(940,1,5,'2025-07-07',0,'没写日记','2025-09-25 10:23:52','2025-09-25 10:23:52'),(941,3,1,'2025-07-08',1,'准时起床','2025-09-25 10:23:52','2025-09-25 10:23:52'),(942,3,2,'2025-07-08',1,'4 公里跑步','2025-09-25 10:23:52','2025-09-25 10:23:52'),(943,3,3,'2025-07-08',0,'没读书','2025-09-25 10:23:52','2025-09-25 10:23:52'),(944,1,4,'2025-07-08',1,'喝了 10 杯水','2025-09-25 10:23:52','2025-09-25 10:23:52'),(945,1,5,'2025-07-08',1,'写了 303 字日记','2025-09-25 10:23:52','2025-09-25 10:23:52'),(946,3,1,'2025-07-09',1,'准时起床','2025-09-25 10:23:52','2025-09-25 10:23:52'),(947,3,2,'2025-07-09',0,'今天没跑步','2025-09-25 10:23:52','2025-09-25 10:23:52'),(948,3,3,'2025-07-09',0,'没读书','2025-09-25 10:23:52','2025-09-25 10:23:52'),(949,1,4,'2025-07-09',1,'喝了 8 杯水','2025-09-25 10:23:52','2025-09-25 10:23:52'),(950,1,5,'2025-07-09',0,'没写日记','2025-09-25 10:23:52','2025-09-25 10:23:52'),(951,3,1,'2025-07-10',1,'准时起床','2025-09-25 10:23:52','2025-09-25 10:23:52'),(952,3,2,'2025-07-10',0,'今天没跑步','2025-09-25 10:23:52','2025-09-25 10:23:52'),(953,3,3,'2025-07-10',1,'阅读 13 页','2025-09-25 10:23:52','2025-09-25 10:23:52'),(954,1,4,'2025-07-10',1,'喝了 10 杯水','2025-09-25 10:23:52','2025-09-25 10:23:52'),(955,1,5,'2025-07-10',1,'写了 368 字日记','2025-09-25 10:23:52','2025-09-25 10:23:52'),(956,3,1,'2025-07-11',1,'准时起床','2025-09-25 10:23:52','2025-09-25 10:23:52'),(957,3,2,'2025-07-11',0,'今天没跑步','2025-09-25 10:23:52','2025-09-25 10:23:52'),(958,3,3,'2025-07-11',0,'没读书','2025-09-25 10:23:52','2025-09-25 10:23:52'),(959,1,4,'2025-07-11',1,'喝了 9 杯水','2025-09-25 10:23:52','2025-09-25 10:23:52'),(960,1,5,'2025-07-11',1,'写了 343 字日记','2025-09-25 10:23:52','2025-09-25 10:23:52'),(961,3,1,'2025-07-12',1,'准时起床','2025-09-25 10:23:52','2025-09-25 10:23:52'),(962,3,2,'2025-07-12',1,'6 公里跑步','2025-09-25 10:23:52','2025-09-25 10:23:52'),(963,3,3,'2025-07-12',1,'阅读 13 页','2025-09-25 10:23:52','2025-09-25 10:23:52'),(964,1,4,'2025-07-12',1,'喝了 8 杯水','2025-09-25 10:23:52','2025-09-25 10:23:52'),(965,1,5,'2025-07-12',1,'写了 375 字日记','2025-09-25 10:23:52','2025-09-25 10:23:52'),(966,3,1,'2025-07-13',1,'准时起床','2025-09-25 10:23:52','2025-09-25 10:23:52'),(967,3,2,'2025-07-13',1,'5 公里跑步','2025-09-25 10:23:52','2025-09-25 10:23:52'),(968,3,3,'2025-07-13',0,'没读书','2025-09-25 10:23:52','2025-09-25 10:23:52'),(969,1,4,'2025-07-13',0,'只喝了 6 杯水','2025-09-25 10:23:52','2025-09-25 10:23:52'),(970,1,5,'2025-07-13',0,'没写日记','2025-09-25 10:23:52','2025-09-25 10:23:52'),(971,3,1,'2025-07-14',1,'准时起床','2025-09-25 10:23:52','2025-09-25 10:23:52'),(972,3,2,'2025-07-14',0,'今天没跑步','2025-09-25 10:23:52','2025-09-25 10:23:52'),(973,3,3,'2025-07-14',1,'阅读 14 页','2025-09-25 10:23:52','2025-09-25 10:23:52'),(974,1,4,'2025-07-14',1,'喝了 8 杯水','2025-09-25 10:23:52','2025-09-25 10:23:52'),(975,1,5,'2025-07-14',0,'没写日记','2025-09-25 10:23:52','2025-09-25 10:23:52'),(976,3,1,'2025-07-15',1,'准时起床','2025-09-25 10:23:52','2025-09-25 10:23:52'),(977,3,2,'2025-07-15',1,'6 公里跑步','2025-09-25 10:23:52','2025-09-25 10:23:52'),(978,3,3,'2025-07-15',1,'阅读 15 页','2025-09-25 10:23:52','2025-09-25 10:23:52'),(979,1,4,'2025-07-15',1,'喝了 9 杯水','2025-09-25 10:23:52','2025-09-25 10:23:52'),(980,1,5,'2025-07-15',0,'没写日记','2025-09-25 10:23:52','2025-09-25 10:23:52'),(981,3,1,'2025-07-16',1,'准时起床','2025-09-25 10:23:52','2025-09-25 10:23:52'),(982,3,2,'2025-07-16',1,'6 公里跑步','2025-09-25 10:23:52','2025-09-25 10:23:52'),(983,3,3,'2025-07-16',1,'阅读 14 页','2025-09-25 10:23:52','2025-09-25 10:23:52'),(984,1,4,'2025-07-16',1,'喝了 9 杯水','2025-09-25 10:23:52','2025-09-25 10:23:52'),(985,1,5,'2025-07-16',0,'没写日记','2025-09-25 10:23:52','2025-09-25 10:23:52'),(986,3,1,'2025-07-17',0,'睡过头了','2025-09-25 10:23:52','2025-09-25 10:23:52'),(987,3,2,'2025-07-17',0,'今天没跑步','2025-09-25 10:23:52','2025-09-25 10:23:52'),(988,3,3,'2025-07-17',1,'阅读 18 页','2025-09-25 10:23:52','2025-09-25 10:23:52'),(989,1,4,'2025-07-17',1,'喝了 10 杯水','2025-09-25 10:23:52','2025-09-25 10:23:52'),(990,1,5,'2025-07-17',1,'写了 363 字日记','2025-09-25 10:23:52','2025-09-25 10:23:52'),(991,3,1,'2025-07-18',1,'准时起床','2025-09-25 10:23:52','2025-09-25 10:23:52'),(992,3,2,'2025-07-18',1,'3 公里跑步','2025-09-25 10:23:52','2025-09-25 10:23:52'),(993,3,3,'2025-07-18',0,'没读书','2025-09-25 10:23:52','2025-09-25 10:23:52'),(994,1,4,'2025-07-18',1,'喝了 8 杯水','2025-09-25 10:23:52','2025-09-25 10:23:52'),(995,1,5,'2025-07-18',1,'写了 274 字日记','2025-09-25 10:23:52','2025-09-25 10:23:52'),(996,3,1,'2025-07-19',1,'准时起床','2025-09-25 10:23:52','2025-09-25 10:23:52'),(997,3,2,'2025-07-19',0,'今天没跑步','2025-09-25 10:23:52','2025-09-25 10:23:52'),(998,3,3,'2025-07-19',1,'阅读 27 页','2025-09-25 10:23:52','2025-09-25 10:23:52'),(999,1,4,'2025-07-19',1,'喝了 8 杯水','2025-09-25 10:23:52','2025-09-25 10:23:52'),(1000,1,5,'2025-07-19',0,'没写日记','2025-09-25 10:23:52','2025-09-25 10:23:52'),(1001,3,1,'2025-07-20',1,'准时起床','2025-09-25 10:23:52','2025-09-25 10:23:52'),(1002,3,2,'2025-07-20',1,'3 公里跑步','2025-09-25 10:23:52','2025-09-25 10:23:52'),(1003,3,3,'2025-07-20',1,'阅读 21 页','2025-09-25 10:23:52','2025-09-25 10:23:52'),(1004,1,4,'2025-07-20',1,'喝了 9 杯水','2025-09-25 10:23:52','2025-09-25 10:23:52'),(1005,1,5,'2025-07-20',0,'没写日记','2025-09-25 10:23:52','2025-09-25 10:23:52'),(1006,3,1,'2025-07-21',1,'准时起床','2025-09-25 10:23:52','2025-09-25 10:23:52'),(1007,3,2,'2025-07-21',0,'今天没跑步','2025-09-25 10:23:52','2025-09-25 10:23:52'),(1008,3,3,'2025-07-21',0,'没读书','2025-09-25 10:23:52','2025-09-25 10:23:52'),(1009,1,4,'2025-07-21',1,'喝了 8 杯水','2025-09-25 10:23:52','2025-09-25 10:23:52'),(1010,1,5,'2025-07-21',0,'没写日记','2025-09-25 10:23:52','2025-09-25 10:23:52'),(1011,3,1,'2025-07-22',1,'准时起床','2025-09-25 10:23:52','2025-09-25 10:23:52'),(1012,3,2,'2025-07-22',1,'5 公里跑步','2025-09-25 10:23:52','2025-09-25 10:23:52'),(1013,3,3,'2025-07-22',0,'没读书','2025-09-25 10:23:52','2025-09-25 10:23:52'),(1014,1,4,'2025-07-22',1,'喝了 8 杯水','2025-09-25 10:23:52','2025-09-25 10:23:52'),(1015,1,5,'2025-07-22',1,'写了 291 字日记','2025-09-25 10:23:52','2025-09-25 10:23:52'),(1016,3,1,'2025-07-23',1,'准时起床','2025-09-25 10:23:52','2025-09-25 10:23:52'),(1017,3,2,'2025-07-23',1,'3 公里跑步','2025-09-25 10:23:52','2025-09-25 10:23:52'),(1018,3,3,'2025-07-23',1,'阅读 13 页','2025-09-25 10:23:52','2025-09-25 10:23:52'),(1019,1,4,'2025-07-23',1,'喝了 9 杯水','2025-09-25 10:23:52','2025-09-25 10:23:52'),(1020,1,5,'2025-07-23',1,'写了 297 字日记','2025-09-25 10:23:52','2025-09-25 10:23:52'),(1021,3,1,'2025-07-24',1,'准时起床','2025-09-25 10:23:52','2025-09-25 10:23:52'),(1022,3,2,'2025-07-24',1,'4 公里跑步','2025-09-25 10:23:52','2025-09-25 10:23:52'),(1023,3,3,'2025-07-24',1,'阅读 27 页','2025-09-25 10:23:52','2025-09-25 10:23:52'),(1024,1,4,'2025-07-24',1,'喝了 9 杯水','2025-09-25 10:23:52','2025-09-25 10:23:52'),(1025,1,5,'2025-07-24',1,'写了 368 字日记','2025-09-25 10:23:52','2025-09-25 10:23:52'),(1026,3,1,'2025-07-25',1,'准时起床','2025-09-25 10:23:52','2025-09-25 10:23:52'),(1027,3,2,'2025-07-25',0,'今天没跑步','2025-09-25 10:23:52','2025-09-25 10:23:52'),(1028,3,3,'2025-07-25',1,'阅读 15 页','2025-09-25 10:23:52','2025-09-25 10:23:52'),(1029,1,4,'2025-07-25',1,'喝了 8 杯水','2025-09-25 10:23:52','2025-09-25 10:23:52'),(1030,1,5,'2025-07-25',1,'写了 218 字日记','2025-09-25 10:23:52','2025-09-25 10:23:52'),(1031,3,1,'2025-07-26',1,'准时起床','2025-09-25 10:23:52','2025-09-25 10:23:52'),(1032,3,2,'2025-07-26',0,'今天没跑步','2025-09-25 10:23:52','2025-09-25 10:23:52'),(1033,3,3,'2025-07-26',1,'阅读 11 页','2025-09-25 10:23:52','2025-09-25 10:23:52'),(1034,1,4,'2025-07-26',0,'只喝了 4 杯水','2025-09-25 10:23:52','2025-09-25 10:23:52'),(1035,1,5,'2025-07-26',1,'写了 330 字日记','2025-09-25 10:23:52','2025-09-25 10:23:52'),(1036,3,1,'2025-07-27',0,'睡过头了','2025-09-25 10:23:52','2025-09-25 10:23:52'),(1037,3,2,'2025-07-27',1,'6 公里跑步','2025-09-25 10:23:52','2025-09-25 10:23:52'),(1038,3,3,'2025-07-27',1,'阅读 18 页','2025-09-25 10:23:52','2025-09-25 10:23:52'),(1039,1,4,'2025-07-27',1,'喝了 9 杯水','2025-09-25 10:23:52','2025-09-25 10:23:52'),(1040,1,5,'2025-07-27',0,'没写日记','2025-09-25 10:23:52','2025-09-25 10:23:52'),(1041,3,1,'2025-07-28',1,'准时起床','2025-09-25 10:23:52','2025-09-25 10:23:52'),(1042,3,2,'2025-07-28',1,'3 公里跑步','2025-09-25 10:23:52','2025-09-25 10:23:52'),(1043,3,3,'2025-07-28',1,'阅读 26 页','2025-09-25 10:23:52','2025-09-25 10:23:52'),(1044,1,4,'2025-07-28',1,'喝了 9 杯水','2025-09-25 10:23:52','2025-09-25 10:23:52'),(1045,1,5,'2025-07-28',0,'没写日记','2025-09-25 10:23:52','2025-09-25 10:23:52'),(1046,3,1,'2025-07-29',1,'准时起床','2025-09-25 10:23:52','2025-09-25 10:23:52'),(1047,3,2,'2025-07-29',0,'今天没跑步','2025-09-25 10:23:52','2025-09-25 10:23:52'),(1048,3,3,'2025-07-29',1,'阅读 21 页','2025-09-25 10:23:52','2025-09-25 10:23:52'),(1049,1,4,'2025-07-29',1,'喝了 8 杯水','2025-09-25 10:23:52','2025-09-25 10:23:52'),(1050,1,5,'2025-07-29',0,'没写日记','2025-09-25 10:23:52','2025-09-25 10:23:52'),(1051,3,1,'2025-07-30',0,'睡过头了','2025-09-25 10:23:52','2025-09-25 10:23:52'),(1052,3,2,'2025-07-30',0,'今天没跑步','2025-09-25 10:23:52','2025-09-25 10:23:52'),(1053,3,3,'2025-07-30',1,'阅读 26 页','2025-09-25 10:23:52','2025-09-25 10:23:52'),(1054,1,4,'2025-07-30',1,'喝了 8 杯水','2025-09-25 10:23:52','2025-09-25 10:23:52'),(1055,1,5,'2025-07-30',0,'没写日记','2025-09-25 10:23:52','2025-09-25 10:23:52'),(1056,3,1,'2025-07-31',1,'准时起床','2025-09-25 10:23:52','2025-09-25 10:23:52'),(1057,3,2,'2025-07-31',1,'5 公里跑步','2025-09-25 10:23:52','2025-09-25 10:23:52'),(1058,3,3,'2025-07-31',1,'阅读 21 页','2025-09-25 10:23:52','2025-09-25 10:23:52'),(1059,1,4,'2025-07-31',1,'喝了 9 杯水','2025-09-25 10:23:52','2025-09-25 10:23:52'),(1060,1,5,'2025-07-31',1,'写了 326 字日记','2025-09-25 10:23:52','2025-09-25 10:23:52'),(1061,3,1,'2025-08-01',1,'准时起床','2025-09-25 10:23:52','2025-09-25 10:23:52'),(1062,3,2,'2025-08-01',0,'今天没跑步','2025-09-25 10:23:52','2025-09-25 10:23:52'),(1063,3,3,'2025-08-01',0,'没读书','2025-09-25 10:23:52','2025-09-25 10:23:52'),(1064,1,4,'2025-08-01',1,'喝了 9 杯水','2025-09-25 10:23:52','2025-09-25 10:23:52'),(1065,1,5,'2025-08-01',0,'没写日记','2025-09-25 10:23:52','2025-09-25 10:23:52'),(1066,3,1,'2025-08-02',1,'准时起床','2025-09-25 10:23:52','2025-09-25 10:23:52'),(1067,3,2,'2025-08-02',0,'今天没跑步','2025-09-25 10:23:52','2025-09-25 10:23:52'),(1068,3,3,'2025-08-02',1,'阅读 10 页','2025-09-25 10:23:52','2025-09-25 10:23:52'),(1069,1,4,'2025-08-02',1,'喝了 9 杯水','2025-09-25 10:23:52','2025-09-25 10:23:52'),(1070,1,5,'2025-08-02',0,'没写日记','2025-09-25 10:23:52','2025-09-25 10:23:52'),(1071,3,1,'2025-08-03',0,'睡过头了','2025-09-25 10:23:52','2025-09-25 10:23:52'),(1072,3,2,'2025-08-03',0,'今天没跑步','2025-09-25 10:23:52','2025-09-25 10:23:52'),(1073,3,3,'2025-08-03',0,'没读书','2025-09-25 10:23:52','2025-09-25 10:23:52'),(1074,1,4,'2025-08-03',1,'喝了 8 杯水','2025-09-25 10:23:52','2025-09-25 10:23:52'),(1075,1,5,'2025-08-03',1,'写了 223 字日记','2025-09-25 10:23:52','2025-09-25 10:23:52'),(1076,3,1,'2025-08-04',1,'准时起床','2025-09-25 10:23:52','2025-09-25 10:23:52'),(1077,3,2,'2025-08-04',0,'今天没跑步','2025-09-25 10:23:52','2025-09-25 10:23:52'),(1078,3,3,'2025-08-04',1,'阅读 19 页','2025-09-25 10:23:52','2025-09-25 10:23:52'),(1079,1,4,'2025-08-04',1,'喝了 8 杯水','2025-09-25 10:23:52','2025-09-25 10:23:52'),(1080,1,5,'2025-08-04',0,'没写日记','2025-09-25 10:23:52','2025-09-25 10:23:52'),(1081,3,1,'2025-08-05',1,'准时起床','2025-09-25 10:23:52','2025-09-25 10:23:52'),(1082,3,2,'2025-08-05',0,'今天没跑步','2025-09-25 10:23:52','2025-09-25 10:23:52'),(1083,3,3,'2025-08-05',1,'阅读 10 页','2025-09-25 10:23:52','2025-09-25 10:23:52'),(1084,1,4,'2025-08-05',0,'只喝了 7 杯水','2025-09-25 10:23:52','2025-09-25 10:23:52'),(1085,1,5,'2025-08-05',1,'写了 397 字日记','2025-09-25 10:23:52','2025-09-25 10:23:52'),(1086,3,1,'2025-08-06',1,'准时起床','2025-09-25 10:23:52','2025-09-25 10:23:52'),(1087,3,2,'2025-08-06',0,'今天没跑步','2025-09-25 10:23:52','2025-09-25 10:23:52'),(1088,3,3,'2025-08-06',1,'阅读 13 页','2025-09-25 10:23:52','2025-09-25 10:23:52'),(1089,1,4,'2025-08-06',1,'喝了 9 杯水','2025-09-25 10:23:52','2025-09-25 10:23:52'),(1090,1,5,'2025-08-06',0,'没写日记','2025-09-25 10:23:52','2025-09-25 10:23:52'),(1091,3,1,'2025-08-07',1,'准时起床','2025-09-25 10:23:52','2025-09-25 10:23:52'),(1092,3,2,'2025-08-07',1,'3 公里跑步','2025-09-25 10:23:52','2025-09-25 10:23:52'),(1093,3,3,'2025-08-07',0,'没读书','2025-09-25 10:23:52','2025-09-25 10:23:52'),(1094,1,4,'2025-08-07',1,'喝了 9 杯水','2025-09-25 10:23:52','2025-09-25 10:23:52'),(1095,1,5,'2025-08-07',1,'写了 295 字日记','2025-09-25 10:23:52','2025-09-25 10:23:52'),(1096,3,1,'2025-08-08',0,'睡过头了','2025-09-25 10:23:52','2025-09-25 10:23:52'),(1097,3,2,'2025-08-08',1,'5 公里跑步','2025-09-25 10:23:52','2025-09-25 10:23:52'),(1098,3,3,'2025-08-08',1,'阅读 25 页','2025-09-25 10:23:52','2025-09-25 10:23:52'),(1099,1,4,'2025-08-08',1,'喝了 8 杯水','2025-09-25 10:23:52','2025-09-25 10:23:52'),(1100,1,5,'2025-08-08',0,'没写日记','2025-09-25 10:23:52','2025-09-25 10:23:52'),(1101,3,1,'2025-08-09',1,'准时起床','2025-09-25 10:23:52','2025-09-25 10:23:52'),(1102,3,2,'2025-08-09',0,'今天没跑步','2025-09-25 10:23:52','2025-09-25 10:23:52'),(1103,3,3,'2025-08-09',1,'阅读 17 页','2025-09-25 10:23:52','2025-09-25 10:23:52'),(1104,1,4,'2025-08-09',1,'喝了 8 杯水','2025-09-25 10:23:52','2025-09-25 10:23:52'),(1105,1,5,'2025-08-09',0,'没写日记','2025-09-25 10:23:52','2025-09-25 10:23:52'),(1106,3,1,'2025-08-10',1,'准时起床','2025-09-25 10:23:52','2025-09-25 10:23:52'),(1107,3,2,'2025-08-10',0,'今天没跑步','2025-09-25 10:23:52','2025-09-25 10:23:52'),(1108,3,3,'2025-08-10',1,'阅读 29 页','2025-09-25 10:23:52','2025-09-25 10:23:52'),(1109,1,4,'2025-08-10',0,'只喝了 4 杯水','2025-09-25 10:23:52','2025-09-25 10:23:52'),(1110,1,5,'2025-08-10',0,'没写日记','2025-09-25 10:23:52','2025-09-25 10:23:52'),(1111,3,1,'2025-08-11',1,'准时起床','2025-09-25 10:23:52','2025-09-25 10:23:52'),(1112,3,2,'2025-08-11',0,'今天没跑步','2025-09-25 10:23:52','2025-09-25 10:23:52'),(1113,3,3,'2025-08-11',1,'阅读 10 页','2025-09-25 10:23:52','2025-09-25 10:23:52'),(1114,1,4,'2025-08-11',0,'只喝了 7 杯水','2025-09-25 10:23:52','2025-09-25 10:23:52'),(1115,1,5,'2025-08-11',1,'写了 326 字日记','2025-09-25 10:23:52','2025-09-25 10:23:52'),(1116,3,1,'2025-08-12',1,'准时起床','2025-09-25 10:23:52','2025-09-25 10:23:52'),(1117,3,2,'2025-08-12',1,'5 公里跑步','2025-09-25 10:23:52','2025-09-25 10:23:52'),(1118,3,3,'2025-08-12',1,'阅读 10 页','2025-09-25 10:23:52','2025-09-25 10:23:52'),(1119,1,4,'2025-08-12',1,'喝了 9 杯水','2025-09-25 10:23:52','2025-09-25 10:23:52'),(1120,1,5,'2025-08-12',0,'没写日记','2025-09-25 10:23:52','2025-09-25 10:23:52'),(1121,3,1,'2025-08-13',1,'准时起床','2025-09-25 10:23:52','2025-09-25 10:23:52'),(1122,3,2,'2025-08-13',1,'4 公里跑步','2025-09-25 10:23:52','2025-09-25 10:23:52'),(1123,3,3,'2025-08-13',1,'阅读 19 页','2025-09-25 10:23:52','2025-09-25 10:23:52'),(1124,1,4,'2025-08-13',1,'喝了 10 杯水','2025-09-25 10:23:52','2025-09-25 10:23:52'),(1125,1,5,'2025-08-13',0,'没写日记','2025-09-25 10:23:52','2025-09-25 10:23:52'),(1126,3,1,'2025-08-14',1,'准时起床','2025-09-25 10:23:52','2025-09-25 10:23:52'),(1127,3,2,'2025-08-14',1,'6 公里跑步','2025-09-25 10:23:52','2025-09-25 10:23:52'),(1128,3,3,'2025-08-14',1,'阅读 23 页','2025-09-25 10:23:52','2025-09-25 10:23:52'),(1129,1,4,'2025-08-14',1,'喝了 10 杯水','2025-09-25 10:23:52','2025-09-25 10:23:52'),(1130,1,5,'2025-08-14',1,'写了 358 字日记','2025-09-25 10:23:52','2025-09-25 10:23:52'),(1131,3,1,'2025-08-15',1,'准时起床','2025-09-25 10:23:52','2025-09-25 10:23:52'),(1132,3,2,'2025-08-15',0,'今天没跑步','2025-09-25 10:23:52','2025-09-25 10:23:52'),(1133,3,3,'2025-08-15',0,'没读书','2025-09-25 10:23:52','2025-09-25 10:23:52'),(1134,1,4,'2025-08-15',1,'喝了 8 杯水','2025-09-25 10:23:52','2025-09-25 10:23:52'),(1135,1,5,'2025-08-15',0,'没写日记','2025-09-25 10:23:52','2025-09-25 10:23:52'),(1136,3,1,'2025-08-16',1,'准时起床','2025-09-25 10:23:52','2025-09-25 10:23:52'),(1137,3,2,'2025-08-16',1,'6 公里跑步','2025-09-25 10:23:52','2025-09-25 10:23:52'),(1138,3,3,'2025-08-16',1,'阅读 29 页','2025-09-25 10:23:52','2025-09-25 10:23:52'),(1139,1,4,'2025-08-16',1,'喝了 10 杯水','2025-09-25 10:23:52','2025-09-25 10:23:52'),(1140,1,5,'2025-08-16',1,'写了 282 字日记','2025-09-25 10:23:52','2025-09-25 10:23:52'),(1141,3,1,'2025-08-17',1,'准时起床','2025-09-25 10:23:52','2025-09-25 10:23:52'),(1142,3,2,'2025-08-17',0,'今天没跑步','2025-09-25 10:23:52','2025-09-25 10:23:52'),(1143,3,3,'2025-08-17',1,'阅读 19 页','2025-09-25 10:23:52','2025-09-25 10:23:52'),(1144,1,4,'2025-08-17',1,'喝了 10 杯水','2025-09-25 10:23:52','2025-09-25 10:23:52'),(1145,1,5,'2025-08-17',0,'没写日记','2025-09-25 10:23:52','2025-09-25 10:23:52'),(1146,3,1,'2025-08-18',1,'准时起床','2025-09-25 10:23:52','2025-09-25 10:23:52'),(1147,3,2,'2025-08-18',0,'今天没跑步','2025-09-25 10:23:52','2025-09-25 10:23:52'),(1148,3,3,'2025-08-18',1,'阅读 21 页','2025-09-25 10:23:52','2025-09-25 10:23:52'),(1149,1,4,'2025-08-18',1,'喝了 10 杯水','2025-09-25 10:23:52','2025-09-25 10:23:52'),(1150,1,5,'2025-08-18',0,'没写日记','2025-09-25 10:23:52','2025-09-25 10:23:52'),(1151,3,1,'2025-08-19',1,'准时起床','2025-09-25 10:23:52','2025-09-25 10:23:52'),(1152,3,2,'2025-08-19',1,'5 公里跑步','2025-09-25 10:23:52','2025-09-25 10:23:52'),(1153,3,3,'2025-08-19',1,'阅读 20 页','2025-09-25 10:23:52','2025-09-25 10:23:52'),(1154,1,4,'2025-08-19',1,'喝了 8 杯水','2025-09-25 10:23:52','2025-09-25 10:23:52'),(1155,1,5,'2025-08-19',1,'写了 382 字日记','2025-09-25 10:23:52','2025-09-25 10:23:52'),(1156,3,1,'2025-08-20',0,'睡过头了','2025-09-25 10:23:52','2025-09-25 10:23:52'),(1157,3,2,'2025-08-20',1,'6 公里跑步','2025-09-25 10:23:52','2025-09-25 10:23:52'),(1158,3,3,'2025-08-20',1,'阅读 24 页','2025-09-25 10:23:52','2025-09-25 10:23:52'),(1159,1,4,'2025-08-20',1,'喝了 8 杯水','2025-09-25 10:23:52','2025-09-25 10:23:52'),(1160,1,5,'2025-08-20',0,'没写日记','2025-09-25 10:23:52','2025-09-25 10:23:52'),(1161,3,1,'2025-08-21',0,'睡过头了','2025-09-25 10:23:52','2025-09-25 10:23:52'),(1162,3,2,'2025-08-21',0,'今天没跑步','2025-09-25 10:23:52','2025-09-25 10:23:52'),(1163,3,3,'2025-08-21',0,'没读书','2025-09-25 10:23:52','2025-09-25 10:23:52'),(1164,1,4,'2025-08-21',1,'喝了 8 杯水','2025-09-25 10:23:52','2025-09-25 10:23:52'),(1165,1,5,'2025-08-21',1,'写了 393 字日记','2025-09-25 10:23:52','2025-09-25 10:23:52'),(1166,3,1,'2025-08-22',1,'准时起床','2025-09-25 10:23:52','2025-09-25 10:23:52'),(1167,3,2,'2025-08-22',0,'今天没跑步','2025-09-25 10:23:52','2025-09-25 10:23:52'),(1168,3,3,'2025-08-22',1,'阅读 23 页','2025-09-25 10:23:52','2025-09-25 10:23:52'),(1169,1,4,'2025-08-22',1,'喝了 10 杯水','2025-09-25 10:23:52','2025-09-25 10:23:52'),(1170,1,5,'2025-08-22',1,'写了 351 字日记','2025-09-25 10:23:52','2025-09-25 10:23:52'),(1171,3,1,'2025-08-23',1,'准时起床','2025-09-25 10:23:52','2025-09-25 10:23:52'),(1172,3,2,'2025-08-23',1,'5 公里跑步','2025-09-25 10:23:52','2025-09-25 10:23:52'),(1173,3,3,'2025-08-23',1,'阅读 12 页','2025-09-25 10:23:52','2025-09-25 10:23:52'),(1174,1,4,'2025-08-23',1,'喝了 9 杯水','2025-09-25 10:23:52','2025-09-25 10:23:52'),(1175,1,5,'2025-08-23',0,'没写日记','2025-09-25 10:23:52','2025-09-25 10:23:52'),(1176,3,1,'2025-08-24',1,'准时起床','2025-09-25 10:23:52','2025-09-25 10:23:52'),(1177,3,2,'2025-08-24',1,'4 公里跑步','2025-09-25 10:23:52','2025-09-25 10:23:52'),(1178,3,3,'2025-08-24',1,'阅读 25 页','2025-09-25 10:23:52','2025-09-25 10:23:52'),(1179,1,4,'2025-08-24',1,'喝了 9 杯水','2025-09-25 10:23:52','2025-09-25 10:23:52'),(1180,1,5,'2025-08-24',1,'写了 234 字日记','2025-09-25 10:23:52','2025-09-25 10:23:52'),(1181,3,1,'2025-08-25',1,'准时起床','2025-09-25 10:23:52','2025-09-25 10:23:52'),(1182,3,2,'2025-08-25',1,'4 公里跑步','2025-09-25 10:23:52','2025-09-25 10:23:52'),(1183,3,3,'2025-08-25',1,'阅读 22 页','2025-09-25 10:23:52','2025-09-25 10:23:52'),(1184,1,4,'2025-08-25',1,'喝了 10 杯水','2025-09-25 10:23:52','2025-09-25 10:23:52'),(1185,1,5,'2025-08-25',1,'写了 341 字日记','2025-09-25 10:23:52','2025-09-25 10:23:52'),(1186,3,1,'2025-08-26',1,'准时起床','2025-09-25 10:23:52','2025-09-25 10:23:52'),(1187,3,2,'2025-08-26',1,'4 公里跑步','2025-09-25 10:23:52','2025-09-25 10:23:52'),(1188,3,3,'2025-08-26',1,'阅读 27 页','2025-09-25 10:23:52','2025-09-25 10:23:52'),(1189,1,4,'2025-08-26',0,'只喝了 7 杯水','2025-09-25 10:23:52','2025-09-25 10:23:52'),(1190,1,5,'2025-08-26',0,'没写日记','2025-09-25 10:23:52','2025-09-25 10:23:52'),(1191,3,1,'2025-08-27',0,'睡过头了','2025-09-25 10:23:52','2025-09-25 10:23:52'),(1192,3,2,'2025-08-27',1,'3 公里跑步','2025-09-25 10:23:52','2025-09-25 10:23:52'),(1193,3,3,'2025-08-27',1,'阅读 13 页','2025-09-25 10:23:52','2025-09-25 10:23:52'),(1194,1,4,'2025-08-27',1,'喝了 9 杯水','2025-09-25 10:23:52','2025-09-25 10:23:52'),(1195,1,5,'2025-08-27',1,'写了 293 字日记','2025-09-25 10:23:52','2025-09-25 10:23:52'),(1196,3,1,'2025-08-28',1,'准时起床','2025-09-25 10:23:52','2025-09-25 10:23:52'),(1197,3,2,'2025-08-28',1,'4 公里跑步','2025-09-25 10:23:52','2025-09-25 10:23:52'),(1198,3,3,'2025-08-28',1,'阅读 29 页','2025-09-25 10:23:52','2025-09-25 10:23:52'),(1199,1,4,'2025-08-28',1,'喝了 10 杯水','2025-09-25 10:23:52','2025-09-25 10:23:52'),(1200,1,5,'2025-08-28',1,'写了 312 字日记','2025-09-25 10:23:52','2025-09-25 10:23:52'),(1201,3,1,'2025-08-29',0,'睡过头了','2025-09-25 10:23:52','2025-09-25 10:23:52'),(1202,3,2,'2025-08-29',0,'今天没跑步','2025-09-25 10:23:52','2025-09-25 10:23:52'),(1203,3,3,'2025-08-29',0,'没读书','2025-09-25 10:23:52','2025-09-25 10:23:52'),(1204,1,4,'2025-08-29',1,'喝了 9 杯水','2025-09-25 10:23:52','2025-09-25 10:23:52'),(1205,1,5,'2025-08-29',0,'没写日记','2025-09-25 10:23:52','2025-09-25 10:23:52'),(1206,3,1,'2025-08-30',1,'准时起床','2025-09-25 10:23:52','2025-09-25 10:23:52'),(1207,3,2,'2025-08-30',0,'今天没跑步','2025-09-25 10:23:52','2025-09-25 10:23:52'),(1208,3,3,'2025-08-30',1,'阅读 30 页','2025-09-25 10:23:52','2025-09-25 10:23:52'),(1209,1,4,'2025-08-30',1,'喝了 8 杯水','2025-09-25 10:23:52','2025-09-25 10:23:52'),(1210,1,5,'2025-08-30',0,'没写日记','2025-09-25 10:23:52','2025-09-25 10:23:52'),(1211,3,1,'2025-08-31',1,'准时起床','2025-09-25 10:23:52','2025-09-25 10:23:52'),(1212,3,2,'2025-08-31',1,'3 公里跑步','2025-09-25 10:23:52','2025-09-25 10:23:52'),(1213,3,3,'2025-08-31',1,'阅读 23 页','2025-09-25 10:23:52','2025-09-25 10:23:52'),(1214,1,4,'2025-08-31',1,'喝了 9 杯水','2025-09-25 10:23:52','2025-09-25 10:23:52'),(1215,1,5,'2025-08-31',0,'没写日记','2025-09-25 10:23:52','2025-09-25 10:23:52'),(1216,3,1,'2025-09-01',1,'准时起床','2025-09-25 10:23:52','2025-09-25 10:23:52'),(1217,3,2,'2025-09-01',0,'今天没跑步','2025-09-25 10:23:52','2025-09-25 10:23:52'),(1218,3,3,'2025-09-01',1,'阅读 22 页','2025-09-25 10:23:52','2025-09-25 10:23:52'),(1219,1,4,'2025-09-01',1,'喝了 10 杯水','2025-09-25 10:23:52','2025-09-25 10:23:52'),(1220,1,5,'2025-09-01',1,'写了 364 字日记','2025-09-25 10:23:52','2025-09-25 10:23:52'),(1221,3,1,'2025-09-02',1,'准时起床','2025-09-25 10:23:52','2025-09-25 10:23:52'),(1222,3,2,'2025-09-02',1,'6 公里跑步','2025-09-25 10:23:52','2025-09-25 10:23:52'),(1223,3,3,'2025-09-02',1,'阅读 12 页','2025-09-25 10:23:52','2025-09-25 10:23:52'),(1224,1,4,'2025-09-02',1,'喝了 9 杯水','2025-09-25 10:23:52','2025-09-25 10:23:52'),(1225,1,5,'2025-09-02',0,'没写日记','2025-09-25 10:23:52','2025-09-25 10:23:52'),(1226,3,1,'2025-09-03',1,'准时起床','2025-09-25 10:23:52','2025-09-25 10:23:52'),(1227,3,2,'2025-09-03',0,'今天没跑步','2025-09-25 10:23:52','2025-09-25 10:23:52'),(1228,3,3,'2025-09-03',1,'阅读 14 页','2025-09-25 10:23:52','2025-09-25 10:23:52'),(1229,1,4,'2025-09-03',1,'喝了 8 杯水','2025-09-25 10:23:52','2025-09-25 10:23:52'),(1230,1,5,'2025-09-03',0,'没写日记','2025-09-25 10:23:52','2025-09-25 10:23:52'),(1231,3,1,'2025-09-04',1,'准时起床','2025-09-25 10:23:52','2025-09-25 10:23:52'),(1232,3,2,'2025-09-04',1,'5 公里跑步','2025-09-25 10:23:52','2025-09-25 10:23:52'),(1233,3,3,'2025-09-04',1,'阅读 17 页','2025-09-25 10:23:52','2025-09-25 10:23:52'),(1234,1,4,'2025-09-04',1,'喝了 8 杯水','2025-09-25 10:23:52','2025-09-25 10:23:52'),(1235,1,5,'2025-09-04',0,'没写日记','2025-09-25 10:23:52','2025-09-25 10:23:52'),(1236,3,1,'2025-09-05',1,'准时起床','2025-09-25 10:23:52','2025-09-25 10:23:52'),(1237,3,2,'2025-09-05',0,'今天没跑步','2025-09-25 10:23:52','2025-09-25 10:23:52'),(1238,3,3,'2025-09-05',1,'阅读 11 页','2025-09-25 10:23:52','2025-09-25 10:23:52'),(1239,1,4,'2025-09-05',1,'喝了 10 杯水','2025-09-25 10:23:52','2025-09-25 10:23:52'),(1240,1,5,'2025-09-05',0,'没写日记','2025-09-25 10:23:52','2025-09-25 10:23:52'),(1241,3,1,'2025-09-06',1,'准时起床','2025-09-25 10:23:52','2025-09-25 10:23:52'),(1242,3,2,'2025-09-06',0,'今天没跑步','2025-09-25 10:23:52','2025-09-25 10:23:52'),(1243,3,3,'2025-09-06',1,'阅读 22 页','2025-09-25 10:23:52','2025-09-25 10:23:52'),(1244,1,4,'2025-09-06',1,'喝了 8 杯水','2025-09-25 10:23:52','2025-09-25 10:23:52'),(1245,1,5,'2025-09-06',0,'没写日记','2025-09-25 10:23:52','2025-09-25 10:23:52'),(1246,3,1,'2025-09-07',1,'准时起床','2025-09-25 10:23:52','2025-09-25 10:23:52'),(1247,3,2,'2025-09-07',0,'今天没跑步','2025-09-25 10:23:52','2025-09-25 10:23:52'),(1248,3,3,'2025-09-07',1,'阅读 11 页','2025-09-25 10:23:52','2025-09-25 10:23:52'),(1249,1,4,'2025-09-07',1,'喝了 9 杯水','2025-09-25 10:23:52','2025-09-25 10:23:52'),(1250,1,5,'2025-09-07',1,'写了 265 字日记','2025-09-25 10:23:52','2025-09-25 10:23:52'),(1251,3,1,'2025-09-08',1,'准时起床','2025-09-25 10:23:52','2025-09-25 10:23:52'),(1252,3,2,'2025-09-08',1,'4 公里跑步','2025-09-25 10:23:52','2025-09-25 10:23:52'),(1253,3,3,'2025-09-08',1,'阅读 30 页','2025-09-25 10:23:52','2025-09-25 10:23:52'),(1254,1,4,'2025-09-08',1,'喝了 9 杯水','2025-09-25 10:23:52','2025-09-25 10:23:52'),(1255,1,5,'2025-09-08',1,'写了 252 字日记','2025-09-25 10:23:52','2025-09-25 10:23:52'),(1256,3,1,'2025-09-09',1,'准时起床','2025-09-25 10:23:52','2025-09-25 10:23:52'),(1257,3,2,'2025-09-09',0,'今天没跑步','2025-09-25 10:23:52','2025-09-25 10:23:52'),(1258,3,3,'2025-09-09',1,'阅读 20 页','2025-09-25 10:23:52','2025-09-25 10:23:52'),(1259,1,4,'2025-09-09',1,'喝了 9 杯水','2025-09-25 10:23:52','2025-09-25 10:23:52'),(1260,1,5,'2025-09-09',1,'写了 348 字日记','2025-09-25 10:23:52','2025-09-25 10:23:52'),(1261,3,1,'2025-09-10',1,'准时起床','2025-09-25 10:23:52','2025-09-25 10:23:52'),(1262,3,2,'2025-09-10',0,'今天没跑步','2025-09-25 10:23:52','2025-09-25 10:23:52'),(1263,3,3,'2025-09-10',0,'没读书','2025-09-25 10:23:52','2025-09-25 10:23:52'),(1264,1,4,'2025-09-10',1,'喝了 10 杯水','2025-09-25 10:23:52','2025-09-25 10:23:52'),(1265,1,5,'2025-09-10',0,'没写日记','2025-09-25 10:23:52','2025-09-25 10:23:52'),(1266,3,1,'2025-09-11',1,'准时起床','2025-09-25 10:23:52','2025-09-25 10:23:52'),(1267,3,2,'2025-09-11',1,'5 公里跑步','2025-09-25 10:23:52','2025-09-25 10:23:52'),(1268,3,3,'2025-09-11',1,'阅读 15 页','2025-09-25 10:23:52','2025-09-25 10:23:52'),(1269,1,4,'2025-09-11',1,'喝了 8 杯水','2025-09-25 10:23:52','2025-09-25 10:23:52'),(1270,1,5,'2025-09-11',1,'写了 206 字日记','2025-09-25 10:23:52','2025-09-25 10:23:52'),(1271,3,1,'2025-09-12',1,'准时起床','2025-09-25 10:23:52','2025-09-25 10:23:52'),(1272,3,2,'2025-09-12',0,'今天没跑步','2025-09-25 10:23:52','2025-09-25 10:23:52'),(1273,3,3,'2025-09-12',1,'阅读 29 页','2025-09-25 10:23:52','2025-09-25 10:23:52'),(1274,1,4,'2025-09-12',1,'喝了 9 杯水','2025-09-25 10:23:52','2025-09-25 10:23:52'),(1275,1,5,'2025-09-12',1,'写了 258 字日记','2025-09-25 10:23:52','2025-09-25 10:23:52'),(1276,3,1,'2025-09-13',0,'睡过头了','2025-09-25 10:23:52','2025-09-25 10:23:52'),(1277,3,2,'2025-09-13',0,'今天没跑步','2025-09-25 10:23:52','2025-09-25 10:23:52'),(1278,3,3,'2025-09-13',1,'阅读 26 页','2025-09-25 10:23:52','2025-09-25 10:23:52'),(1279,1,4,'2025-09-13',1,'喝了 8 杯水','2025-09-25 10:23:52','2025-09-25 10:23:52'),(1280,1,5,'2025-09-13',0,'没写日记','2025-09-25 10:23:52','2025-09-25 10:23:52'),(1281,3,1,'2025-09-14',1,'准时起床','2025-09-25 10:23:52','2025-09-25 10:23:52'),(1282,3,2,'2025-09-14',0,'今天没跑步','2025-09-25 10:23:52','2025-09-25 10:23:52'),(1283,3,3,'2025-09-14',1,'阅读 29 页','2025-09-25 10:23:52','2025-09-25 10:23:52'),(1284,1,4,'2025-09-14',1,'喝了 8 杯水','2025-09-25 10:23:52','2025-09-25 10:23:52'),(1285,1,5,'2025-09-14',1,'写了 217 字日记','2025-09-25 10:23:52','2025-09-25 10:23:52'),(1286,3,1,'2025-09-15',1,'准时起床','2025-09-25 10:23:52','2025-09-25 10:23:52'),(1287,3,2,'2025-09-15',0,'今天没跑步','2025-09-25 10:23:52','2025-09-25 10:23:52'),(1288,3,3,'2025-09-15',0,'没读书','2025-09-25 10:23:52','2025-09-25 10:23:52'),(1289,1,4,'2025-09-15',1,'喝了 8 杯水','2025-09-25 10:23:52','2025-09-25 10:23:52'),(1290,1,5,'2025-09-15',1,'写了 299 字日记','2025-09-25 10:23:52','2025-09-25 10:23:52'),(1291,3,1,'2025-09-16',1,'准时起床','2025-09-25 10:23:52','2025-09-25 10:23:52'),(1292,3,2,'2025-09-16',0,'今天没跑步','2025-09-25 10:23:52','2025-09-25 10:23:52'),(1293,3,3,'2025-09-16',1,'阅读 16 页','2025-09-25 10:23:52','2025-09-25 10:23:52'),(1294,1,4,'2025-09-16',1,'喝了 9 杯水','2025-09-25 10:23:52','2025-09-25 10:23:52'),(1295,1,5,'2025-09-16',1,'写了 242 字日记','2025-09-25 10:23:52','2025-09-25 10:23:52'),(1296,3,1,'2025-09-17',0,'睡过头了','2025-09-25 10:23:52','2025-09-25 10:23:52'),(1297,3,2,'2025-09-17',1,'6 公里跑步','2025-09-25 10:23:52','2025-09-25 10:23:52'),(1298,3,3,'2025-09-17',1,'阅读 25 页','2025-09-25 10:23:52','2025-09-25 10:23:52'),(1299,1,4,'2025-09-17',1,'喝了 9 杯水','2025-09-25 10:23:52','2025-09-25 10:23:52'),(1300,1,5,'2025-09-17',1,'写了 322 字日记','2025-09-25 10:23:52','2025-09-25 10:23:52'),(1301,3,1,'2025-09-18',1,'准时起床','2025-09-25 10:23:52','2025-09-25 10:23:52'),(1302,3,2,'2025-09-18',0,'今天没跑步','2025-09-25 10:23:52','2025-09-25 10:23:52'),(1303,3,3,'2025-09-18',0,'没读书','2025-09-25 10:23:52','2025-09-25 10:23:52'),(1304,1,4,'2025-09-18',1,'喝了 10 杯水','2025-09-25 10:23:52','2025-09-25 10:23:52'),(1305,1,5,'2025-09-18',1,'写了 268 字日记','2025-09-25 10:23:52','2025-09-25 10:23:52'),(1306,3,1,'2025-09-19',1,'准时起床','2025-09-25 10:23:52','2025-09-25 10:23:52'),(1307,3,2,'2025-09-19',1,'5 公里跑步','2025-09-25 10:23:52','2025-09-25 10:23:52'),(1308,3,3,'2025-09-19',1,'阅读 25 页','2025-09-25 10:23:52','2025-09-25 10:23:52'),(1309,1,4,'2025-09-19',1,'喝了 8 杯水','2025-09-25 10:23:52','2025-09-25 10:23:52'),(1310,1,5,'2025-09-19',1,'写了 296 字日记','2025-09-25 10:23:52','2025-09-25 10:23:52'),(1311,3,1,'2025-09-20',1,'准时起床','2025-09-25 10:23:52','2025-09-25 10:23:52'),(1312,3,2,'2025-09-20',0,'今天没跑步','2025-09-25 10:23:52','2025-09-25 10:23:52'),(1313,3,3,'2025-09-20',0,'没读书','2025-09-25 10:23:52','2025-09-25 10:23:52'),(1314,1,4,'2025-09-20',1,'喝了 8 杯水','2025-09-25 10:23:52','2025-09-25 10:23:52'),(1315,1,5,'2025-09-20',1,'写了 364 字日记','2025-09-25 10:23:52','2025-09-25 10:23:52'),(1316,3,1,'2025-09-21',1,'准时起床','2025-09-25 10:23:52','2025-09-25 10:23:52'),(1317,3,2,'2025-09-21',0,'今天没跑步','2025-09-25 10:23:52','2025-09-25 10:23:52'),(1318,3,3,'2025-09-21',1,'阅读 11 页','2025-09-25 10:23:52','2025-09-25 10:23:52'),(1319,1,4,'2025-09-21',1,'喝了 8 杯水','2025-09-25 10:23:52','2025-09-25 10:23:52'),(1320,1,5,'2025-09-21',0,'没写日记','2025-09-25 10:23:52','2025-09-25 10:23:52'),(1321,3,1,'2025-09-22',1,'准时起床','2025-09-25 10:23:52','2025-09-25 10:23:52'),(1322,3,2,'2025-09-22',0,'今天没跑步','2025-09-25 10:23:52','2025-09-25 10:23:52'),(1323,3,3,'2025-09-22',1,'阅读 27 页','2025-09-25 10:23:52','2025-09-25 10:23:52'),(1324,1,4,'2025-09-22',1,'喝了 10 杯水','2025-09-25 10:23:52','2025-09-25 10:23:52'),(1325,1,5,'2025-09-22',1,'写了 218 字日记','2025-09-25 10:23:52','2025-09-25 10:23:52'),(1326,3,1,'2025-09-23',1,'准时起床','2025-09-25 10:23:52','2025-09-25 10:23:52'),(1327,3,2,'2025-09-23',1,'4 公里跑步','2025-09-25 10:23:52','2025-09-25 10:23:52'),(1328,3,3,'2025-09-23',1,'阅读 18 页','2025-09-25 10:23:52','2025-09-25 10:23:52'),(1329,1,4,'2025-09-23',0,'只喝了 4 杯水','2025-09-25 10:23:52','2025-09-25 10:23:52'),(1330,1,5,'2025-09-23',0,'没写日记','2025-09-25 10:23:52','2025-09-25 10:23:52'),(1331,3,1,'2025-09-24',1,'准时起床','2025-09-25 10:23:52','2025-09-25 10:23:52'),(1332,3,2,'2025-09-24',1,'4 公里跑步','2025-09-25 10:23:52','2025-09-25 10:23:52'),(1333,3,3,'2025-09-24',1,'阅读 15 页','2025-09-25 10:23:52','2025-09-25 10:23:52'),(1334,1,4,'2025-09-24',1,'喝了 10 杯水','2025-09-25 10:23:52','2025-09-25 10:23:52'),(1335,1,5,'2025-09-24',1,'写了 273 字日记','2025-09-25 10:23:52','2025-09-25 10:23:52'),(1336,3,1,'2025-09-25',0,'睡过头了','2025-09-25 10:23:52','2025-09-25 10:23:52'),(1337,3,2,'2025-09-25',0,'今天没跑步','2025-09-25 10:23:52','2025-09-25 10:23:52'),(1338,3,3,'2025-09-25',0,'没读书','2025-09-25 10:23:52','2025-09-25 10:23:52'),(1339,1,4,'2025-09-25',1,'喝了 10 杯水','2025-09-25 10:23:52','2025-09-25 10:23:52'),(1340,1,5,'2025-09-25',1,'写了 388 字日记','2025-09-25 10:23:52','2025-09-25 10:23:52'),(1341,3,1,'2025-09-26',1,'准时起床','2025-09-25 10:23:52','2025-09-25 10:23:52'),(1342,3,2,'2025-09-26',1,'5 公里跑步','2025-09-25 10:23:52','2025-09-25 10:23:52'),(1343,3,3,'2025-09-26',1,'阅读 11 页','2025-09-25 10:23:52','2025-09-25 10:23:52'),(1344,1,4,'2025-09-26',1,'喝了 8 杯水','2025-09-25 10:23:52','2025-09-25 10:23:52'),(1345,1,5,'2025-09-26',1,'写了 313 字日记','2025-09-25 10:23:52','2025-09-25 10:23:52'),(1346,3,1,'2025-09-27',1,'准时起床','2025-09-25 10:23:52','2025-09-25 10:23:52'),(1347,3,2,'2025-09-27',0,'今天没跑步','2025-09-25 10:23:52','2025-09-25 10:23:52'),(1348,3,3,'2025-09-27',1,'阅读 24 页','2025-09-25 10:23:52','2025-09-25 10:23:52'),(1349,1,4,'2025-09-27',1,'喝了 9 杯水','2025-09-25 10:23:52','2025-09-25 10:23:52'),(1350,1,5,'2025-09-27',0,'没写日记','2025-09-25 10:23:52','2025-09-25 10:23:52'),(1351,3,1,'2025-09-28',1,'准时起床','2025-09-25 10:23:52','2025-09-25 10:23:52'),(1352,3,2,'2025-09-28',1,'5 公里跑步','2025-09-25 10:23:52','2025-09-25 10:23:52'),(1353,3,3,'2025-09-28',0,'没读书','2025-09-25 10:23:52','2025-09-25 10:23:52'),(1354,1,4,'2025-09-28',1,'喝了 10 杯水','2025-09-25 10:23:52','2025-09-25 10:23:52'),(1355,1,5,'2025-09-28',1,'写了 334 字日记','2025-09-25 10:23:52','2025-09-25 10:23:52'),(1356,3,1,'2025-09-29',1,'准时起床','2025-09-25 10:23:52','2025-09-25 10:23:52'),(1357,3,2,'2025-09-29',0,'今天没跑步','2025-09-25 10:23:52','2025-09-25 10:23:52'),(1358,3,3,'2025-09-29',0,'没读书','2025-09-25 10:23:52','2025-09-25 10:23:52'),(1359,1,4,'2025-09-29',1,'喝了 8 杯水','2025-09-25 10:23:52','2025-09-25 10:23:52'),(1360,1,5,'2025-09-29',0,'没写日记','2025-09-25 10:23:52','2025-09-25 10:23:52'),(1361,3,1,'2025-09-30',1,'准时起床','2025-09-25 10:23:52','2025-09-25 10:23:52'),(1362,3,2,'2025-09-30',1,'5 公里跑步','2025-09-25 10:23:52','2025-09-25 10:23:52'),(1363,3,3,'2025-09-30',1,'阅读 11 页','2025-09-25 10:23:52','2025-09-25 10:23:52'),(1364,1,4,'2025-09-30',1,'喝了 10 杯水','2025-09-25 10:23:52','2025-09-25 10:23:52'),(1365,1,5,'2025-09-30',1,'写了 353 字日记','2025-09-25 10:23:52','2025-09-25 10:23:52'),(1366,3,1,'2025-10-01',1,'准时起床','2025-09-25 10:23:52','2025-09-25 10:23:52'),(1367,3,2,'2025-10-01',0,'今天没跑步','2025-09-25 10:23:52','2025-09-25 10:23:52'),(1368,3,3,'2025-10-01',1,'阅读 11 页','2025-09-25 10:23:52','2025-09-25 10:23:52'),(1369,1,4,'2025-10-01',1,'喝了 8 杯水','2025-09-25 10:23:52','2025-09-25 10:23:52'),(1370,1,5,'2025-10-01',1,'写了 387 字日记','2025-09-25 10:23:52','2025-09-25 10:23:52'),(1371,3,1,'2025-10-02',1,'准时起床','2025-09-25 10:23:52','2025-09-25 10:23:52'),(1372,3,2,'2025-10-02',0,'今天没跑步','2025-09-25 10:23:52','2025-09-25 10:23:52'),(1373,3,3,'2025-10-02',1,'阅读 13 页','2025-09-25 10:23:52','2025-09-25 10:23:52'),(1374,1,4,'2025-10-02',0,'只喝了 3 杯水','2025-09-25 10:23:52','2025-09-25 10:23:52'),(1375,1,5,'2025-10-02',1,'写了 354 字日记','2025-09-25 10:23:52','2025-09-25 10:23:52'),(1376,3,1,'2025-10-03',1,'准时起床','2025-09-25 10:23:52','2025-09-25 10:23:52'),(1377,3,2,'2025-10-03',0,'今天没跑步','2025-09-25 10:23:52','2025-09-25 10:23:52'),(1378,3,3,'2025-10-03',1,'阅读 15 页','2025-09-25 10:23:52','2025-09-25 10:23:52'),(1379,1,4,'2025-10-03',1,'喝了 10 杯水','2025-09-25 10:23:52','2025-09-25 10:23:52'),(1380,1,5,'2025-10-03',0,'没写日记','2025-09-25 10:23:52','2025-09-25 10:23:52'),(1381,3,1,'2025-10-04',1,'准时起床','2025-09-25 10:23:52','2025-09-25 10:23:52'),(1382,3,2,'2025-10-04',0,'今天没跑步','2025-09-25 10:23:52','2025-09-25 10:23:52'),(1383,3,3,'2025-10-04',1,'阅读 27 页','2025-09-25 10:23:52','2025-09-25 10:23:52'),(1384,1,4,'2025-10-04',1,'喝了 10 杯水','2025-09-25 10:23:52','2025-09-25 10:23:52'),(1385,1,5,'2025-10-04',1,'写了 359 字日记','2025-09-25 10:23:52','2025-09-25 10:23:52'),(1386,3,1,'2025-10-05',1,'准时起床','2025-09-25 10:23:52','2025-09-25 10:23:52'),(1387,3,2,'2025-10-05',0,'今天没跑步','2025-09-25 10:23:52','2025-09-25 10:23:52'),(1388,3,3,'2025-10-05',1,'阅读 21 页','2025-09-25 10:23:52','2025-09-25 10:23:52'),(1389,1,4,'2025-10-05',1,'喝了 9 杯水','2025-09-25 10:23:52','2025-09-25 10:23:52'),(1390,1,5,'2025-10-05',0,'没写日记','2025-09-25 10:23:52','2025-09-25 10:23:52'),(1391,3,1,'2025-10-06',1,'准时起床','2025-09-25 10:23:52','2025-09-25 10:23:52'),(1392,3,2,'2025-10-06',1,'3 公里跑步','2025-09-25 10:23:52','2025-09-25 10:23:52'),(1393,3,3,'2025-10-06',1,'阅读 11 页','2025-09-25 10:23:52','2025-09-25 10:23:52'),(1394,1,4,'2025-10-06',0,'只喝了 6 杯水','2025-09-25 10:23:52','2025-09-25 10:23:52'),(1395,1,5,'2025-10-06',1,'写了 376 字日记','2025-09-25 10:23:52','2025-09-25 10:23:52'),(1396,3,1,'2025-10-07',1,'准时起床','2025-09-25 10:23:52','2025-09-25 10:23:52'),(1397,3,2,'2025-10-07',1,'3 公里跑步','2025-09-25 10:23:52','2025-09-25 10:23:52'),(1398,3,3,'2025-10-07',1,'阅读 27 页','2025-09-25 10:23:52','2025-09-25 10:23:52'),(1399,1,4,'2025-10-07',1,'喝了 9 杯水','2025-09-25 10:23:52','2025-09-25 10:23:52'),(1400,1,5,'2025-10-07',0,'没写日记','2025-09-25 10:23:52','2025-09-25 10:23:52'),(1401,3,1,'2025-10-08',0,'睡过头了','2025-09-25 10:23:52','2025-09-25 10:23:52'),(1402,3,2,'2025-10-08',1,'5 公里跑步','2025-09-25 10:23:52','2025-09-25 10:23:52'),(1403,3,3,'2025-10-08',0,'没读书','2025-09-25 10:23:52','2025-09-25 10:23:52'),(1404,1,4,'2025-10-08',1,'喝了 10 杯水','2025-09-25 10:23:52','2025-09-25 10:23:52'),(1405,1,5,'2025-10-08',1,'写了 268 字日记','2025-09-25 10:23:52','2025-09-25 10:23:52'),(1406,3,1,'2025-10-09',0,'睡过头了','2025-09-25 10:23:52','2025-09-25 10:23:52'),(1407,3,2,'2025-10-09',1,'3 公里跑步','2025-09-25 10:23:52','2025-09-25 10:23:52'),(1408,3,3,'2025-10-09',1,'阅读 19 页','2025-09-25 10:23:52','2025-09-25 10:23:52'),(1409,1,4,'2025-10-09',1,'喝了 10 杯水','2025-09-25 10:23:52','2025-09-25 10:23:52'),(1410,1,5,'2025-10-09',1,'写了 253 字日记','2025-09-25 10:23:52','2025-09-25 10:23:52'),(1411,3,1,'2025-10-10',1,'准时起床','2025-09-25 10:23:52','2025-09-25 10:23:52'),(1412,3,2,'2025-10-10',0,'今天没跑步','2025-09-25 10:23:52','2025-09-25 10:23:52'),(1413,3,3,'2025-10-10',0,'没读书','2025-09-25 10:23:52','2025-09-25 10:23:52'),(1414,1,4,'2025-10-10',1,'喝了 10 杯水','2025-09-25 10:23:52','2025-09-25 10:23:52'),(1415,1,5,'2025-10-10',0,'没写日记','2025-09-25 10:23:52','2025-09-25 10:23:52'),(1416,3,1,'2025-10-11',1,'准时起床','2025-09-25 10:23:52','2025-09-25 10:23:52'),(1417,3,2,'2025-10-11',0,'今天没跑步','2025-09-25 10:23:52','2025-09-25 10:23:52'),(1418,3,3,'2025-10-11',1,'阅读 28 页','2025-09-25 10:23:52','2025-09-25 10:23:52'),(1419,1,4,'2025-10-11',1,'喝了 9 杯水','2025-09-25 10:23:52','2025-09-25 10:23:52'),(1420,1,5,'2025-10-11',1,'写了 257 字日记','2025-09-25 10:23:52','2025-09-25 10:23:52'),(1421,3,1,'2025-10-12',1,'准时起床','2025-09-25 10:23:52','2025-09-25 10:23:52'),(1422,3,2,'2025-10-12',0,'今天没跑步','2025-09-25 10:23:52','2025-09-25 10:23:52'),(1423,3,3,'2025-10-12',1,'阅读 30 页','2025-09-25 10:23:52','2025-09-25 10:23:52'),(1424,1,4,'2025-10-12',1,'喝了 9 杯水','2025-09-25 10:23:52','2025-09-25 10:23:52'),(1425,1,5,'2025-10-12',1,'写了 264 字日记','2025-09-25 10:23:52','2025-09-25 10:23:52'),(1426,3,1,'2025-10-13',1,'准时起床','2025-09-25 10:23:52','2025-09-25 10:23:52'),(1427,3,2,'2025-10-13',0,'今天没跑步','2025-09-25 10:23:52','2025-09-25 10:23:52'),(1428,3,3,'2025-10-13',1,'阅读 18 页','2025-09-25 10:23:52','2025-09-25 10:23:52'),(1429,1,4,'2025-10-13',0,'只喝了 5 杯水','2025-09-25 10:23:52','2025-09-25 10:23:52'),(1430,1,5,'2025-10-13',1,'写了 387 字日记','2025-09-25 10:23:52','2025-09-25 10:23:52'),(1431,3,1,'2025-10-14',0,'睡过头了','2025-09-25 10:23:52','2025-09-25 10:23:52'),(1432,3,2,'2025-10-14',0,'今天没跑步','2025-09-25 10:23:52','2025-09-25 10:23:52'),(1433,3,3,'2025-10-14',1,'阅读 17 页','2025-09-25 10:23:52','2025-09-25 10:23:52'),(1434,1,4,'2025-10-14',0,'只喝了 7 杯水','2025-09-25 10:23:52','2025-09-25 10:23:52'),(1435,1,5,'2025-10-14',0,'没写日记','2025-09-25 10:23:52','2025-09-25 10:23:52'),(1436,3,1,'2025-10-15',1,'准时起床','2025-09-25 10:23:52','2025-09-25 10:23:52'),(1437,3,2,'2025-10-15',0,'今天没跑步','2025-09-25 10:23:52','2025-09-25 10:23:52'),(1438,3,3,'2025-10-15',1,'阅读 18 页','2025-09-25 10:23:52','2025-09-25 10:23:52'),(1439,1,4,'2025-10-15',1,'喝了 8 杯水','2025-09-25 10:23:52','2025-09-25 10:23:52'),(1440,1,5,'2025-10-15',1,'写了 306 字日记','2025-09-25 10:23:52','2025-09-25 10:23:52'),(1441,3,1,'2025-10-16',1,'准时起床','2025-09-25 10:23:52','2025-09-25 10:23:52'),(1442,3,2,'2025-10-16',0,'今天没跑步','2025-09-25 10:23:52','2025-09-25 10:23:52'),(1443,3,3,'2025-10-16',1,'阅读 15 页','2025-09-25 10:23:52','2025-09-25 10:23:52'),(1444,1,4,'2025-10-16',1,'喝了 9 杯水','2025-09-25 10:23:52','2025-09-25 10:23:52'),(1445,1,5,'2025-10-16',1,'写了 234 字日记','2025-09-25 10:23:52','2025-09-25 10:23:52'),(1446,3,1,'2025-10-17',1,'准时起床','2025-09-25 10:23:52','2025-09-25 10:23:52'),(1447,3,2,'2025-10-17',1,'3 公里跑步','2025-09-25 10:23:52','2025-09-25 10:23:52'),(1448,3,3,'2025-10-17',1,'阅读 17 页','2025-09-25 10:23:52','2025-09-25 10:23:52'),(1449,1,4,'2025-10-17',1,'喝了 9 杯水','2025-09-25 10:23:52','2025-09-25 10:23:52'),(1450,1,5,'2025-10-17',0,'没写日记','2025-09-25 10:23:52','2025-09-25 10:23:52'),(1451,3,1,'2025-10-18',1,'准时起床','2025-09-25 10:23:52','2025-09-25 10:23:52'),(1452,3,2,'2025-10-18',0,'今天没跑步','2025-09-25 10:23:52','2025-09-25 10:23:52'),(1453,3,3,'2025-10-18',1,'阅读 24 页','2025-09-25 10:23:52','2025-09-25 10:23:52'),(1454,1,4,'2025-10-18',1,'喝了 10 杯水','2025-09-25 10:23:52','2025-09-25 10:23:52'),(1455,1,5,'2025-10-18',0,'没写日记','2025-09-25 10:23:52','2025-09-25 10:23:52'),(1456,3,1,'2025-10-19',1,'准时起床','2025-09-25 10:23:52','2025-09-25 10:23:52'),(1457,3,2,'2025-10-19',0,'今天没跑步','2025-09-25 10:23:52','2025-09-25 10:23:52'),(1458,3,3,'2025-10-19',1,'阅读 18 页','2025-09-25 10:23:52','2025-09-25 10:23:52'),(1459,1,4,'2025-10-19',1,'喝了 8 杯水','2025-09-25 10:23:52','2025-09-25 10:23:52'),(1460,1,5,'2025-10-19',1,'写了 383 字日记','2025-09-25 10:23:52','2025-09-25 10:23:52'),(1461,3,1,'2025-10-20',1,'准时起床','2025-09-25 10:23:52','2025-09-25 10:23:52'),(1462,3,2,'2025-10-20',0,'今天没跑步','2025-09-25 10:23:52','2025-09-25 10:23:52'),(1463,3,3,'2025-10-20',1,'阅读 15 页','2025-09-25 10:23:52','2025-09-25 10:23:52'),(1464,1,4,'2025-10-20',1,'喝了 10 杯水','2025-09-25 10:23:52','2025-09-25 10:23:52'),(1465,1,5,'2025-10-20',1,'写了 245 字日记','2025-09-25 10:23:52','2025-09-25 10:23:52'),(1466,3,1,'2025-10-21',1,'准时起床','2025-09-25 10:23:52','2025-09-25 10:23:52'),(1467,3,2,'2025-10-21',0,'今天没跑步','2025-09-25 10:23:52','2025-09-25 10:23:52'),(1468,3,3,'2025-10-21',0,'没读书','2025-09-25 10:23:52','2025-09-25 10:23:52'),(1469,1,4,'2025-10-21',1,'喝了 9 杯水','2025-09-25 10:23:52','2025-09-25 10:23:52'),(1470,1,5,'2025-10-21',1,'写了 327 字日记','2025-09-25 10:23:52','2025-09-25 10:23:52'),(1471,3,1,'2025-10-22',1,'准时起床','2025-09-25 10:23:52','2025-09-25 10:23:52'),(1472,3,2,'2025-10-22',0,'今天没跑步','2025-09-25 10:23:52','2025-09-25 10:23:52'),(1473,3,3,'2025-10-22',0,'没读书','2025-09-25 10:23:52','2025-09-25 10:23:52'),(1474,1,4,'2025-10-22',0,'只喝了 4 杯水','2025-09-25 10:23:52','2025-09-25 10:23:52'),(1475,1,5,'2025-10-22',1,'写了 309 字日记','2025-09-25 10:23:52','2025-09-25 10:23:52'),(1476,3,1,'2025-10-23',1,'准时起床','2025-09-25 10:23:52','2025-09-25 10:23:52'),(1477,3,2,'2025-10-23',0,'今天没跑步','2025-09-25 10:23:52','2025-09-25 10:23:52'),(1478,3,3,'2025-10-23',1,'阅读 22 页','2025-09-25 10:23:52','2025-09-25 10:23:52'),(1479,1,4,'2025-10-23',1,'喝了 10 杯水','2025-09-25 10:23:52','2025-09-25 10:23:52'),(1480,1,5,'2025-10-23',1,'写了 264 字日记','2025-09-25 10:23:52','2025-09-25 10:23:52'),(1481,3,1,'2025-10-24',1,'准时起床','2025-09-25 10:23:52','2025-09-25 10:23:52'),(1482,3,2,'2025-10-24',0,'今天没跑步','2025-09-25 10:23:52','2025-09-25 10:23:52'),(1483,3,3,'2025-10-24',1,'阅读 12 页','2025-09-25 10:23:52','2025-09-25 10:23:52'),(1484,1,4,'2025-10-24',0,'只喝了 4 杯水','2025-09-25 10:23:52','2025-09-25 10:23:52'),(1485,1,5,'2025-10-24',1,'写了 327 字日记','2025-09-25 10:23:52','2025-09-25 10:23:52'),(1486,3,1,'2025-10-25',1,'准时起床','2025-09-25 10:23:52','2025-09-25 10:23:52'),(1487,3,2,'2025-10-25',0,'今天没跑步','2025-09-25 10:23:52','2025-09-25 10:23:52'),(1488,3,3,'2025-10-25',1,'阅读 12 页','2025-09-25 10:23:52','2025-09-25 10:23:52'),(1489,1,4,'2025-10-25',1,'喝了 8 杯水','2025-09-25 10:23:52','2025-09-25 10:23:52'),(1490,1,5,'2025-10-25',0,'没写日记','2025-09-25 10:23:52','2025-09-25 10:23:52'),(1491,3,1,'2025-10-26',1,'准时起床','2025-09-25 10:23:52','2025-09-25 10:23:52'),(1492,3,2,'2025-10-26',1,'5 公里跑步','2025-09-25 10:23:52','2025-09-25 10:23:52'),(1493,3,3,'2025-10-26',1,'阅读 14 页','2025-09-25 10:23:52','2025-09-25 10:23:52'),(1494,1,4,'2025-10-26',1,'喝了 9 杯水','2025-09-25 10:23:52','2025-09-25 10:23:52'),(1495,1,5,'2025-10-26',1,'写了 323 字日记','2025-09-25 10:23:52','2025-09-25 10:23:52'),(1496,3,1,'2025-10-27',1,'准时起床','2025-09-25 10:23:52','2025-09-25 10:23:52'),(1497,3,2,'2025-10-27',0,'今天没跑步','2025-09-25 10:23:52','2025-09-25 10:23:52'),(1498,3,3,'2025-10-27',0,'没读书','2025-09-25 10:23:52','2025-09-25 10:23:52'),(1499,1,4,'2025-10-27',1,'喝了 10 杯水','2025-09-25 10:23:52','2025-09-25 10:23:52'),(1500,1,5,'2025-10-27',1,'写了 280 字日记','2025-09-25 10:23:52','2025-09-25 10:23:52'),(1501,3,1,'2025-10-28',1,'准时起床','2025-09-25 10:23:52','2025-09-25 10:23:52'),(1502,3,2,'2025-10-28',0,'今天没跑步','2025-09-25 10:23:52','2025-09-25 10:23:52'),(1503,3,3,'2025-10-28',1,'阅读 17 页','2025-09-25 10:23:52','2025-09-25 10:23:52'),(1504,1,4,'2025-10-28',1,'喝了 8 杯水','2025-09-25 10:23:52','2025-09-25 10:23:52'),(1505,1,5,'2025-10-28',1,'写了 323 字日记','2025-09-25 10:23:52','2025-09-25 10:23:52'),(1506,3,1,'2025-10-29',1,'准时起床','2025-09-25 10:23:52','2025-09-25 10:23:52'),(1507,3,2,'2025-10-29',0,'今天没跑步','2025-09-25 10:23:52','2025-09-25 10:23:52'),(1508,3,3,'2025-10-29',1,'阅读 16 页','2025-09-25 10:23:52','2025-09-25 10:23:52'),(1509,1,4,'2025-10-29',1,'喝了 9 杯水','2025-09-25 10:23:52','2025-09-25 10:23:52'),(1510,1,5,'2025-10-29',0,'没写日记','2025-09-25 10:23:52','2025-09-25 10:23:52'),(1511,3,1,'2025-10-30',1,'准时起床','2025-09-25 10:23:52','2025-09-25 10:23:52'),(1512,3,2,'2025-10-30',0,'今天没跑步','2025-09-25 10:23:52','2025-09-25 10:23:52'),(1513,3,3,'2025-10-30',1,'阅读 15 页','2025-09-25 10:23:52','2025-09-25 10:23:52'),(1514,1,4,'2025-10-30',1,'喝了 8 杯水','2025-09-25 10:23:52','2025-09-25 10:23:52'),(1515,1,5,'2025-10-30',0,'没写日记','2025-09-25 10:23:52','2025-09-25 10:23:52'),(1516,3,1,'2025-10-31',0,'睡过头了','2025-09-25 10:23:52','2025-09-25 10:23:52'),(1517,3,2,'2025-10-31',0,'今天没跑步','2025-09-25 10:23:52','2025-09-25 10:23:52'),(1518,3,3,'2025-10-31',1,'阅读 23 页','2025-09-25 10:23:52','2025-09-25 10:23:52'),(1519,1,4,'2025-10-31',1,'喝了 10 杯水','2025-09-25 10:23:52','2025-09-25 10:23:52'),(1520,1,5,'2025-10-31',0,'没写日记','2025-09-25 10:23:52','2025-09-25 10:23:52'),(1521,3,1,'2025-11-01',0,'睡过头了','2025-09-25 10:23:52','2025-09-25 10:23:52'),(1522,3,2,'2025-11-01',1,'5 公里跑步','2025-09-25 10:23:52','2025-09-25 10:23:52'),(1523,3,3,'2025-11-01',1,'阅读 12 页','2025-09-25 10:23:52','2025-09-25 10:23:52'),(1524,1,4,'2025-11-01',0,'只喝了 4 杯水','2025-09-25 10:23:52','2025-09-25 10:23:52'),(1525,1,5,'2025-11-01',0,'没写日记','2025-09-25 10:23:52','2025-09-25 10:23:52'),(1526,3,1,'2025-11-02',1,'准时起床','2025-09-25 10:23:52','2025-09-25 10:23:52'),(1527,3,2,'2025-11-02',1,'6 公里跑步','2025-09-25 10:23:52','2025-09-25 10:23:52'),(1528,3,3,'2025-11-02',1,'阅读 18 页','2025-09-25 10:23:52','2025-09-25 10:23:52'),(1529,1,4,'2025-11-02',1,'喝了 9 杯水','2025-09-25 10:23:52','2025-09-25 10:23:52'),(1530,1,5,'2025-11-02',0,'没写日记','2025-09-25 10:23:52','2025-09-25 10:23:52'),(1531,3,1,'2025-11-03',1,'准时起床','2025-09-25 10:23:52','2025-09-25 10:23:52'),(1532,3,2,'2025-11-03',1,'5 公里跑步','2025-09-25 10:23:52','2025-09-25 10:23:52'),(1533,3,3,'2025-11-03',1,'阅读 23 页','2025-09-25 10:23:52','2025-09-25 10:23:52'),(1534,1,4,'2025-11-03',0,'只喝了 7 杯水','2025-09-25 10:23:52','2025-09-25 10:23:52'),(1535,1,5,'2025-11-03',1,'写了 236 字日记','2025-09-25 10:23:52','2025-09-25 10:23:52'),(1536,3,1,'2025-11-04',1,'准时起床','2025-09-25 10:23:52','2025-09-25 10:23:52'),(1537,3,2,'2025-11-04',0,'今天没跑步','2025-09-25 10:23:52','2025-09-25 10:23:52'),(1538,3,3,'2025-11-04',1,'阅读 22 页','2025-09-25 10:23:52','2025-09-25 10:23:52'),(1539,1,4,'2025-11-04',1,'喝了 8 杯水','2025-09-25 10:23:52','2025-09-25 10:23:52'),(1540,1,5,'2025-11-04',1,'写了 227 字日记','2025-09-25 10:23:52','2025-09-25 10:23:52'),(1541,3,1,'2025-11-05',1,'准时起床','2025-09-25 10:23:52','2025-09-25 10:23:52'),(1542,3,2,'2025-11-05',0,'今天没跑步','2025-09-25 10:23:52','2025-09-25 10:23:52'),(1543,3,3,'2025-11-05',1,'阅读 22 页','2025-09-25 10:23:52','2025-09-25 10:23:52'),(1544,1,4,'2025-11-05',0,'只喝了 3 杯水','2025-09-25 10:23:52','2025-09-25 10:23:52'),(1545,1,5,'2025-11-05',0,'没写日记','2025-09-25 10:23:52','2025-09-25 10:23:52'),(1546,3,1,'2025-11-06',1,'准时起床','2025-09-25 10:23:52','2025-09-25 10:23:52'),(1547,3,2,'2025-11-06',0,'今天没跑步','2025-09-25 10:23:52','2025-09-25 10:23:52'),(1548,3,3,'2025-11-06',1,'阅读 19 页','2025-09-25 10:23:52','2025-09-25 10:23:52'),(1549,1,4,'2025-11-06',0,'只喝了 3 杯水','2025-09-25 10:23:52','2025-09-25 10:23:52'),(1550,1,5,'2025-11-06',1,'写了 341 字日记','2025-09-25 10:23:52','2025-09-25 10:23:52'),(1551,3,1,'2025-11-07',1,'准时起床','2025-09-25 10:23:52','2025-09-25 10:23:52'),(1552,3,2,'2025-11-07',0,'今天没跑步','2025-09-25 10:23:52','2025-09-25 10:23:52'),(1553,3,3,'2025-11-07',1,'阅读 10 页','2025-09-25 10:23:52','2025-09-25 10:23:52'),(1554,1,4,'2025-11-07',1,'喝了 9 杯水','2025-09-25 10:23:52','2025-09-25 10:23:52'),(1555,1,5,'2025-11-07',0,'没写日记','2025-09-25 10:23:52','2025-09-25 10:23:52'),(1556,3,1,'2025-11-08',1,'准时起床','2025-09-25 10:23:52','2025-09-25 10:23:52'),(1557,3,2,'2025-11-08',1,'6 公里跑步','2025-09-25 10:23:52','2025-09-25 10:23:52'),(1558,3,3,'2025-11-08',1,'阅读 21 页','2025-09-25 10:23:52','2025-09-25 10:23:52'),(1559,1,4,'2025-11-08',1,'喝了 8 杯水','2025-09-25 10:23:52','2025-09-25 10:23:52'),(1560,1,5,'2025-11-08',0,'没写日记','2025-09-25 10:23:52','2025-09-25 10:23:52'),(1561,3,1,'2025-11-09',1,'准时起床','2025-09-25 10:23:52','2025-09-25 10:23:52'),(1562,3,2,'2025-11-09',0,'今天没跑步','2025-09-25 10:23:52','2025-09-25 10:23:52'),(1563,3,3,'2025-11-09',0,'没读书','2025-09-25 10:23:52','2025-09-25 10:23:52'),(1564,1,4,'2025-11-09',1,'喝了 8 杯水','2025-09-25 10:23:52','2025-09-25 10:23:52'),(1565,1,5,'2025-11-09',0,'没写日记','2025-09-25 10:23:52','2025-09-25 10:23:52'),(1566,3,1,'2025-11-10',1,'准时起床','2025-09-25 10:23:52','2025-09-25 10:23:52'),(1567,3,2,'2025-11-10',0,'今天没跑步','2025-09-25 10:23:52','2025-09-25 10:23:52'),(1568,3,3,'2025-11-10',0,'没读书','2025-09-25 10:23:52','2025-09-25 10:23:52'),(1569,1,4,'2025-11-10',1,'喝了 9 杯水','2025-09-25 10:23:52','2025-09-25 10:23:52'),(1570,1,5,'2025-11-10',1,'写了 300 字日记','2025-09-25 10:23:52','2025-09-25 10:23:52'),(1571,3,1,'2025-11-11',0,'睡过头了','2025-09-25 10:23:52','2025-09-25 10:23:52'),(1572,3,2,'2025-11-11',1,'5 公里跑步','2025-09-25 10:23:52','2025-09-25 10:23:52'),(1573,3,3,'2025-11-11',0,'没读书','2025-09-25 10:23:52','2025-09-25 10:23:52'),(1574,1,4,'2025-11-11',1,'喝了 9 杯水','2025-09-25 10:23:52','2025-09-25 10:23:52'),(1575,1,5,'2025-11-11',1,'写了 203 字日记','2025-09-25 10:23:52','2025-09-25 10:23:52'),(1576,3,1,'2025-11-12',1,'准时起床','2025-09-25 10:23:52','2025-09-25 10:23:52'),(1577,3,2,'2025-11-12',0,'今天没跑步','2025-09-25 10:23:52','2025-09-25 10:23:52'),(1578,3,3,'2025-11-12',1,'阅读 18 页','2025-09-25 10:23:52','2025-09-25 10:23:52'),(1579,1,4,'2025-11-12',0,'只喝了 3 杯水','2025-09-25 10:23:52','2025-09-25 10:23:52'),(1580,1,5,'2025-11-12',1,'写了 224 字日记','2025-09-25 10:23:52','2025-09-25 10:23:52'),(1581,3,1,'2025-11-13',1,'准时起床','2025-09-25 10:23:52','2025-09-25 10:23:52'),(1582,3,2,'2025-11-13',1,'4 公里跑步','2025-09-25 10:23:52','2025-09-25 10:23:52'),(1583,3,3,'2025-11-13',1,'阅读 18 页','2025-09-25 10:23:52','2025-09-25 10:23:52'),(1584,1,4,'2025-11-13',1,'喝了 10 杯水','2025-09-25 10:23:52','2025-09-25 10:23:52'),(1585,1,5,'2025-11-13',0,'没写日记','2025-09-25 10:23:52','2025-09-25 10:23:52'),(1586,3,1,'2025-11-14',0,'睡过头了','2025-09-25 10:23:52','2025-09-25 10:23:52'),(1587,3,2,'2025-11-14',1,'5 公里跑步','2025-09-25 10:23:52','2025-09-25 10:23:52'),(1588,3,3,'2025-11-14',1,'阅读 26 页','2025-09-25 10:23:52','2025-09-25 10:23:52'),(1589,1,4,'2025-11-14',1,'喝了 8 杯水','2025-09-25 10:23:52','2025-09-25 10:23:52'),(1590,1,5,'2025-11-14',0,'没写日记','2025-09-25 10:23:52','2025-09-25 10:23:52'),(1591,3,1,'2025-11-15',0,'睡过头了','2025-09-25 10:23:52','2025-09-25 10:23:52'),(1592,3,2,'2025-11-15',1,'6 公里跑步','2025-09-25 10:23:52','2025-09-25 10:23:52'),(1593,3,3,'2025-11-15',1,'阅读 21 页','2025-09-25 10:23:52','2025-09-25 10:23:52'),(1594,1,4,'2025-11-15',1,'喝了 8 杯水','2025-09-25 10:23:52','2025-09-25 10:23:52'),(1595,1,5,'2025-11-15',1,'写了 242 字日记','2025-09-25 10:23:52','2025-09-25 10:23:52'),(1596,3,1,'2025-11-16',1,'准时起床','2025-09-25 10:23:52','2025-09-25 10:23:52'),(1597,3,2,'2025-11-16',1,'5 公里跑步','2025-09-25 10:23:52','2025-09-25 10:23:52'),(1598,3,3,'2025-11-16',1,'阅读 11 页','2025-09-25 10:23:52','2025-09-25 10:23:52'),(1599,1,4,'2025-11-16',1,'喝了 10 杯水','2025-09-25 10:23:52','2025-09-25 10:23:52'),(1600,1,5,'2025-11-16',1,'写了 207 字日记','2025-09-25 10:23:52','2025-09-25 10:23:52'),(1601,3,1,'2025-11-17',1,'准时起床','2025-09-25 10:23:52','2025-09-25 10:23:52'),(1602,3,2,'2025-11-17',1,'3 公里跑步','2025-09-25 10:23:52','2025-09-25 10:23:52'),(1603,3,3,'2025-11-17',1,'阅读 25 页','2025-09-25 10:23:52','2025-09-25 10:23:52'),(1604,1,4,'2025-11-17',1,'喝了 10 杯水','2025-09-25 10:23:52','2025-09-25 10:23:52'),(1605,1,5,'2025-11-17',1,'写了 208 字日记','2025-09-25 10:23:52','2025-09-25 10:23:52'),(1606,3,1,'2025-11-18',1,'准时起床','2025-09-25 10:23:52','2025-09-25 10:23:52'),(1607,3,2,'2025-11-18',1,'5 公里跑步','2025-09-25 10:23:52','2025-09-25 10:23:52'),(1608,3,3,'2025-11-18',1,'阅读 20 页','2025-09-25 10:23:52','2025-09-25 10:23:52'),(1609,1,4,'2025-11-18',1,'喝了 9 杯水','2025-09-25 10:23:52','2025-09-25 10:23:52'),(1610,1,5,'2025-11-18',0,'没写日记','2025-09-25 10:23:52','2025-09-25 10:23:52'),(1611,3,1,'2025-11-19',1,'准时起床','2025-09-25 10:23:52','2025-09-25 10:23:52'),(1612,3,2,'2025-11-19',0,'今天没跑步','2025-09-25 10:23:52','2025-09-25 10:23:52'),(1613,3,3,'2025-11-19',1,'阅读 14 页','2025-09-25 10:23:52','2025-09-25 10:23:52'),(1614,1,4,'2025-11-19',1,'喝了 8 杯水','2025-09-25 10:23:52','2025-09-25 10:23:52'),(1615,1,5,'2025-11-19',1,'写了 203 字日记','2025-09-25 10:23:52','2025-09-25 10:23:52'),(1616,3,1,'2025-11-20',1,'准时起床','2025-09-25 10:23:52','2025-09-25 10:23:52'),(1617,3,2,'2025-11-20',0,'今天没跑步','2025-09-25 10:23:52','2025-09-25 10:23:52'),(1618,3,3,'2025-11-20',1,'阅读 26 页','2025-09-25 10:23:52','2025-09-25 10:23:52'),(1619,1,4,'2025-11-20',1,'喝了 10 杯水','2025-09-25 10:23:52','2025-09-25 10:23:52'),(1620,1,5,'2025-11-20',0,'没写日记','2025-09-25 10:23:52','2025-09-25 10:23:52'),(1621,3,1,'2025-11-21',1,'准时起床','2025-09-25 10:23:52','2025-09-25 10:23:52'),(1622,3,2,'2025-11-21',0,'今天没跑步','2025-09-25 10:23:52','2025-09-25 10:23:52'),(1623,3,3,'2025-11-21',0,'没读书','2025-09-25 10:23:52','2025-09-25 10:23:52'),(1624,1,4,'2025-11-21',1,'喝了 8 杯水','2025-09-25 10:23:52','2025-09-25 10:23:52'),(1625,1,5,'2025-11-21',0,'没写日记','2025-09-25 10:23:52','2025-09-25 10:23:52'),(1626,3,1,'2025-11-22',1,'准时起床','2025-09-25 10:23:52','2025-09-25 10:23:52'),(1627,3,2,'2025-11-22',1,'5 公里跑步','2025-09-25 10:23:52','2025-09-25 10:23:52'),(1628,3,3,'2025-11-22',0,'没读书','2025-09-25 10:23:52','2025-09-25 10:23:52'),(1629,1,4,'2025-11-22',0,'只喝了 3 杯水','2025-09-25 10:23:52','2025-09-25 10:23:52'),(1630,1,5,'2025-11-22',1,'写了 378 字日记','2025-09-25 10:23:52','2025-09-25 10:23:52'),(1631,3,1,'2025-11-23',1,'准时起床','2025-09-25 10:23:52','2025-09-25 10:23:52'),(1632,3,2,'2025-11-23',1,'6 公里跑步','2025-09-25 10:23:52','2025-09-25 10:23:52'),(1633,3,3,'2025-11-23',0,'没读书','2025-09-25 10:23:52','2025-09-25 10:23:52'),(1634,1,4,'2025-11-23',1,'喝了 8 杯水','2025-09-25 10:23:52','2025-09-25 10:23:52'),(1635,1,5,'2025-11-23',0,'没写日记','2025-09-25 10:23:52','2025-09-25 10:23:52'),(1636,3,1,'2025-11-24',1,'准时起床','2025-09-25 10:23:52','2025-09-25 10:23:52'),(1637,3,2,'2025-11-24',1,'5 公里跑步','2025-09-25 10:23:52','2025-09-25 10:23:52'),(1638,3,3,'2025-11-24',0,'没读书','2025-09-25 10:23:52','2025-09-25 10:23:52'),(1639,1,4,'2025-11-24',1,'喝了 10 杯水','2025-09-25 10:23:52','2025-09-25 10:23:52'),(1640,1,5,'2025-11-24',0,'没写日记','2025-09-25 10:23:52','2025-09-25 10:23:52'),(1641,3,1,'2025-11-25',1,'准时起床','2025-09-25 10:23:52','2025-09-25 10:23:52'),(1642,3,2,'2025-11-25',0,'今天没跑步','2025-09-25 10:23:52','2025-09-25 10:23:52'),(1643,3,3,'2025-11-25',1,'阅读 18 页','2025-09-25 10:23:52','2025-09-25 10:23:52'),(1644,1,4,'2025-11-25',1,'喝了 10 杯水','2025-09-25 10:23:52','2025-09-25 10:23:52'),(1645,1,5,'2025-11-25',1,'写了 392 字日记','2025-09-25 10:23:52','2025-09-25 10:23:52'),(1646,3,1,'2025-11-26',1,'准时起床','2025-09-25 10:23:52','2025-09-25 10:23:52'),(1647,3,2,'2025-11-26',0,'今天没跑步','2025-09-25 10:23:52','2025-09-25 10:23:52'),(1648,3,3,'2025-11-26',1,'阅读 22 页','2025-09-25 10:23:52','2025-09-25 10:23:52'),(1649,1,4,'2025-11-26',1,'喝了 8 杯水','2025-09-25 10:23:52','2025-09-25 10:23:52'),(1650,1,5,'2025-11-26',0,'没写日记','2025-09-25 10:23:52','2025-09-25 10:23:52'),(1651,3,1,'2025-11-27',1,'准时起床','2025-09-25 10:23:52','2025-09-25 10:23:52'),(1652,3,2,'2025-11-27',0,'今天没跑步','2025-09-25 10:23:52','2025-09-25 10:23:52'),(1653,3,3,'2025-11-27',1,'阅读 20 页','2025-09-25 10:23:52','2025-09-25 10:23:52'),(1654,1,4,'2025-11-27',1,'喝了 10 杯水','2025-09-25 10:23:52','2025-09-25 10:23:52'),(1655,1,5,'2025-11-27',0,'没写日记','2025-09-25 10:23:52','2025-09-25 10:23:52'),(1656,3,1,'2025-11-28',1,'准时起床','2025-09-25 10:23:52','2025-09-25 10:23:52'),(1657,3,2,'2025-11-28',0,'今天没跑步','2025-09-25 10:23:52','2025-09-25 10:23:52'),(1658,3,3,'2025-11-28',1,'阅读 14 页','2025-09-25 10:23:52','2025-09-25 10:23:52'),(1659,1,4,'2025-11-28',1,'喝了 8 杯水','2025-09-25 10:23:52','2025-09-25 10:23:52'),(1660,1,5,'2025-11-28',0,'没写日记','2025-09-25 10:23:52','2025-09-25 10:23:52'),(1661,3,1,'2025-11-29',1,'准时起床','2025-09-25 10:23:52','2025-09-25 10:23:52'),(1662,3,2,'2025-11-29',0,'今天没跑步','2025-09-25 10:23:52','2025-09-25 10:23:52'),(1663,3,3,'2025-11-29',0,'没读书','2025-09-25 10:23:52','2025-09-25 10:23:52'),(1664,1,4,'2025-11-29',1,'喝了 8 杯水','2025-09-25 10:23:52','2025-09-25 10:23:52'),(1665,1,5,'2025-11-29',1,'写了 321 字日记','2025-09-25 10:23:52','2025-09-25 10:23:52'),(1666,3,1,'2025-11-30',1,'准时起床','2025-09-25 10:23:52','2025-09-25 10:23:52'),(1667,3,2,'2025-11-30',1,'4 公里跑步','2025-09-25 10:23:52','2025-09-25 10:23:52'),(1668,3,3,'2025-11-30',1,'阅读 20 页','2025-09-25 10:23:52','2025-09-25 10:23:52'),(1669,1,4,'2025-11-30',1,'喝了 8 杯水','2025-09-25 10:23:52','2025-09-25 10:23:52'),(1670,1,5,'2025-11-30',1,'写了 265 字日记','2025-09-25 10:23:52','2025-09-25 10:23:52'),(1671,3,1,'2025-12-01',1,'准时起床','2025-09-25 10:23:52','2025-09-25 10:23:52'),(1672,3,2,'2025-12-01',0,'今天没跑步','2025-09-25 10:23:52','2025-09-25 10:23:52'),(1673,3,3,'2025-12-01',1,'阅读 10 页','2025-09-25 10:23:52','2025-09-25 10:23:52'),(1674,1,4,'2025-12-01',1,'喝了 9 杯水','2025-09-25 10:23:52','2025-09-25 10:23:52'),(1675,1,5,'2025-12-01',1,'写了 387 字日记','2025-09-25 10:23:52','2025-09-25 10:23:52'),(1676,3,1,'2025-12-02',0,'睡过头了','2025-09-25 10:23:52','2025-09-25 10:23:52'),(1677,3,2,'2025-12-02',0,'今天没跑步','2025-09-25 10:23:52','2025-09-25 10:23:52'),(1678,3,3,'2025-12-02',1,'阅读 10 页','2025-09-25 10:23:52','2025-09-25 10:23:52'),(1679,1,4,'2025-12-02',1,'喝了 9 杯水','2025-09-25 10:23:52','2025-09-25 10:23:52'),(1680,1,5,'2025-12-02',1,'写了 214 字日记','2025-09-25 10:23:52','2025-09-25 10:23:52'),(1681,3,1,'2025-12-03',1,'准时起床','2025-09-25 10:23:52','2025-09-25 10:23:52'),(1682,3,2,'2025-12-03',1,'3 公里跑步','2025-09-25 10:23:52','2025-09-25 10:23:52'),(1683,3,3,'2025-12-03',0,'没读书','2025-09-25 10:23:52','2025-09-25 10:23:52'),(1684,1,4,'2025-12-03',1,'喝了 10 杯水','2025-09-25 10:23:52','2025-09-25 10:23:52'),(1685,1,5,'2025-12-03',0,'没写日记','2025-09-25 10:23:52','2025-09-25 10:23:52'),(1686,3,1,'2025-12-04',1,'准时起床','2025-09-25 10:23:52','2025-09-25 10:23:52'),(1687,3,2,'2025-12-04',0,'今天没跑步','2025-09-25 10:23:52','2025-09-25 10:23:52'),(1688,3,3,'2025-12-04',1,'阅读 15 页','2025-09-25 10:23:52','2025-09-25 10:23:52'),(1689,1,4,'2025-12-04',1,'喝了 9 杯水','2025-09-25 10:23:52','2025-09-25 10:23:52'),(1690,1,5,'2025-12-04',1,'写了 238 字日记','2025-09-25 10:23:52','2025-09-25 10:23:52'),(1691,3,1,'2025-12-05',0,'睡过头了','2025-09-25 10:23:52','2025-09-25 10:23:52'),(1692,3,2,'2025-12-05',1,'5 公里跑步','2025-09-25 10:23:52','2025-09-25 10:23:52'),(1693,3,3,'2025-12-05',1,'阅读 28 页','2025-09-25 10:23:52','2025-09-25 10:23:52'),(1694,1,4,'2025-12-05',1,'喝了 8 杯水','2025-09-25 10:23:52','2025-09-25 10:23:52'),(1695,1,5,'2025-12-05',1,'写了 398 字日记','2025-09-25 10:23:52','2025-09-25 10:23:52'),(1696,3,1,'2025-12-06',1,'准时起床','2025-09-25 10:23:52','2025-09-25 10:23:52'),(1697,3,2,'2025-12-06',1,'4 公里跑步','2025-09-25 10:23:52','2025-09-25 10:23:52'),(1698,3,3,'2025-12-06',1,'阅读 28 页','2025-09-25 10:23:52','2025-09-25 10:23:52'),(1699,1,4,'2025-12-06',0,'只喝了 7 杯水','2025-09-25 10:23:52','2025-09-25 10:23:52'),(1700,1,5,'2025-12-06',0,'没写日记','2025-09-25 10:23:52','2025-09-25 10:23:52'),(1701,3,1,'2025-12-07',1,'准时起床','2025-09-25 10:23:52','2025-09-25 10:23:52'),(1702,3,2,'2025-12-07',1,'5 公里跑步','2025-09-25 10:23:52','2025-09-25 10:23:52'),(1703,3,3,'2025-12-07',1,'阅读 18 页','2025-09-25 10:23:52','2025-09-25 10:23:52'),(1704,1,4,'2025-12-07',1,'喝了 8 杯水','2025-09-25 10:23:52','2025-09-25 10:23:52'),(1705,1,5,'2025-12-07',0,'没写日记','2025-09-25 10:23:52','2025-09-25 10:23:52'),(1706,3,1,'2025-12-08',1,'准时起床','2025-09-25 10:23:52','2025-09-25 10:23:52'),(1707,3,2,'2025-12-08',1,'4 公里跑步','2025-09-25 10:23:52','2025-09-25 10:23:52'),(1708,3,3,'2025-12-08',1,'阅读 21 页','2025-09-25 10:23:52','2025-09-25 10:23:52'),(1709,1,4,'2025-12-08',0,'只喝了 6 杯水','2025-09-25 10:23:52','2025-09-25 10:23:52'),(1710,1,5,'2025-12-08',0,'没写日记','2025-09-25 10:23:52','2025-09-25 10:23:52'),(1711,3,1,'2025-12-09',1,'准时起床','2025-09-25 10:23:52','2025-09-25 10:23:52'),(1712,3,2,'2025-12-09',1,'3 公里跑步','2025-09-25 10:23:52','2025-09-25 10:23:52'),(1713,3,3,'2025-12-09',1,'阅读 30 页','2025-09-25 10:23:52','2025-09-25 10:23:52'),(1714,1,4,'2025-12-09',1,'喝了 9 杯水','2025-09-25 10:23:52','2025-09-25 10:23:52'),(1715,1,5,'2025-12-09',1,'写了 224 字日记','2025-09-25 10:23:52','2025-09-25 10:23:52'),(1716,3,1,'2025-12-10',1,'准时起床','2025-09-25 10:23:52','2025-09-25 10:23:52'),(1717,3,2,'2025-12-10',1,'3 公里跑步','2025-09-25 10:23:52','2025-09-25 10:23:52'),(1718,3,3,'2025-12-10',1,'阅读 17 页','2025-09-25 10:23:52','2025-09-25 10:23:52'),(1719,1,4,'2025-12-10',0,'只喝了 6 杯水','2025-09-25 10:23:52','2025-09-25 10:23:52'),(1720,1,5,'2025-12-10',1,'写了 336 字日记','2025-09-25 10:23:52','2025-09-25 10:23:52'),(1721,3,1,'2025-12-11',1,'准时起床','2025-09-25 10:23:52','2025-09-25 10:23:52'),(1722,3,2,'2025-12-11',1,'6 公里跑步','2025-09-25 10:23:52','2025-09-25 10:23:52'),(1723,3,3,'2025-12-11',1,'阅读 13 页','2025-09-25 10:23:52','2025-09-25 10:23:52'),(1724,1,4,'2025-12-11',1,'喝了 8 杯水','2025-09-25 10:23:52','2025-09-25 10:23:52'),(1725,1,5,'2025-12-11',0,'没写日记','2025-09-25 10:23:52','2025-09-25 10:23:52'),(1726,3,1,'2025-12-12',1,'准时起床','2025-09-25 10:23:52','2025-09-25 10:23:52'),(1727,3,2,'2025-12-12',1,'3 公里跑步','2025-09-25 10:23:52','2025-09-25 10:23:52'),(1728,3,3,'2025-12-12',1,'阅读 13 页','2025-09-25 10:23:52','2025-09-25 10:23:52'),(1729,1,4,'2025-12-12',1,'喝了 8 杯水','2025-09-25 10:23:52','2025-09-25 10:23:52'),(1730,1,5,'2025-12-12',1,'写了 223 字日记','2025-09-25 10:23:52','2025-09-25 10:23:52'),(1731,3,1,'2025-12-13',0,'睡过头了','2025-09-25 10:23:52','2025-09-25 10:23:52'),(1732,3,2,'2025-12-13',1,'4 公里跑步','2025-09-25 10:23:52','2025-09-25 10:23:52'),(1733,3,3,'2025-12-13',1,'阅读 15 页','2025-09-25 10:23:52','2025-09-25 10:23:52'),(1734,1,4,'2025-12-13',1,'喝了 9 杯水','2025-09-25 10:23:52','2025-09-25 10:23:52'),(1735,1,5,'2025-12-13',1,'写了 339 字日记','2025-09-25 10:23:52','2025-09-25 10:23:52'),(1736,3,1,'2025-12-14',1,'准时起床','2025-09-25 10:23:52','2025-09-25 10:23:52'),(1737,3,2,'2025-12-14',0,'今天没跑步','2025-09-25 10:23:52','2025-09-25 10:23:52'),(1738,3,3,'2025-12-14',1,'阅读 16 页','2025-09-25 10:23:52','2025-09-25 10:23:52'),(1739,1,4,'2025-12-14',0,'只喝了 3 杯水','2025-09-25 10:23:52','2025-09-25 10:23:52'),(1740,1,5,'2025-12-14',1,'写了 386 字日记','2025-09-25 10:23:52','2025-09-25 10:23:52'),(1741,3,1,'2025-12-15',1,'准时起床','2025-09-25 10:23:52','2025-09-25 10:23:52'),(1742,3,2,'2025-12-15',1,'6 公里跑步','2025-09-25 10:23:52','2025-09-25 10:23:52'),(1743,3,3,'2025-12-15',1,'阅读 29 页','2025-09-25 10:23:52','2025-09-25 10:23:52'),(1744,1,4,'2025-12-15',1,'喝了 9 杯水','2025-09-25 10:23:52','2025-09-25 10:23:52'),(1745,1,5,'2025-12-15',0,'没写日记','2025-09-25 10:23:52','2025-09-25 10:23:52'),(1746,3,1,'2025-12-16',1,'准时起床','2025-09-25 10:23:52','2025-09-25 10:23:52'),(1747,3,2,'2025-12-16',0,'今天没跑步','2025-09-25 10:23:52','2025-09-25 10:23:52'),(1748,3,3,'2025-12-16',1,'阅读 17 页','2025-09-25 10:23:52','2025-09-25 10:23:52'),(1749,1,4,'2025-12-16',1,'喝了 8 杯水','2025-09-25 10:23:52','2025-09-25 10:23:52'),(1750,1,5,'2025-12-16',0,'没写日记','2025-09-25 10:23:52','2025-09-25 10:23:52'),(1751,3,1,'2025-12-17',1,'准时起床','2025-09-25 10:23:52','2025-09-25 10:23:52'),(1752,3,2,'2025-12-17',1,'5 公里跑步','2025-09-25 10:23:52','2025-09-25 10:23:52'),(1753,3,3,'2025-12-17',1,'阅读 30 页','2025-09-25 10:23:52','2025-09-25 10:23:52'),(1754,1,4,'2025-12-17',1,'喝了 9 杯水','2025-09-25 10:23:52','2025-09-25 10:23:52'),(1755,1,5,'2025-12-17',0,'没写日记','2025-09-25 10:23:52','2025-09-25 10:23:52'),(1756,3,1,'2025-12-18',1,'准时起床','2025-09-25 10:23:52','2025-09-25 10:23:52'),(1757,3,2,'2025-12-18',0,'今天没跑步','2025-09-25 10:23:52','2025-09-25 10:23:52'),(1758,3,3,'2025-12-18',1,'阅读 20 页','2025-09-25 10:23:52','2025-09-25 10:23:52'),(1759,1,4,'2025-12-18',1,'喝了 8 杯水','2025-09-25 10:23:52','2025-09-25 10:23:52'),(1760,1,5,'2025-12-18',0,'没写日记','2025-09-25 10:23:52','2025-09-25 10:23:52'),(1761,3,1,'2025-12-19',1,'准时起床','2025-09-25 10:23:52','2025-09-25 10:23:52'),(1762,3,2,'2025-12-19',1,'3 公里跑步','2025-09-25 10:23:52','2025-09-25 10:23:52'),(1763,3,3,'2025-12-19',1,'阅读 18 页','2025-09-25 10:23:52','2025-09-25 10:23:52'),(1764,1,4,'2025-12-19',1,'喝了 10 杯水','2025-09-25 10:23:52','2025-09-25 10:23:52'),(1765,1,5,'2025-12-19',0,'没写日记','2025-09-25 10:23:52','2025-09-25 10:23:52'),(1766,3,1,'2025-12-20',1,'准时起床','2025-09-25 10:23:52','2025-09-25 10:23:52'),(1767,3,2,'2025-12-20',0,'今天没跑步','2025-09-25 10:23:52','2025-09-25 10:23:52'),(1768,3,3,'2025-12-20',1,'阅读 26 页','2025-09-25 10:23:52','2025-09-25 10:23:52'),(1769,1,4,'2025-12-20',1,'喝了 10 杯水','2025-09-25 10:23:52','2025-09-25 10:23:52'),(1770,1,5,'2025-12-20',1,'写了 397 字日记','2025-09-25 10:23:52','2025-09-25 10:23:52'),(1771,3,1,'2025-12-21',1,'准时起床','2025-09-25 10:23:52','2025-09-25 10:23:52'),(1772,3,2,'2025-12-21',0,'今天没跑步','2025-09-25 10:23:52','2025-09-25 10:23:52'),(1773,3,3,'2025-12-21',1,'阅读 24 页','2025-09-25 10:23:52','2025-09-25 10:23:52'),(1774,1,4,'2025-12-21',0,'只喝了 6 杯水','2025-09-25 10:23:52','2025-09-25 10:23:52'),(1775,1,5,'2025-12-21',0,'没写日记','2025-09-25 10:23:52','2025-09-25 10:23:52'),(1776,3,1,'2025-12-22',1,'准时起床','2025-09-25 10:23:52','2025-09-25 10:23:52'),(1777,3,2,'2025-12-22',0,'今天没跑步','2025-09-25 10:23:52','2025-09-25 10:23:52'),(1778,3,3,'2025-12-22',1,'阅读 25 页','2025-09-25 10:23:52','2025-09-25 10:23:52'),(1779,1,4,'2025-12-22',0,'只喝了 5 杯水','2025-09-25 10:23:52','2025-09-25 10:23:52'),(1780,1,5,'2025-12-22',0,'没写日记','2025-09-25 10:23:52','2025-09-25 10:23:52'),(1781,3,1,'2025-12-23',1,'准时起床','2025-09-25 10:23:52','2025-09-25 10:23:52'),(1782,3,2,'2025-12-23',0,'今天没跑步','2025-09-25 10:23:52','2025-09-25 10:23:52'),(1783,3,3,'2025-12-23',1,'阅读 30 页','2025-09-25 10:23:52','2025-09-25 10:23:52'),(1784,1,4,'2025-12-23',1,'喝了 8 杯水','2025-09-25 10:23:52','2025-09-25 10:23:52'),(1785,1,5,'2025-12-23',0,'没写日记','2025-09-25 10:23:52','2025-09-25 10:23:52'),(1786,3,1,'2025-12-24',1,'准时起床','2025-09-25 10:23:52','2025-09-25 10:23:52'),(1787,3,2,'2025-12-24',1,'6 公里跑步','2025-09-25 10:23:52','2025-09-25 10:23:52'),(1788,3,3,'2025-12-24',1,'阅读 30 页','2025-09-25 10:23:52','2025-09-25 10:23:52'),(1789,1,4,'2025-12-24',1,'喝了 8 杯水','2025-09-25 10:23:52','2025-09-25 10:23:52'),(1790,1,5,'2025-12-24',1,'写了 305 字日记','2025-09-25 10:23:52','2025-09-25 10:23:52'),(1791,3,1,'2025-12-25',1,'准时起床','2025-09-25 10:23:52','2025-09-25 10:23:52'),(1792,3,2,'2025-12-25',1,'3 公里跑步','2025-09-25 10:23:52','2025-09-25 10:23:52'),(1793,3,3,'2025-12-25',1,'阅读 21 页','2025-09-25 10:23:52','2025-09-25 10:23:52'),(1794,1,4,'2025-12-25',0,'只喝了 5 杯水','2025-09-25 10:23:52','2025-09-25 10:23:52'),(1795,1,5,'2025-12-25',0,'没写日记','2025-09-25 10:23:52','2025-09-25 10:23:52'),(1796,3,1,'2025-12-26',1,'准时起床','2025-09-25 10:23:52','2025-09-25 10:23:52'),(1797,3,2,'2025-12-26',0,'今天没跑步','2025-09-25 10:23:52','2025-09-25 10:23:52'),(1798,3,3,'2025-12-26',1,'阅读 22 页','2025-09-25 10:23:52','2025-09-25 10:23:52'),(1799,1,4,'2025-12-26',1,'喝了 8 杯水','2025-09-25 10:23:52','2025-09-25 10:23:52'),(1800,1,5,'2025-12-26',1,'写了 389 字日记','2025-09-25 10:23:52','2025-09-25 10:23:52'),(1801,3,1,'2025-12-27',1,'准时起床','2025-09-25 10:23:52','2025-09-25 10:23:52'),(1802,3,2,'2025-12-27',0,'今天没跑步','2025-09-25 10:23:52','2025-09-25 10:23:52'),(1803,3,3,'2025-12-27',1,'阅读 20 页','2025-09-25 10:23:52','2025-09-25 10:23:52'),(1804,1,4,'2025-12-27',1,'喝了 8 杯水','2025-09-25 10:23:52','2025-09-25 10:23:52'),(1805,1,5,'2025-12-27',1,'写了 205 字日记','2025-09-25 10:23:52','2025-09-25 10:23:52'),(1806,3,1,'2025-12-28',0,'睡过头了','2025-09-25 10:23:52','2025-09-25 10:23:52'),(1807,3,2,'2025-12-28',0,'今天没跑步','2025-09-25 10:23:52','2025-09-25 10:23:52'),(1808,3,3,'2025-12-28',1,'阅读 10 页','2025-09-25 10:23:52','2025-09-25 10:23:52'),(1809,1,4,'2025-12-28',1,'喝了 8 杯水','2025-09-25 10:23:52','2025-09-25 10:23:52'),(1810,1,5,'2025-12-28',1,'写了 356 字日记','2025-09-25 10:23:52','2025-09-25 10:23:52'),(1811,3,1,'2025-12-29',1,'准时起床','2025-09-25 10:23:52','2025-09-25 10:23:52'),(1812,3,2,'2025-12-29',1,'5 公里跑步','2025-09-25 10:23:52','2025-09-25 10:23:52'),(1813,3,3,'2025-12-29',0,'没读书','2025-09-25 10:23:52','2025-09-25 10:23:52'),(1814,1,4,'2025-12-29',1,'喝了 9 杯水','2025-09-25 10:23:52','2025-09-25 10:23:52'),(1815,1,5,'2025-12-29',1,'写了 240 字日记','2025-09-25 10:23:52','2025-09-25 10:23:52'),(1816,3,1,'2025-12-30',1,'准时起床','2025-09-25 10:23:52','2025-09-25 10:23:52'),(1817,3,2,'2025-12-30',1,'6 公里跑步','2025-09-25 10:23:52','2025-09-25 10:23:52'),(1818,3,3,'2025-12-30',1,'阅读 22 页','2025-09-25 10:23:52','2025-09-25 10:23:52'),(1819,1,4,'2025-12-30',1,'喝了 10 杯水','2025-09-25 10:23:52','2025-09-25 10:23:52'),(1820,1,5,'2025-12-30',1,'写了 307 字日记','2025-09-25 10:23:52','2025-09-25 10:23:52'),(1821,3,1,'2025-12-31',1,'准时起床','2025-09-25 10:23:52','2025-09-25 10:23:52'),(1822,3,2,'2025-12-31',1,'4 公里跑步','2025-09-25 10:23:52','2025-09-25 10:23:52'),(1823,3,3,'2025-12-31',1,'阅读 25 页','2025-09-25 10:23:52','2025-09-25 10:23:52'),(1824,1,4,'2025-12-31',1,'喝了 8 杯水','2025-09-25 10:23:52','2025-09-25 10:23:52'),(1825,1,5,'2025-12-31',0,'没写日记','2025-09-25 10:23:52','2025-09-25 10:23:52');
/*!40000 ALTER TABLE `daily_task_completions` ENABLE KEYS */;
UNLOCK TABLES;

--
-- Table structure for table `daily_tasks`
--

DROP TABLE IF EXISTS `daily_tasks`;
/*!40101 SET @saved_cs_client     = @@character_set_client */;
/*!50503 SET character_set_client = utf8mb4 */;
CREATE TABLE `daily_tasks` (
  `id` int NOT NULL AUTO_INCREMENT COMMENT 'ID',
  `user_id` int NOT NULL DEFAULT '0' COMMENT '用户 ID',
  `name` varchar(64) NOT NULL DEFAULT '' COMMENT '任务名称',
  `description` varchar(256) NOT NULL DEFAULT '' COMMENT '任务描述',
  `is_active` tinyint(1) NOT NULL DEFAULT '1' COMMENT '是否启用(1-启用,0-禁用)',
  `sort` int NOT NULL DEFAULT '0' COMMENT '排序值',
  `min_value` int NOT NULL DEFAULT '1' COMMENT '计数值最小值',
  `max_value` int NOT NULL DEFAULT '100' COMMENT '计数值最大值',
  `created_at` datetime NOT NULL DEFAULT CURRENT_TIMESTAMP COMMENT '创建时间',
  `updated_at` datetime NOT NULL DEFAULT CURRENT_TIMESTAMP ON UPDATE CURRENT_TIMESTAMP COMMENT '更新时间',
  PRIMARY KEY (`id`)
) ENGINE=InnoDB AUTO_INCREMENT=6 DEFAULT CHARSET=utf8mb4 COLLATE=utf8mb4_0900_ai_ci COMMENT='每日任务表';
/*!40101 SET character_set_client = @saved_cs_client */;

--
-- Dumping data for table `daily_tasks`
--

LOCK TABLES `daily_tasks` WRITE;
/*!40000 ALTER TABLE `daily_tasks` DISABLE KEYS */;
INSERT INTO `daily_tasks` VALUES (1,3,'早起打卡','每天早上7点前起床',1,1,1,1,'2025-09-25 10:23:09','2025-09-25 10:23:09'),(2,3,'跑步','每天至少跑步 3 公里',1,2,1,1,'2025-09-25 10:23:09','2025-09-25 10:23:09'),(3,3,'阅读','每天阅读 30 分钟以上',1,3,1,1,'2025-09-25 10:23:09','2025-09-25 10:23:09'),(4,1,'喝水','每天至少喝 8 杯水',1,1,1,1,'2025-09-25 10:23:09','2025-09-25 10:23:09'),(5,1,'写日记','每天写 200 字以上的日记',1,2,1,1,'2025-09-25 10:23:09','2025-09-25 10:23:09');
/*!40000 ALTER TABLE `daily_tasks` ENABLE KEYS */;
UNLOCK TABLES;

--
-- Table structure for table `exa_attachment_category`
--

DROP TABLE IF EXISTS `exa_attachment_category`;
/*!40101 SET @saved_cs_client     = @@character_set_client */;
/*!50503 SET character_set_client = utf8mb4 */;
CREATE TABLE `exa_attachment_category` (
  `id` bigint unsigned NOT NULL AUTO_INCREMENT,
  `created_at` datetime(3) DEFAULT NULL,
  `updated_at` datetime(3) DEFAULT NULL,
  `deleted_at` datetime(3) DEFAULT NULL,
  `name` varchar(255) DEFAULT NULL COMMENT '分类名称',
  `pid` bigint DEFAULT '0' COMMENT '父节点ID',
  PRIMARY KEY (`id`),
  KEY `idx_exa_attachment_category_deleted_at` (`deleted_at`)
) ENGINE=InnoDB DEFAULT CHARSET=utf8mb4 COLLATE=utf8mb4_0900_ai_ci;
/*!40101 SET character_set_client = @saved_cs_client */;

--
-- Dumping data for table `exa_attachment_category`
--

LOCK TABLES `exa_attachment_category` WRITE;
/*!40000 ALTER TABLE `exa_attachment_category` DISABLE KEYS */;
/*!40000 ALTER TABLE `exa_attachment_category` ENABLE KEYS */;
UNLOCK TABLES;

--
-- Table structure for table `exa_customers`
--

DROP TABLE IF EXISTS `exa_customers`;
/*!40101 SET @saved_cs_client     = @@character_set_client */;
/*!50503 SET character_set_client = utf8mb4 */;
CREATE TABLE `exa_customers` (
  `id` bigint unsigned NOT NULL AUTO_INCREMENT,
  `created_at` datetime(3) DEFAULT NULL,
  `updated_at` datetime(3) DEFAULT NULL,
  `deleted_at` datetime(3) DEFAULT NULL,
  `customer_name` varchar(191) DEFAULT NULL COMMENT '客户名',
  `customer_phone_data` varchar(191) DEFAULT NULL COMMENT '客户手机号',
  `sys_user_id` bigint unsigned DEFAULT NULL COMMENT '管理ID',
  `sys_user_authority_id` bigint unsigned DEFAULT NULL COMMENT '管理角色ID',
  PRIMARY KEY (`id`),
  KEY `idx_exa_customers_deleted_at` (`deleted_at`)
) ENGINE=InnoDB DEFAULT CHARSET=utf8mb4 COLLATE=utf8mb4_0900_ai_ci;
/*!40101 SET character_set_client = @saved_cs_client */;

--
-- Dumping data for table `exa_customers`
--

LOCK TABLES `exa_customers` WRITE;
/*!40000 ALTER TABLE `exa_customers` DISABLE KEYS */;
/*!40000 ALTER TABLE `exa_customers` ENABLE KEYS */;
UNLOCK TABLES;

--
-- Table structure for table `exa_file_chunks`
--

DROP TABLE IF EXISTS `exa_file_chunks`;
/*!40101 SET @saved_cs_client     = @@character_set_client */;
/*!50503 SET character_set_client = utf8mb4 */;
CREATE TABLE `exa_file_chunks` (
  `id` bigint unsigned NOT NULL AUTO_INCREMENT,
  `created_at` datetime(3) DEFAULT NULL,
  `updated_at` datetime(3) DEFAULT NULL,
  `deleted_at` datetime(3) DEFAULT NULL,
  `exa_file_id` bigint unsigned DEFAULT NULL,
  `file_chunk_number` bigint DEFAULT NULL,
  `file_chunk_path` varchar(191) DEFAULT NULL,
  PRIMARY KEY (`id`),
  KEY `idx_exa_file_chunks_deleted_at` (`deleted_at`)
) ENGINE=InnoDB DEFAULT CHARSET=utf8mb4 COLLATE=utf8mb4_0900_ai_ci;
/*!40101 SET character_set_client = @saved_cs_client */;

--
-- Dumping data for table `exa_file_chunks`
--

LOCK TABLES `exa_file_chunks` WRITE;
/*!40000 ALTER TABLE `exa_file_chunks` DISABLE KEYS */;
/*!40000 ALTER TABLE `exa_file_chunks` ENABLE KEYS */;
UNLOCK TABLES;

--
-- Table structure for table `exa_file_upload_and_downloads`
--

DROP TABLE IF EXISTS `exa_file_upload_and_downloads`;
/*!40101 SET @saved_cs_client     = @@character_set_client */;
/*!50503 SET character_set_client = utf8mb4 */;
CREATE TABLE `exa_file_upload_and_downloads` (
  `id` bigint unsigned NOT NULL AUTO_INCREMENT,
  `created_at` datetime(3) DEFAULT NULL,
  `updated_at` datetime(3) DEFAULT NULL,
  `deleted_at` datetime(3) DEFAULT NULL,
  `name` varchar(191) DEFAULT NULL COMMENT '文件名',
  `class_id` bigint DEFAULT '0' COMMENT '分类id',
  `url` varchar(191) DEFAULT NULL COMMENT '文件地址',
  `tag` varchar(191) DEFAULT NULL COMMENT '文件标签',
  `key` varchar(191) DEFAULT NULL COMMENT '编号',
  PRIMARY KEY (`id`),
  KEY `idx_exa_file_upload_and_downloads_deleted_at` (`deleted_at`)
) ENGINE=InnoDB AUTO_INCREMENT=3 DEFAULT CHARSET=utf8mb4 COLLATE=utf8mb4_0900_ai_ci;
/*!40101 SET character_set_client = @saved_cs_client */;

--
-- Dumping data for table `exa_file_upload_and_downloads`
--

LOCK TABLES `exa_file_upload_and_downloads` WRITE;
/*!40000 ALTER TABLE `exa_file_upload_and_downloads` DISABLE KEYS */;
INSERT INTO `exa_file_upload_and_downloads` VALUES (1,'2025-08-30 08:51:19.299','2025-08-30 08:51:19.299',NULL,'10.png',0,'https://qmplusimg.henrongyi.top/gvalogo.png','png','158787308910.png'),(2,'2025-08-30 08:51:19.299','2025-08-30 08:51:19.299',NULL,'logo.png',0,'https://qmplusimg.henrongyi.top/1576554439myAvatar.png','png','1587973709logo.png');
/*!40000 ALTER TABLE `exa_file_upload_and_downloads` ENABLE KEYS */;
UNLOCK TABLES;

--
-- Table structure for table `exa_files`
--

DROP TABLE IF EXISTS `exa_files`;
/*!40101 SET @saved_cs_client     = @@character_set_client */;
/*!50503 SET character_set_client = utf8mb4 */;
CREATE TABLE `exa_files` (
  `id` bigint unsigned NOT NULL AUTO_INCREMENT,
  `created_at` datetime(3) DEFAULT NULL,
  `updated_at` datetime(3) DEFAULT NULL,
  `deleted_at` datetime(3) DEFAULT NULL,
  `file_name` varchar(191) DEFAULT NULL,
  `file_md5` varchar(191) DEFAULT NULL,
  `file_path` varchar(191) DEFAULT NULL,
  `chunk_total` bigint DEFAULT NULL,
  `is_finish` tinyint(1) DEFAULT NULL,
  PRIMARY KEY (`id`),
  KEY `idx_exa_files_deleted_at` (`deleted_at`)
) ENGINE=InnoDB DEFAULT CHARSET=utf8mb4 COLLATE=utf8mb4_0900_ai_ci;
/*!40101 SET character_set_client = @saved_cs_client */;

--
-- Dumping data for table `exa_files`
--

LOCK TABLES `exa_files` WRITE;
/*!40000 ALTER TABLE `exa_files` DISABLE KEYS */;
/*!40000 ALTER TABLE `exa_files` ENABLE KEYS */;
UNLOCK TABLES;

--
-- Table structure for table `gva_announcements_info`
--

DROP TABLE IF EXISTS `gva_announcements_info`;
/*!40101 SET @saved_cs_client     = @@character_set_client */;
/*!50503 SET character_set_client = utf8mb4 */;
CREATE TABLE `gva_announcements_info` (
  `id` bigint unsigned NOT NULL AUTO_INCREMENT,
  `created_at` datetime(3) DEFAULT NULL,
  `updated_at` datetime(3) DEFAULT NULL,
  `deleted_at` datetime(3) DEFAULT NULL,
  `title` varchar(191) DEFAULT NULL COMMENT '公告标题',
  `content` text COMMENT '公告内容',
  `user_id` bigint DEFAULT NULL COMMENT '发布者',
  `attachments` json DEFAULT NULL COMMENT '相关附件',
  PRIMARY KEY (`id`),
  KEY `idx_gva_announcements_info_deleted_at` (`deleted_at`)
) ENGINE=InnoDB DEFAULT CHARSET=utf8mb4 COLLATE=utf8mb4_0900_ai_ci;
/*!40101 SET character_set_client = @saved_cs_client */;

--
-- Dumping data for table `gva_announcements_info`
--

LOCK TABLES `gva_announcements_info` WRITE;
/*!40000 ALTER TABLE `gva_announcements_info` DISABLE KEYS */;
/*!40000 ALTER TABLE `gva_announcements_info` ENABLE KEYS */;
UNLOCK TABLES;

--
-- Table structure for table `jwt_blacklists`
--

DROP TABLE IF EXISTS `jwt_blacklists`;
/*!40101 SET @saved_cs_client     = @@character_set_client */;
/*!50503 SET character_set_client = utf8mb4 */;
CREATE TABLE `jwt_blacklists` (
  `id` bigint unsigned NOT NULL AUTO_INCREMENT,
  `created_at` datetime(3) DEFAULT NULL,
  `updated_at` datetime(3) DEFAULT NULL,
  `deleted_at` datetime(3) DEFAULT NULL,
  `jwt` text COMMENT 'jwt',
  PRIMARY KEY (`id`),
  KEY `idx_jwt_blacklists_deleted_at` (`deleted_at`)
) ENGINE=InnoDB AUTO_INCREMENT=11 DEFAULT CHARSET=utf8mb4 COLLATE=utf8mb4_0900_ai_ci;
/*!40101 SET character_set_client = @saved_cs_client */;

--
-- Dumping data for table `jwt_blacklists`
--

LOCK TABLES `jwt_blacklists` WRITE;
/*!40000 ALTER TABLE `jwt_blacklists` DISABLE KEYS */;
/*!40000 ALTER TABLE `jwt_blacklists` ENABLE KEYS */;
UNLOCK TABLES;

--
-- Table structure for table `miser_categories`
--

DROP TABLE IF EXISTS `miser_categories`;
/*!40101 SET @saved_cs_client     = @@character_set_client */;
/*!50503 SET character_set_client = utf8mb4 */;
CREATE TABLE `miser_categories` (
  `id` int unsigned NOT NULL AUTO_INCREMENT COMMENT 'ID',
  `user_id` int unsigned NOT NULL DEFAULT '0' COMMENT '用户ID',
  `transaction_type` tinyint unsigned NOT NULL DEFAULT '1' COMMENT '类型(1-收入,2-支出)',
  `name` varchar(64) NOT NULL DEFAULT '' COMMENT '分类名称',
  `description` varchar(256) NOT NULL DEFAULT '' COMMENT '分类描述',
  `sort` int unsigned NOT NULL DEFAULT '0' COMMENT '排序值',
  `created_at` datetime NOT NULL DEFAULT CURRENT_TIMESTAMP COMMENT '创建时间',
  `updated_at` datetime NOT NULL DEFAULT CURRENT_TIMESTAMP ON UPDATE CURRENT_TIMESTAMP COMMENT '更新时间',
  PRIMARY KEY (`id`),
  UNIQUE KEY `uk_user_category` (`user_id`,`transaction_type`,`name`)
) ENGINE=InnoDB AUTO_INCREMENT=10 DEFAULT CHARSET=utf8mb4 COLLATE=utf8mb4_0900_ai_ci COMMENT='分类表';
/*!40101 SET character_set_client = @saved_cs_client */;

--
-- Dumping data for table `miser_categories`
--

LOCK TABLES `miser_categories` WRITE;
/*!40000 ALTER TABLE `miser_categories` DISABLE KEYS */;
INSERT INTO `miser_categories` VALUES (1,3,1,'工资','固定工资收入',1,'2025-09-25 10:39:57','2025-09-25 10:39:57'),(2,3,1,'奖金','绩效奖金或年终奖',2,'2025-09-25 10:39:57','2025-09-25 10:39:57'),(3,3,1,'投资收益','股票基金等投资回报',3,'2025-09-25 10:39:57','2025-09-25 10:39:57'),(4,3,2,'餐饮','日常吃饭、外卖',1,'2025-09-25 10:39:57','2025-09-25 10:39:57'),(5,3,2,'交通','打车、地铁、公交',2,'2025-09-25 10:39:57','2025-09-25 10:39:57'),(6,3,2,'购物','网购、超市消费',3,'2025-09-25 10:39:57','2025-09-25 10:39:57'),(7,3,2,'娱乐','电影、游戏、旅游',4,'2025-09-25 10:39:57','2025-09-25 10:39:57'),(8,3,2,'房租','每月固定支出',5,'2025-09-25 10:39:57','2025-09-25 10:39:57'),(9,3,2,'水电网','水费、电费、网络费',6,'2025-09-25 10:39:57','2025-09-25 10:39:57');
/*!40000 ALTER TABLE `miser_categories` ENABLE KEYS */;
UNLOCK TABLES;

--
-- Table structure for table `miser_loan_records`
--

DROP TABLE IF EXISTS `miser_loan_records`;
/*!40101 SET @saved_cs_client     = @@character_set_client */;
/*!50503 SET character_set_client = utf8mb4 */;
CREATE TABLE `miser_loan_records` (
  `id` int unsigned NOT NULL AUTO_INCREMENT COMMENT 'ID',
  `user_id` int unsigned NOT NULL DEFAULT '0' COMMENT '用户ID',
  `name` varchar(64) NOT NULL DEFAULT '' COMMENT '借还对象',
  `lend_date` date NOT NULL DEFAULT (curdate()) COMMENT '借出日期',
  `lend_amount` decimal(10,2) NOT NULL DEFAULT '0.00' COMMENT '借出金额',
  `repay_date` date NOT NULL DEFAULT '1970-01-01' COMMENT '归还日期',
  `repay_amount` decimal(10,2) NOT NULL DEFAULT '0.00' COMMENT '归还金额',
  `description` varchar(512) NOT NULL DEFAULT '' COMMENT '借还说明',
  `fund_status` tinyint unsigned NOT NULL DEFAULT '1' COMMENT '资金状态(1-待还款,2-部分还,3-已结清)',
  `settlement_duration` int unsigned NOT NULL DEFAULT '0' COMMENT '结清耗天',
  `created_at` datetime NOT NULL DEFAULT CURRENT_TIMESTAMP COMMENT '创建时间',
  `updated_at` datetime NOT NULL DEFAULT CURRENT_TIMESTAMP ON UPDATE CURRENT_TIMESTAMP COMMENT '更新时间',
  PRIMARY KEY (`id`),
  UNIQUE KEY `uk_user_loan_record` (`user_id`,`lend_date`,`name`)
) ENGINE=InnoDB AUTO_INCREMENT=6 DEFAULT CHARSET=utf8mb4 COLLATE=utf8mb4_0900_ai_ci COMMENT='资金借还记录表';
/*!40101 SET character_set_client = @saved_cs_client */;

--
-- Dumping data for table `miser_loan_records`
--

LOCK TABLES `miser_loan_records` WRITE;
/*!40000 ALTER TABLE `miser_loan_records` DISABLE KEYS */;
INSERT INTO `miser_loan_records` VALUES (1,3,'张三','2024-02-15',2000.00,'1970-01-01',0.00,'朋友临时周转',1,0,'2025-09-25 10:42:38','2025-09-25 10:42:38'),(2,3,'李四','2024-05-10',5000.00,'1970-01-01',0.00,'借钱买电脑',1,0,'2025-09-25 10:42:38','2025-09-25 10:42:38'),(3,3,'王五','2024-03-01',10000.00,'2024-06-01',4000.00,'创业周转，已部分归还',2,0,'2025-09-25 10:42:38','2025-09-25 10:42:38'),(4,3,'赵六','2024-01-20',3000.00,'2024-02-05',3000.00,'短期借款，已结清',3,16,'2025-09-25 10:42:38','2025-09-25 10:42:38'),(5,3,'刘强','2024-04-01',8000.00,'2024-07-15',8000.00,'买车资金借款，已结清',3,105,'2025-09-25 10:42:38','2025-09-25 10:42:38');
/*!40000 ALTER TABLE `miser_loan_records` ENABLE KEYS */;
UNLOCK TABLES;

--
-- Table structure for table `miser_transaction_items`
--

DROP TABLE IF EXISTS `miser_transaction_items`;
/*!40101 SET @saved_cs_client     = @@character_set_client */;
/*!50503 SET character_set_client = utf8mb4 */;
CREATE TABLE `miser_transaction_items` (
  `id` int unsigned NOT NULL AUTO_INCREMENT COMMENT 'ID',
  `user_id` int unsigned NOT NULL DEFAULT '0' COMMENT '用户ID',
  `category_id` int unsigned NOT NULL DEFAULT '0' COMMENT '分类ID',
  `transaction_id` int unsigned NOT NULL DEFAULT '0' COMMENT '交易ID',
  `name` varchar(64) NOT NULL DEFAULT '' COMMENT '名称',
  `amount` decimal(10,2) NOT NULL DEFAULT '0.00' COMMENT '金额',
  `date` date NOT NULL DEFAULT (curdate()) COMMENT '交易日期',
  `created_at` datetime NOT NULL DEFAULT CURRENT_TIMESTAMP COMMENT '创建时间',
  `updated_at` datetime NOT NULL DEFAULT CURRENT_TIMESTAMP ON UPDATE CURRENT_TIMESTAMP COMMENT '更新时间',
  PRIMARY KEY (`id`),
  UNIQUE KEY `miser_transaction_items_uk` (`user_id`,`transaction_id`,`name`)
) ENGINE=InnoDB AUTO_INCREMENT=15 DEFAULT CHARSET=utf8mb4 COLLATE=utf8mb4_0900_ai_ci COMMENT='流水明细表';
/*!40101 SET character_set_client = @saved_cs_client */;

--
-- Dumping data for table `miser_transaction_items`
--

LOCK TABLES `miser_transaction_items` WRITE;
/*!40000 ALTER TABLE `miser_transaction_items` DISABLE KEYS */;
INSERT INTO `miser_transaction_items` VALUES (1,3,2,870,'绩效',5000.00,'2024-12-31','2025-09-27 11:41:07','2025-09-27 11:41:07'),(2,3,2,870,'全勤',2569.00,'2024-12-31','2025-09-27 11:41:07','2025-09-27 11:41:07'),(3,3,2,655,'绩效',3000.00,'2024-09-30','2025-09-27 11:41:46','2025-09-27 11:41:46'),(4,3,2,655,'全勤',4434.00,'2024-09-30','2025-09-27 11:41:46','2025-09-27 11:41:46'),(5,3,2,434,'绩效',3385.00,'2024-06-30','2025-09-27 11:42:00','2025-09-27 11:42:00'),(6,3,2,434,'全勤',4000.00,'2024-06-30','2025-09-27 11:42:00','2025-09-27 11:42:00'),(7,3,2,213,'绩效',7000.00,'2024-03-31','2025-09-27 11:42:16','2025-09-27 11:42:16'),(8,3,2,213,'全勤',1688.00,'2024-03-31','2025-09-27 11:42:16','2025-09-27 11:42:16'),(9,3,8,802,'房租',3000.00,'2024-12-01','2025-09-27 11:42:54','2025-09-27 11:42:54'),(10,3,8,802,'水费',250.00,'2024-12-01','2025-09-27 11:42:54','2025-09-27 11:42:54'),(11,3,8,802,'电费',250.00,'2024-12-01','2025-09-27 11:42:54','2025-09-27 11:42:54'),(12,3,8,732,'房租',3000.00,'2024-11-01','2025-09-27 11:43:17','2025-09-27 11:43:17'),(13,3,8,732,'电费',300.00,'2024-11-01','2025-09-27 11:43:17','2025-09-27 11:43:17'),(14,3,8,732,'水费',200.00,'2024-11-01','2025-09-27 11:43:17','2025-09-27 11:43:17');
/*!40000 ALTER TABLE `miser_transaction_items` ENABLE KEYS */;
UNLOCK TABLES;

--
-- Table structure for table `miser_transactions`
--

DROP TABLE IF EXISTS `miser_transactions`;
/*!40101 SET @saved_cs_client     = @@character_set_client */;
/*!50503 SET character_set_client = utf8mb4 */;
CREATE TABLE `miser_transactions` (
  `id` int unsigned NOT NULL AUTO_INCREMENT COMMENT 'ID',
  `user_id` int unsigned NOT NULL DEFAULT '0' COMMENT '用户ID',
  `category_id` int unsigned NOT NULL DEFAULT '0' COMMENT '分类ID',
  `transaction_type` tinyint unsigned NOT NULL DEFAULT '1' COMMENT '类型(1-收入,2-支出)',
  `date` date NOT NULL DEFAULT (curdate()) COMMENT '日期',
  `amount` decimal(10,2) NOT NULL DEFAULT '0.00' COMMENT '金额',
  `created_at` datetime NOT NULL DEFAULT CURRENT_TIMESTAMP COMMENT '创建时间',
  `updated_at` datetime NOT NULL DEFAULT CURRENT_TIMESTAMP ON UPDATE CURRENT_TIMESTAMP COMMENT '更新时间',
  PRIMARY KEY (`id`),
  UNIQUE KEY `uk_user_transaction` (`user_id`,`category_id`,`date`)
) ENGINE=InnoDB AUTO_INCREMENT=873 DEFAULT CHARSET=utf8mb4 COLLATE=utf8mb4_0900_ai_ci COMMENT='交易流水表';
/*!40101 SET character_set_client = @saved_cs_client */;

--
-- Dumping data for table `miser_transactions`
--

LOCK TABLES `miser_transactions` WRITE;
/*!40000 ALTER TABLE `miser_transactions` DISABLE KEYS */;
INSERT INTO `miser_transactions` VALUES (1,3,4,2,'2024-01-01',75.58,'2025-09-25 10:26:31','2025-09-25 10:26:31'),(2,3,5,2,'2024-01-01',19.40,'2025-09-25 10:26:31','2025-09-25 10:26:31'),(3,3,8,2,'2024-01-01',3500.00,'2025-09-25 10:26:31','2025-09-25 10:26:31'),(4,3,4,2,'2024-01-02',82.32,'2025-09-25 10:26:31','2025-09-25 10:26:31'),(5,3,5,2,'2024-01-02',26.32,'2025-09-25 10:26:31','2025-09-25 10:26:31'),(6,3,4,2,'2024-01-03',32.81,'2025-09-25 10:26:31','2025-09-25 10:26:31'),(7,3,5,2,'2024-01-03',36.96,'2025-09-25 10:26:31','2025-09-25 10:26:31'),(8,3,4,2,'2024-01-04',50.71,'2025-09-25 10:26:31','2025-09-25 10:26:31'),(9,3,5,2,'2024-01-04',47.15,'2025-09-25 10:26:31','2025-09-25 10:26:31'),(10,3,1,1,'2024-01-05',15000.00,'2025-09-25 10:26:31','2025-09-25 10:26:31'),(11,3,4,2,'2024-01-05',74.63,'2025-09-25 10:26:31','2025-09-25 10:26:31'),(12,3,5,2,'2024-01-05',21.79,'2025-09-25 10:26:31','2025-09-25 10:26:31'),(13,3,4,2,'2024-01-06',51.07,'2025-09-25 10:26:31','2025-09-25 10:26:31'),(14,3,5,2,'2024-01-06',16.68,'2025-09-25 10:26:31','2025-09-25 10:26:31'),(15,3,7,2,'2024-01-06',124.25,'2025-09-25 10:26:31','2025-09-25 10:26:31'),(16,3,4,2,'2024-01-07',57.69,'2025-09-25 10:26:31','2025-09-25 10:26:31'),(17,3,5,2,'2024-01-07',23.55,'2025-09-25 10:26:31','2025-09-25 10:26:31'),(18,3,4,2,'2024-01-08',35.62,'2025-09-25 10:26:31','2025-09-25 10:26:31'),(19,3,5,2,'2024-01-08',37.08,'2025-09-25 10:26:31','2025-09-25 10:26:31'),(20,3,4,2,'2024-01-09',39.92,'2025-09-25 10:26:31','2025-09-25 10:26:31'),(21,3,5,2,'2024-01-09',14.69,'2025-09-25 10:26:31','2025-09-25 10:26:31'),(22,3,7,2,'2024-01-09',418.62,'2025-09-25 10:26:31','2025-09-25 10:26:31'),(23,3,4,2,'2024-01-10',33.49,'2025-09-25 10:26:31','2025-09-25 10:26:31'),(24,3,5,2,'2024-01-10',17.52,'2025-09-25 10:26:31','2025-09-25 10:26:31'),(25,3,4,2,'2024-01-11',70.35,'2025-09-25 10:26:31','2025-09-25 10:26:31'),(26,3,5,2,'2024-01-11',32.82,'2025-09-25 10:26:31','2025-09-25 10:26:31'),(27,3,4,2,'2024-01-12',70.07,'2025-09-25 10:26:31','2025-09-25 10:26:31'),(28,3,5,2,'2024-01-12',23.79,'2025-09-25 10:26:31','2025-09-25 10:26:31'),(29,3,4,2,'2024-01-13',37.55,'2025-09-25 10:26:31','2025-09-25 10:26:31'),(30,3,5,2,'2024-01-13',39.68,'2025-09-25 10:26:31','2025-09-25 10:26:31'),(31,3,6,2,'2024-01-13',254.38,'2025-09-25 10:26:31','2025-09-25 10:26:31'),(32,3,4,2,'2024-01-14',76.44,'2025-09-25 10:26:31','2025-09-25 10:26:31'),(33,3,5,2,'2024-01-14',22.06,'2025-09-25 10:26:31','2025-09-25 10:26:31'),(34,3,4,2,'2024-01-15',89.81,'2025-09-25 10:26:31','2025-09-25 10:26:31'),(35,3,5,2,'2024-01-15',26.27,'2025-09-25 10:26:31','2025-09-25 10:26:31'),(36,3,9,2,'2024-01-15',257.00,'2025-09-25 10:26:31','2025-09-25 10:26:31'),(37,3,4,2,'2024-01-16',92.27,'2025-09-25 10:26:31','2025-09-25 10:26:31'),(38,3,5,2,'2024-01-16',21.96,'2025-09-25 10:26:31','2025-09-25 10:26:31'),(39,3,4,2,'2024-01-17',110.24,'2025-09-25 10:26:31','2025-09-25 10:26:31'),(40,3,5,2,'2024-01-17',20.07,'2025-09-25 10:26:31','2025-09-25 10:26:31'),(41,3,4,2,'2024-01-18',64.16,'2025-09-25 10:26:31','2025-09-25 10:26:31'),(42,3,5,2,'2024-01-18',13.04,'2025-09-25 10:26:31','2025-09-25 10:26:31'),(43,3,4,2,'2024-01-19',99.27,'2025-09-25 10:26:31','2025-09-25 10:26:31'),(44,3,5,2,'2024-01-19',47.65,'2025-09-25 10:26:31','2025-09-25 10:26:31'),(45,3,4,2,'2024-01-20',40.59,'2025-09-25 10:26:31','2025-09-25 10:26:31'),(46,3,5,2,'2024-01-20',21.11,'2025-09-25 10:26:31','2025-09-25 10:26:31'),(47,3,4,2,'2024-01-21',34.80,'2025-09-25 10:26:31','2025-09-25 10:26:31'),(48,3,5,2,'2024-01-21',43.00,'2025-09-25 10:26:31','2025-09-25 10:26:31'),(49,3,4,2,'2024-01-22',46.63,'2025-09-25 10:26:31','2025-09-25 10:26:31'),(50,3,5,2,'2024-01-22',16.73,'2025-09-25 10:26:31','2025-09-25 10:26:31'),(51,3,4,2,'2024-01-23',70.75,'2025-09-25 10:26:31','2025-09-25 10:26:31'),(52,3,5,2,'2024-01-23',30.10,'2025-09-25 10:26:31','2025-09-25 10:26:31'),(53,3,4,2,'2024-01-24',29.32,'2025-09-25 10:26:31','2025-09-25 10:26:31'),(54,3,5,2,'2024-01-24',30.48,'2025-09-25 10:26:31','2025-09-25 10:26:31'),(55,3,4,2,'2024-01-25',22.44,'2025-09-25 10:26:31','2025-09-25 10:26:31'),(56,3,5,2,'2024-01-25',48.89,'2025-09-25 10:26:31','2025-09-25 10:26:31'),(57,3,4,2,'2024-01-26',100.72,'2025-09-25 10:26:31','2025-09-25 10:26:31'),(58,3,5,2,'2024-01-26',11.10,'2025-09-25 10:26:31','2025-09-25 10:26:31'),(59,3,4,2,'2024-01-27',29.08,'2025-09-25 10:26:31','2025-09-25 10:26:31'),(60,3,5,2,'2024-01-27',31.73,'2025-09-25 10:26:31','2025-09-25 10:26:31'),(61,3,6,2,'2024-01-27',652.80,'2025-09-25 10:26:31','2025-09-25 10:26:31'),(62,3,7,2,'2024-01-27',203.20,'2025-09-25 10:26:31','2025-09-25 10:26:31'),(63,3,4,2,'2024-01-28',31.06,'2025-09-25 10:26:31','2025-09-25 10:26:31'),(64,3,5,2,'2024-01-28',32.27,'2025-09-25 10:26:31','2025-09-25 10:26:31'),(65,3,6,2,'2024-01-28',503.16,'2025-09-25 10:26:31','2025-09-25 10:26:31'),(66,3,4,2,'2024-01-29',66.08,'2025-09-25 10:26:31','2025-09-25 10:26:31'),(67,3,5,2,'2024-01-29',17.96,'2025-09-25 10:26:31','2025-09-25 10:26:31'),(68,3,4,2,'2024-01-30',22.33,'2025-09-25 10:26:31','2025-09-25 10:26:31'),(69,3,5,2,'2024-01-30',38.67,'2025-09-25 10:26:31','2025-09-25 10:26:31'),(70,3,4,2,'2024-01-31',66.73,'2025-09-25 10:26:31','2025-09-25 10:26:31'),(71,3,5,2,'2024-01-31',16.03,'2025-09-25 10:26:31','2025-09-25 10:26:31'),(72,3,4,2,'2024-02-01',88.02,'2025-09-25 10:26:31','2025-09-25 10:26:31'),(73,3,5,2,'2024-02-01',29.30,'2025-09-25 10:26:31','2025-09-25 10:26:31'),(74,3,8,2,'2024-02-01',3500.00,'2025-09-25 10:26:31','2025-09-25 10:26:31'),(75,3,4,2,'2024-02-02',62.51,'2025-09-25 10:26:31','2025-09-25 10:26:31'),(76,3,5,2,'2024-02-02',35.48,'2025-09-25 10:26:31','2025-09-25 10:26:31'),(77,3,4,2,'2024-02-03',91.77,'2025-09-25 10:26:31','2025-09-25 10:26:31'),(78,3,5,2,'2024-02-03',32.03,'2025-09-25 10:26:31','2025-09-25 10:26:31'),(79,3,4,2,'2024-02-04',118.43,'2025-09-25 10:26:31','2025-09-25 10:26:31'),(80,3,5,2,'2024-02-04',26.38,'2025-09-25 10:26:31','2025-09-25 10:26:31'),(81,3,1,1,'2024-02-05',15000.00,'2025-09-25 10:26:31','2025-09-25 10:26:31'),(82,3,4,2,'2024-02-05',58.83,'2025-09-25 10:26:31','2025-09-25 10:26:31'),(83,3,5,2,'2024-02-05',27.67,'2025-09-25 10:26:31','2025-09-25 10:26:31'),(84,3,4,2,'2024-02-06',79.06,'2025-09-25 10:26:31','2025-09-25 10:26:31'),(85,3,5,2,'2024-02-06',11.23,'2025-09-25 10:26:31','2025-09-25 10:26:31'),(86,3,4,2,'2024-02-07',87.37,'2025-09-25 10:26:31','2025-09-25 10:26:31'),(87,3,5,2,'2024-02-07',43.22,'2025-09-25 10:26:31','2025-09-25 10:26:31'),(88,3,3,1,'2024-02-08',769.35,'2025-09-25 10:26:31','2025-09-25 10:26:31'),(89,3,4,2,'2024-02-08',101.93,'2025-09-25 10:26:31','2025-09-25 10:26:31'),(90,3,5,2,'2024-02-08',31.06,'2025-09-25 10:26:31','2025-09-25 10:26:31'),(91,3,4,2,'2024-02-09',95.28,'2025-09-25 10:26:31','2025-09-25 10:26:31'),(92,3,5,2,'2024-02-09',25.68,'2025-09-25 10:26:31','2025-09-25 10:26:31'),(93,3,4,2,'2024-02-10',57.76,'2025-09-25 10:26:31','2025-09-25 10:26:31'),(94,3,5,2,'2024-02-10',36.61,'2025-09-25 10:26:31','2025-09-25 10:26:31'),(95,3,4,2,'2024-02-11',52.64,'2025-09-25 10:26:31','2025-09-25 10:26:31'),(96,3,5,2,'2024-02-11',12.41,'2025-09-25 10:26:31','2025-09-25 10:26:31'),(97,3,4,2,'2024-02-12',92.95,'2025-09-25 10:26:31','2025-09-25 10:26:31'),(98,3,5,2,'2024-02-12',36.85,'2025-09-25 10:26:31','2025-09-25 10:26:31'),(99,3,4,2,'2024-02-13',112.59,'2025-09-25 10:26:31','2025-09-25 10:26:31'),(100,3,5,2,'2024-02-13',42.07,'2025-09-25 10:26:31','2025-09-25 10:26:31'),(101,3,4,2,'2024-02-14',115.33,'2025-09-25 10:26:31','2025-09-25 10:26:31'),(102,3,5,2,'2024-02-14',41.54,'2025-09-25 10:26:31','2025-09-25 10:26:31'),(103,3,4,2,'2024-02-15',97.83,'2025-09-25 10:26:31','2025-09-25 10:26:31'),(104,3,5,2,'2024-02-15',22.30,'2025-09-25 10:26:31','2025-09-25 10:26:31'),(105,3,7,2,'2024-02-15',407.68,'2025-09-25 10:26:31','2025-09-25 10:26:31'),(106,3,9,2,'2024-02-15',322.00,'2025-09-25 10:26:31','2025-09-25 10:26:31'),(107,3,4,2,'2024-02-16',112.55,'2025-09-25 10:26:31','2025-09-25 10:26:31'),(108,3,5,2,'2024-02-16',21.79,'2025-09-25 10:26:31','2025-09-25 10:26:31'),(109,3,4,2,'2024-02-17',61.30,'2025-09-25 10:26:31','2025-09-25 10:26:31'),(110,3,5,2,'2024-02-17',10.72,'2025-09-25 10:26:31','2025-09-25 10:26:31'),(111,3,6,2,'2024-02-17',527.71,'2025-09-25 10:26:31','2025-09-25 10:26:31'),(112,3,4,2,'2024-02-18',54.52,'2025-09-25 10:26:31','2025-09-25 10:26:31'),(113,3,5,2,'2024-02-18',29.53,'2025-09-25 10:26:31','2025-09-25 10:26:31'),(114,3,6,2,'2024-02-18',445.96,'2025-09-25 10:26:31','2025-09-25 10:26:31'),(115,3,4,2,'2024-02-19',28.59,'2025-09-25 10:26:31','2025-09-25 10:26:31'),(116,3,5,2,'2024-02-19',37.96,'2025-09-25 10:26:31','2025-09-25 10:26:31'),(117,3,4,2,'2024-02-20',48.26,'2025-09-25 10:26:31','2025-09-25 10:26:31'),(118,3,5,2,'2024-02-20',17.42,'2025-09-25 10:26:31','2025-09-25 10:26:31'),(119,3,4,2,'2024-02-21',51.65,'2025-09-25 10:26:31','2025-09-25 10:26:31'),(120,3,5,2,'2024-02-21',46.28,'2025-09-25 10:26:31','2025-09-25 10:26:31'),(121,3,4,2,'2024-02-22',26.59,'2025-09-25 10:26:31','2025-09-25 10:26:31'),(122,3,5,2,'2024-02-22',43.89,'2025-09-25 10:26:31','2025-09-25 10:26:31'),(123,3,3,1,'2024-02-23',1322.21,'2025-09-25 10:26:31','2025-09-25 10:26:31'),(124,3,4,2,'2024-02-23',88.94,'2025-09-25 10:26:31','2025-09-25 10:26:31'),(125,3,5,2,'2024-02-23',20.06,'2025-09-25 10:26:31','2025-09-25 10:26:31'),(126,3,4,2,'2024-02-24',47.01,'2025-09-25 10:26:31','2025-09-25 10:26:31'),(127,3,5,2,'2024-02-24',30.07,'2025-09-25 10:26:31','2025-09-25 10:26:31'),(128,3,6,2,'2024-02-24',349.90,'2025-09-25 10:26:31','2025-09-25 10:26:31'),(129,3,4,2,'2024-02-25',28.46,'2025-09-25 10:26:31','2025-09-25 10:26:31'),(130,3,5,2,'2024-02-25',12.63,'2025-09-25 10:26:31','2025-09-25 10:26:31'),(131,3,6,2,'2024-02-25',530.85,'2025-09-25 10:26:31','2025-09-25 10:26:31'),(132,3,4,2,'2024-02-26',64.31,'2025-09-25 10:26:31','2025-09-25 10:26:31'),(133,3,5,2,'2024-02-26',42.37,'2025-09-25 10:26:31','2025-09-25 10:26:31'),(134,3,4,2,'2024-02-27',59.76,'2025-09-25 10:26:31','2025-09-25 10:26:31'),(135,3,5,2,'2024-02-27',45.17,'2025-09-25 10:26:31','2025-09-25 10:26:31'),(136,3,4,2,'2024-02-28',107.42,'2025-09-25 10:26:31','2025-09-25 10:26:31'),(137,3,5,2,'2024-02-28',23.40,'2025-09-25 10:26:31','2025-09-25 10:26:31'),(138,3,4,2,'2024-02-29',69.06,'2025-09-25 10:26:31','2025-09-25 10:26:31'),(139,3,5,2,'2024-02-29',43.86,'2025-09-25 10:26:31','2025-09-25 10:26:31'),(140,3,4,2,'2024-03-01',93.88,'2025-09-25 10:26:31','2025-09-25 10:26:31'),(141,3,5,2,'2024-03-01',28.52,'2025-09-25 10:26:31','2025-09-25 10:26:31'),(142,3,8,2,'2024-03-01',3500.00,'2025-09-25 10:26:31','2025-09-25 10:26:31'),(143,3,4,2,'2024-03-02',92.99,'2025-09-25 10:26:31','2025-09-25 10:26:31'),(144,3,5,2,'2024-03-02',49.73,'2025-09-25 10:26:31','2025-09-25 10:26:31'),(145,3,6,2,'2024-03-02',610.01,'2025-09-25 10:26:31','2025-09-25 10:26:31'),(146,3,4,2,'2024-03-03',79.44,'2025-09-25 10:26:31','2025-09-25 10:26:31'),(147,3,5,2,'2024-03-03',35.03,'2025-09-25 10:26:31','2025-09-25 10:26:31'),(148,3,4,2,'2024-03-04',23.02,'2025-09-25 10:26:31','2025-09-25 10:26:31'),(149,3,5,2,'2024-03-04',16.32,'2025-09-25 10:26:31','2025-09-25 10:26:31'),(150,3,1,1,'2024-03-05',15000.00,'2025-09-25 10:26:31','2025-09-25 10:26:31'),(151,3,4,2,'2024-03-05',45.74,'2025-09-25 10:26:31','2025-09-25 10:26:31'),(152,3,5,2,'2024-03-05',18.62,'2025-09-25 10:26:31','2025-09-25 10:26:31'),(153,3,7,2,'2024-03-05',311.90,'2025-09-25 10:26:31','2025-09-25 10:26:31'),(154,3,3,1,'2024-03-06',1071.34,'2025-09-25 10:26:31','2025-09-25 10:26:31'),(155,3,4,2,'2024-03-06',53.84,'2025-09-25 10:26:31','2025-09-25 10:26:31'),(156,3,5,2,'2024-03-06',15.64,'2025-09-25 10:26:31','2025-09-25 10:26:31'),(157,3,4,2,'2024-03-07',39.65,'2025-09-25 10:26:31','2025-09-25 10:26:31'),(158,3,5,2,'2024-03-07',10.81,'2025-09-25 10:26:31','2025-09-25 10:26:31'),(159,3,4,2,'2024-03-08',111.24,'2025-09-25 10:26:31','2025-09-25 10:26:31'),(160,3,5,2,'2024-03-08',30.56,'2025-09-25 10:26:31','2025-09-25 10:26:31'),(161,3,4,2,'2024-03-09',96.31,'2025-09-25 10:26:31','2025-09-25 10:26:31'),(162,3,5,2,'2024-03-09',44.72,'2025-09-25 10:26:31','2025-09-25 10:26:31'),(163,3,6,2,'2024-03-09',195.83,'2025-09-25 10:26:31','2025-09-25 10:26:31'),(164,3,4,2,'2024-03-10',38.75,'2025-09-25 10:26:31','2025-09-25 10:26:31'),(165,3,5,2,'2024-03-10',17.83,'2025-09-25 10:26:31','2025-09-25 10:26:31'),(166,3,4,2,'2024-03-11',90.78,'2025-09-25 10:26:31','2025-09-25 10:26:31'),(167,3,5,2,'2024-03-11',19.86,'2025-09-25 10:26:31','2025-09-25 10:26:31'),(168,3,7,2,'2024-03-11',288.60,'2025-09-25 10:26:31','2025-09-25 10:26:31'),(169,3,4,2,'2024-03-12',60.24,'2025-09-25 10:26:31','2025-09-25 10:26:31'),(170,3,5,2,'2024-03-12',46.57,'2025-09-25 10:26:31','2025-09-25 10:26:31'),(171,3,4,2,'2024-03-13',61.59,'2025-09-25 10:26:31','2025-09-25 10:26:31'),(172,3,5,2,'2024-03-13',43.39,'2025-09-25 10:26:31','2025-09-25 10:26:31'),(173,3,4,2,'2024-03-14',46.05,'2025-09-25 10:26:31','2025-09-25 10:26:31'),(174,3,5,2,'2024-03-14',46.76,'2025-09-25 10:26:31','2025-09-25 10:26:31'),(175,3,4,2,'2024-03-15',101.40,'2025-09-25 10:26:31','2025-09-25 10:26:31'),(176,3,5,2,'2024-03-15',41.24,'2025-09-25 10:26:31','2025-09-25 10:26:31'),(177,3,9,2,'2024-03-15',467.00,'2025-09-25 10:26:31','2025-09-25 10:26:31'),(178,3,4,2,'2024-03-16',26.37,'2025-09-25 10:26:31','2025-09-25 10:26:31'),(179,3,5,2,'2024-03-16',10.79,'2025-09-25 10:26:31','2025-09-25 10:26:31'),(180,3,6,2,'2024-03-16',189.51,'2025-09-25 10:26:31','2025-09-25 10:26:31'),(181,3,4,2,'2024-03-17',40.84,'2025-09-25 10:26:31','2025-09-25 10:26:31'),(182,3,5,2,'2024-03-17',16.44,'2025-09-25 10:26:31','2025-09-25 10:26:31'),(183,3,6,2,'2024-03-17',175.67,'2025-09-25 10:26:31','2025-09-25 10:26:31'),(184,3,3,1,'2024-03-18',780.34,'2025-09-25 10:26:31','2025-09-25 10:26:31'),(185,3,4,2,'2024-03-18',33.38,'2025-09-25 10:26:31','2025-09-25 10:26:31'),(186,3,5,2,'2024-03-18',33.63,'2025-09-25 10:26:31','2025-09-25 10:26:31'),(187,3,4,2,'2024-03-19',24.21,'2025-09-25 10:26:31','2025-09-25 10:26:31'),(188,3,5,2,'2024-03-19',34.71,'2025-09-25 10:26:31','2025-09-25 10:26:31'),(189,3,4,2,'2024-03-20',114.83,'2025-09-25 10:26:31','2025-09-25 10:26:31'),(190,3,5,2,'2024-03-20',44.00,'2025-09-25 10:26:31','2025-09-25 10:26:31'),(191,3,4,2,'2024-03-21',110.67,'2025-09-25 10:26:31','2025-09-25 10:26:31'),(192,3,5,2,'2024-03-21',25.22,'2025-09-25 10:26:31','2025-09-25 10:26:31'),(193,3,4,2,'2024-03-22',86.57,'2025-09-25 10:26:31','2025-09-25 10:26:31'),(194,3,5,2,'2024-03-22',44.46,'2025-09-25 10:26:31','2025-09-25 10:26:31'),(195,3,4,2,'2024-03-23',52.19,'2025-09-25 10:26:31','2025-09-25 10:26:31'),(196,3,5,2,'2024-03-23',29.64,'2025-09-25 10:26:31','2025-09-25 10:26:31'),(197,3,6,2,'2024-03-23',594.49,'2025-09-25 10:26:31','2025-09-25 10:26:31'),(198,3,4,2,'2024-03-24',117.28,'2025-09-25 10:26:31','2025-09-25 10:26:31'),(199,3,5,2,'2024-03-24',48.82,'2025-09-25 10:26:31','2025-09-25 10:26:31'),(200,3,4,2,'2024-03-25',66.89,'2025-09-25 10:26:31','2025-09-25 10:26:31'),(201,3,5,2,'2024-03-25',12.89,'2025-09-25 10:26:31','2025-09-25 10:26:31'),(202,3,4,2,'2024-03-26',88.58,'2025-09-25 10:26:31','2025-09-25 10:26:31'),(203,3,5,2,'2024-03-26',35.18,'2025-09-25 10:26:31','2025-09-25 10:26:31'),(204,3,4,2,'2024-03-27',109.67,'2025-09-25 10:26:31','2025-09-25 10:26:31'),(205,3,5,2,'2024-03-27',19.65,'2025-09-25 10:26:31','2025-09-25 10:26:31'),(206,3,4,2,'2024-03-28',44.62,'2025-09-25 10:26:31','2025-09-25 10:26:31'),(207,3,5,2,'2024-03-28',24.16,'2025-09-25 10:26:31','2025-09-25 10:26:31'),(208,3,4,2,'2024-03-29',37.93,'2025-09-25 10:26:31','2025-09-25 10:26:31'),(209,3,5,2,'2024-03-29',33.76,'2025-09-25 10:26:31','2025-09-25 10:26:31'),(210,3,4,2,'2024-03-30',86.72,'2025-09-25 10:26:31','2025-09-25 10:26:31'),(211,3,5,2,'2024-03-30',21.20,'2025-09-25 10:26:31','2025-09-25 10:26:31'),(212,3,7,2,'2024-03-30',375.75,'2025-09-25 10:26:31','2025-09-25 10:26:31'),(213,3,2,1,'2024-03-31',8688.00,'2025-09-25 10:26:31','2025-09-25 10:26:31'),(214,3,4,2,'2024-03-31',49.93,'2025-09-25 10:26:31','2025-09-25 10:26:31'),(215,3,5,2,'2024-03-31',19.46,'2025-09-25 10:26:31','2025-09-25 10:26:31'),(216,3,6,2,'2024-03-31',230.48,'2025-09-25 10:26:31','2025-09-25 10:26:31'),(217,3,4,2,'2024-04-01',24.11,'2025-09-25 10:26:31','2025-09-25 10:26:31'),(218,3,5,2,'2024-04-01',47.41,'2025-09-25 10:26:31','2025-09-25 10:26:31'),(219,3,8,2,'2024-04-01',3500.00,'2025-09-25 10:26:31','2025-09-25 10:26:31'),(220,3,4,2,'2024-04-02',81.98,'2025-09-25 10:26:31','2025-09-25 10:26:31'),(221,3,5,2,'2024-04-02',13.15,'2025-09-25 10:26:31','2025-09-25 10:26:31'),(222,3,4,2,'2024-04-03',58.45,'2025-09-25 10:26:31','2025-09-25 10:26:31'),(223,3,5,2,'2024-04-03',20.15,'2025-09-25 10:26:31','2025-09-25 10:26:31'),(224,3,4,2,'2024-04-04',20.40,'2025-09-25 10:26:31','2025-09-25 10:26:31'),(225,3,5,2,'2024-04-04',30.55,'2025-09-25 10:26:31','2025-09-25 10:26:31'),(226,3,1,1,'2024-04-05',15000.00,'2025-09-25 10:26:31','2025-09-25 10:26:31'),(227,3,4,2,'2024-04-05',114.03,'2025-09-25 10:26:31','2025-09-25 10:26:31'),(228,3,5,2,'2024-04-05',10.71,'2025-09-25 10:26:31','2025-09-25 10:26:31'),(229,3,3,1,'2024-04-06',1893.69,'2025-09-25 10:26:31','2025-09-25 10:26:31'),(230,3,4,2,'2024-04-06',67.98,'2025-09-25 10:26:31','2025-09-25 10:26:31'),(231,3,5,2,'2024-04-06',13.18,'2025-09-25 10:26:31','2025-09-25 10:26:31'),(232,3,6,2,'2024-04-06',718.82,'2025-09-25 10:26:31','2025-09-25 10:26:31'),(233,3,4,2,'2024-04-07',63.83,'2025-09-25 10:26:31','2025-09-25 10:26:31'),(234,3,5,2,'2024-04-07',49.94,'2025-09-25 10:26:31','2025-09-25 10:26:31'),(235,3,6,2,'2024-04-07',688.97,'2025-09-25 10:26:31','2025-09-25 10:26:31'),(236,3,4,2,'2024-04-08',37.93,'2025-09-25 10:26:31','2025-09-25 10:26:31'),(237,3,5,2,'2024-04-08',43.19,'2025-09-25 10:26:31','2025-09-25 10:26:31'),(238,3,4,2,'2024-04-09',115.12,'2025-09-25 10:26:31','2025-09-25 10:26:31'),(239,3,5,2,'2024-04-09',21.87,'2025-09-25 10:26:31','2025-09-25 10:26:31'),(240,3,4,2,'2024-04-10',96.61,'2025-09-25 10:26:31','2025-09-25 10:26:31'),(241,3,5,2,'2024-04-10',36.32,'2025-09-25 10:26:31','2025-09-25 10:26:31'),(242,3,4,2,'2024-04-11',86.44,'2025-09-25 10:26:31','2025-09-25 10:26:31'),(243,3,5,2,'2024-04-11',13.36,'2025-09-25 10:26:31','2025-09-25 10:26:31'),(244,3,4,2,'2024-04-12',96.73,'2025-09-25 10:26:31','2025-09-25 10:26:31'),(245,3,5,2,'2024-04-12',25.71,'2025-09-25 10:26:31','2025-09-25 10:26:31'),(246,3,4,2,'2024-04-13',52.47,'2025-09-25 10:26:31','2025-09-25 10:26:31'),(247,3,5,2,'2024-04-13',17.96,'2025-09-25 10:26:31','2025-09-25 10:26:31'),(248,3,6,2,'2024-04-13',673.15,'2025-09-25 10:26:31','2025-09-25 10:26:31'),(249,3,4,2,'2024-04-14',69.04,'2025-09-25 10:26:31','2025-09-25 10:26:31'),(250,3,5,2,'2024-04-14',45.56,'2025-09-25 10:26:31','2025-09-25 10:26:31'),(251,3,6,2,'2024-04-14',651.00,'2025-09-25 10:26:31','2025-09-25 10:26:31'),(252,3,4,2,'2024-04-15',111.25,'2025-09-25 10:26:31','2025-09-25 10:26:31'),(253,3,5,2,'2024-04-15',34.69,'2025-09-25 10:26:31','2025-09-25 10:26:31'),(254,3,9,2,'2024-04-15',266.00,'2025-09-25 10:26:31','2025-09-25 10:26:31'),(255,3,4,2,'2024-04-16',97.37,'2025-09-25 10:26:31','2025-09-25 10:26:31'),(256,3,5,2,'2024-04-16',32.81,'2025-09-25 10:26:31','2025-09-25 10:26:31'),(257,3,4,2,'2024-04-17',101.74,'2025-09-25 10:26:31','2025-09-25 10:26:31'),(258,3,5,2,'2024-04-17',18.41,'2025-09-25 10:26:31','2025-09-25 10:26:31'),(259,3,4,2,'2024-04-18',49.02,'2025-09-25 10:26:31','2025-09-25 10:26:31'),(260,3,5,2,'2024-04-18',22.34,'2025-09-25 10:26:31','2025-09-25 10:26:31'),(261,3,4,2,'2024-04-19',85.36,'2025-09-25 10:26:31','2025-09-25 10:26:31'),(262,3,5,2,'2024-04-19',35.78,'2025-09-25 10:26:31','2025-09-25 10:26:31'),(263,3,4,2,'2024-04-20',44.28,'2025-09-25 10:26:31','2025-09-25 10:26:31'),(264,3,5,2,'2024-04-20',46.10,'2025-09-25 10:26:31','2025-09-25 10:26:31'),(265,3,6,2,'2024-04-20',635.27,'2025-09-25 10:26:31','2025-09-25 10:26:31'),(266,3,3,1,'2024-04-21',764.82,'2025-09-25 10:26:31','2025-09-25 10:26:31'),(267,3,4,2,'2024-04-21',55.44,'2025-09-25 10:26:31','2025-09-25 10:26:31'),(268,3,5,2,'2024-04-21',23.95,'2025-09-25 10:26:31','2025-09-25 10:26:31'),(269,3,6,2,'2024-04-21',768.64,'2025-09-25 10:26:31','2025-09-25 10:26:31'),(270,3,4,2,'2024-04-22',52.80,'2025-09-25 10:26:31','2025-09-25 10:26:31'),(271,3,5,2,'2024-04-22',25.65,'2025-09-25 10:26:31','2025-09-25 10:26:31'),(272,3,4,2,'2024-04-23',106.11,'2025-09-25 10:26:31','2025-09-25 10:26:31'),(273,3,5,2,'2024-04-23',47.19,'2025-09-25 10:26:31','2025-09-25 10:26:31'),(274,3,4,2,'2024-04-24',92.00,'2025-09-25 10:26:31','2025-09-25 10:26:31'),(275,3,5,2,'2024-04-24',29.21,'2025-09-25 10:26:31','2025-09-25 10:26:31'),(276,3,4,2,'2024-04-25',21.43,'2025-09-25 10:26:31','2025-09-25 10:26:31'),(277,3,5,2,'2024-04-25',16.47,'2025-09-25 10:26:31','2025-09-25 10:26:31'),(278,3,4,2,'2024-04-26',63.03,'2025-09-25 10:26:31','2025-09-25 10:26:31'),(279,3,5,2,'2024-04-26',26.05,'2025-09-25 10:26:31','2025-09-25 10:26:31'),(280,3,4,2,'2024-04-27',98.77,'2025-09-25 10:26:31','2025-09-25 10:26:31'),(281,3,5,2,'2024-04-27',30.31,'2025-09-25 10:26:31','2025-09-25 10:26:31'),(282,3,6,2,'2024-04-27',159.37,'2025-09-25 10:26:31','2025-09-25 10:26:31'),(283,3,4,2,'2024-04-28',71.03,'2025-09-25 10:26:31','2025-09-25 10:26:31'),(284,3,5,2,'2024-04-28',29.18,'2025-09-25 10:26:31','2025-09-25 10:26:31'),(285,3,6,2,'2024-04-28',683.65,'2025-09-25 10:26:31','2025-09-25 10:26:31'),(286,3,4,2,'2024-04-29',45.05,'2025-09-25 10:26:31','2025-09-25 10:26:31'),(287,3,5,2,'2024-04-29',30.64,'2025-09-25 10:26:31','2025-09-25 10:26:31'),(288,3,4,2,'2024-04-30',50.10,'2025-09-25 10:26:31','2025-09-25 10:26:31'),(289,3,5,2,'2024-04-30',23.55,'2025-09-25 10:26:31','2025-09-25 10:26:31'),(290,3,4,2,'2024-05-01',103.38,'2025-09-25 10:26:31','2025-09-25 10:26:31'),(291,3,5,2,'2024-05-01',20.10,'2025-09-25 10:26:31','2025-09-25 10:26:31'),(292,3,7,2,'2024-05-01',251.31,'2025-09-25 10:26:31','2025-09-25 10:26:31'),(293,3,8,2,'2024-05-01',3500.00,'2025-09-25 10:26:31','2025-09-25 10:26:31'),(294,3,4,2,'2024-05-02',105.12,'2025-09-25 10:26:31','2025-09-25 10:26:31'),(295,3,5,2,'2024-05-02',10.91,'2025-09-25 10:26:31','2025-09-25 10:26:31'),(296,3,4,2,'2024-05-03',112.37,'2025-09-25 10:26:31','2025-09-25 10:26:31'),(297,3,5,2,'2024-05-03',47.96,'2025-09-25 10:26:31','2025-09-25 10:26:31'),(298,3,4,2,'2024-05-04',93.29,'2025-09-25 10:26:31','2025-09-25 10:26:31'),(299,3,5,2,'2024-05-04',36.71,'2025-09-25 10:26:31','2025-09-25 10:26:31'),(300,3,6,2,'2024-05-04',261.11,'2025-09-25 10:26:31','2025-09-25 10:26:31'),(301,3,1,1,'2024-05-05',15000.00,'2025-09-25 10:26:31','2025-09-25 10:26:31'),(302,3,4,2,'2024-05-05',84.14,'2025-09-25 10:26:31','2025-09-25 10:26:31'),(303,3,5,2,'2024-05-05',45.63,'2025-09-25 10:26:31','2025-09-25 10:26:31'),(304,3,4,2,'2024-05-06',81.15,'2025-09-25 10:26:31','2025-09-25 10:26:31'),(305,3,5,2,'2024-05-06',15.11,'2025-09-25 10:26:31','2025-09-25 10:26:31'),(306,3,4,2,'2024-05-07',101.45,'2025-09-25 10:26:31','2025-09-25 10:26:31'),(307,3,5,2,'2024-05-07',38.41,'2025-09-25 10:26:31','2025-09-25 10:26:31'),(308,3,4,2,'2024-05-08',28.34,'2025-09-25 10:26:31','2025-09-25 10:26:31'),(309,3,5,2,'2024-05-08',32.32,'2025-09-25 10:26:31','2025-09-25 10:26:31'),(310,3,4,2,'2024-05-09',77.92,'2025-09-25 10:26:31','2025-09-25 10:26:31'),(311,3,5,2,'2024-05-09',49.17,'2025-09-25 10:26:31','2025-09-25 10:26:31'),(312,3,4,2,'2024-05-10',24.41,'2025-09-25 10:26:31','2025-09-25 10:26:31'),(313,3,5,2,'2024-05-10',19.93,'2025-09-25 10:26:31','2025-09-25 10:26:31'),(314,3,4,2,'2024-05-11',117.71,'2025-09-25 10:26:31','2025-09-25 10:26:31'),(315,3,5,2,'2024-05-11',28.07,'2025-09-25 10:26:31','2025-09-25 10:26:31'),(316,3,6,2,'2024-05-11',201.92,'2025-09-25 10:26:31','2025-09-25 10:26:31'),(317,3,4,2,'2024-05-12',62.57,'2025-09-25 10:26:31','2025-09-25 10:26:31'),(318,3,5,2,'2024-05-12',31.44,'2025-09-25 10:26:31','2025-09-25 10:26:31'),(319,3,6,2,'2024-05-12',706.35,'2025-09-25 10:26:31','2025-09-25 10:26:31'),(320,3,4,2,'2024-05-13',98.60,'2025-09-25 10:26:31','2025-09-25 10:26:31'),(321,3,5,2,'2024-05-13',23.42,'2025-09-25 10:26:31','2025-09-25 10:26:31'),(322,3,4,2,'2024-05-14',72.53,'2025-09-25 10:26:31','2025-09-25 10:26:31'),(323,3,5,2,'2024-05-14',28.75,'2025-09-25 10:26:31','2025-09-25 10:26:31'),(324,3,4,2,'2024-05-15',44.59,'2025-09-25 10:26:31','2025-09-25 10:26:31'),(325,3,5,2,'2024-05-15',40.01,'2025-09-25 10:26:31','2025-09-25 10:26:31'),(326,3,9,2,'2024-05-15',377.00,'2025-09-25 10:26:31','2025-09-25 10:26:31'),(327,3,3,1,'2024-05-16',532.72,'2025-09-25 10:26:31','2025-09-25 10:26:31'),(328,3,4,2,'2024-05-16',73.99,'2025-09-25 10:26:31','2025-09-25 10:26:31'),(329,3,5,2,'2024-05-16',47.50,'2025-09-25 10:26:31','2025-09-25 10:26:31'),(330,3,7,2,'2024-05-16',123.47,'2025-09-25 10:26:31','2025-09-25 10:26:31'),(331,3,4,2,'2024-05-17',72.98,'2025-09-25 10:26:31','2025-09-25 10:26:31'),(332,3,5,2,'2024-05-17',24.59,'2025-09-25 10:26:31','2025-09-25 10:26:31'),(333,3,4,2,'2024-05-18',73.28,'2025-09-25 10:26:31','2025-09-25 10:26:31'),(334,3,5,2,'2024-05-18',22.61,'2025-09-25 10:26:31','2025-09-25 10:26:31'),(335,3,6,2,'2024-05-18',262.08,'2025-09-25 10:26:31','2025-09-25 10:26:31'),(336,3,4,2,'2024-05-19',82.93,'2025-09-25 10:26:31','2025-09-25 10:26:31'),(337,3,5,2,'2024-05-19',45.61,'2025-09-25 10:26:31','2025-09-25 10:26:31'),(338,3,6,2,'2024-05-19',159.06,'2025-09-25 10:26:31','2025-09-25 10:26:31'),(339,3,4,2,'2024-05-20',50.60,'2025-09-25 10:26:31','2025-09-25 10:26:31'),(340,3,5,2,'2024-05-20',39.25,'2025-09-25 10:26:31','2025-09-25 10:26:31'),(341,3,4,2,'2024-05-21',64.90,'2025-09-25 10:26:31','2025-09-25 10:26:31'),(342,3,5,2,'2024-05-21',31.12,'2025-09-25 10:26:31','2025-09-25 10:26:31'),(343,3,4,2,'2024-05-22',100.37,'2025-09-25 10:26:31','2025-09-25 10:26:31'),(344,3,5,2,'2024-05-22',34.20,'2025-09-25 10:26:31','2025-09-25 10:26:31'),(345,3,4,2,'2024-05-23',109.86,'2025-09-25 10:26:31','2025-09-25 10:26:31'),(346,3,5,2,'2024-05-23',49.81,'2025-09-25 10:26:31','2025-09-25 10:26:31'),(347,3,3,1,'2024-05-24',1353.65,'2025-09-25 10:26:31','2025-09-25 10:26:31'),(348,3,4,2,'2024-05-24',102.15,'2025-09-25 10:26:31','2025-09-25 10:26:31'),(349,3,5,2,'2024-05-24',42.77,'2025-09-25 10:26:31','2025-09-25 10:26:31'),(350,3,4,2,'2024-05-25',27.44,'2025-09-25 10:26:31','2025-09-25 10:26:31'),(351,3,5,2,'2024-05-25',16.44,'2025-09-25 10:26:31','2025-09-25 10:26:31'),(352,3,4,2,'2024-05-26',64.45,'2025-09-25 10:26:31','2025-09-25 10:26:31'),(353,3,5,2,'2024-05-26',48.84,'2025-09-25 10:26:31','2025-09-25 10:26:31'),(354,3,6,2,'2024-05-26',723.96,'2025-09-25 10:26:31','2025-09-25 10:26:31'),(355,3,4,2,'2024-05-27',57.17,'2025-09-25 10:26:31','2025-09-25 10:26:31'),(356,3,5,2,'2024-05-27',40.00,'2025-09-25 10:26:31','2025-09-25 10:26:31'),(357,3,4,2,'2024-05-28',77.91,'2025-09-25 10:26:31','2025-09-25 10:26:31'),(358,3,5,2,'2024-05-28',33.88,'2025-09-25 10:26:31','2025-09-25 10:26:31'),(359,3,4,2,'2024-05-29',56.58,'2025-09-25 10:26:31','2025-09-25 10:26:31'),(360,3,5,2,'2024-05-29',21.81,'2025-09-25 10:26:31','2025-09-25 10:26:31'),(361,3,7,2,'2024-05-29',358.76,'2025-09-25 10:26:31','2025-09-25 10:26:31'),(362,3,4,2,'2024-05-30',86.33,'2025-09-25 10:26:31','2025-09-25 10:26:31'),(363,3,5,2,'2024-05-30',30.12,'2025-09-25 10:26:31','2025-09-25 10:26:31'),(364,3,4,2,'2024-05-31',32.76,'2025-09-25 10:26:31','2025-09-25 10:26:31'),(365,3,5,2,'2024-05-31',25.07,'2025-09-25 10:26:31','2025-09-25 10:26:31'),(366,3,4,2,'2024-06-01',22.79,'2025-09-25 10:26:31','2025-09-25 10:26:31'),(367,3,5,2,'2024-06-01',45.72,'2025-09-25 10:26:31','2025-09-25 10:26:31'),(368,3,8,2,'2024-06-01',3500.00,'2025-09-25 10:26:31','2025-09-25 10:26:31'),(369,3,4,2,'2024-06-02',34.48,'2025-09-25 10:26:31','2025-09-25 10:26:31'),(370,3,5,2,'2024-06-02',21.44,'2025-09-25 10:26:31','2025-09-25 10:26:31'),(371,3,6,2,'2024-06-02',215.58,'2025-09-25 10:26:31','2025-09-25 10:26:31'),(372,3,4,2,'2024-06-03',36.45,'2025-09-25 10:26:31','2025-09-25 10:26:31'),(373,3,5,2,'2024-06-03',13.26,'2025-09-25 10:26:31','2025-09-25 10:26:31'),(374,3,4,2,'2024-06-04',66.16,'2025-09-25 10:26:31','2025-09-25 10:26:31'),(375,3,5,2,'2024-06-04',22.02,'2025-09-25 10:26:31','2025-09-25 10:26:31'),(376,3,1,1,'2024-06-05',15000.00,'2025-09-25 10:26:31','2025-09-25 10:26:31'),(377,3,4,2,'2024-06-05',93.17,'2025-09-25 10:26:31','2025-09-25 10:26:31'),(378,3,5,2,'2024-06-05',38.31,'2025-09-25 10:26:31','2025-09-25 10:26:31'),(379,3,4,2,'2024-06-06',27.18,'2025-09-25 10:26:31','2025-09-25 10:26:31'),(380,3,5,2,'2024-06-06',11.86,'2025-09-25 10:26:31','2025-09-25 10:26:31'),(381,3,4,2,'2024-06-07',69.77,'2025-09-25 10:26:31','2025-09-25 10:26:31'),(382,3,5,2,'2024-06-07',30.10,'2025-09-25 10:26:31','2025-09-25 10:26:31'),(383,3,4,2,'2024-06-08',90.94,'2025-09-25 10:26:31','2025-09-25 10:26:31'),(384,3,5,2,'2024-06-08',42.59,'2025-09-25 10:26:31','2025-09-25 10:26:31'),(385,3,6,2,'2024-06-08',718.67,'2025-09-25 10:26:31','2025-09-25 10:26:31'),(386,3,4,2,'2024-06-09',42.84,'2025-09-25 10:26:31','2025-09-25 10:26:31'),(387,3,5,2,'2024-06-09',43.28,'2025-09-25 10:26:31','2025-09-25 10:26:31'),(388,3,4,2,'2024-06-10',59.47,'2025-09-25 10:26:31','2025-09-25 10:26:31'),(389,3,5,2,'2024-06-10',21.46,'2025-09-25 10:26:31','2025-09-25 10:26:31'),(390,3,4,2,'2024-06-11',44.60,'2025-09-25 10:26:31','2025-09-25 10:26:31'),(391,3,5,2,'2024-06-11',18.67,'2025-09-25 10:26:31','2025-09-25 10:26:31'),(392,3,4,2,'2024-06-12',94.84,'2025-09-25 10:26:31','2025-09-25 10:26:31'),(393,3,5,2,'2024-06-12',38.13,'2025-09-25 10:26:31','2025-09-25 10:26:31'),(394,3,4,2,'2024-06-13',98.70,'2025-09-25 10:26:31','2025-09-25 10:26:31'),(395,3,5,2,'2024-06-13',49.85,'2025-09-25 10:26:31','2025-09-25 10:26:31'),(396,3,4,2,'2024-06-14',107.95,'2025-09-25 10:26:31','2025-09-25 10:26:31'),(397,3,5,2,'2024-06-14',37.28,'2025-09-25 10:26:31','2025-09-25 10:26:31'),(398,3,4,2,'2024-06-15',31.70,'2025-09-25 10:26:31','2025-09-25 10:26:31'),(399,3,5,2,'2024-06-15',27.67,'2025-09-25 10:26:31','2025-09-25 10:26:31'),(400,3,9,2,'2024-06-15',278.00,'2025-09-25 10:26:31','2025-09-25 10:26:31'),(401,3,4,2,'2024-06-16',25.51,'2025-09-25 10:26:31','2025-09-25 10:26:31'),(402,3,5,2,'2024-06-16',28.17,'2025-09-25 10:26:31','2025-09-25 10:26:31'),(403,3,6,2,'2024-06-16',241.58,'2025-09-25 10:26:31','2025-09-25 10:26:31'),(404,3,7,2,'2024-06-16',456.35,'2025-09-25 10:26:31','2025-09-25 10:26:31'),(405,3,4,2,'2024-06-17',35.97,'2025-09-25 10:26:31','2025-09-25 10:26:31'),(406,3,5,2,'2024-06-17',18.60,'2025-09-25 10:26:31','2025-09-25 10:26:31'),(407,3,4,2,'2024-06-18',113.63,'2025-09-25 10:26:31','2025-09-25 10:26:31'),(408,3,5,2,'2024-06-18',19.42,'2025-09-25 10:26:31','2025-09-25 10:26:31'),(409,3,4,2,'2024-06-19',30.06,'2025-09-25 10:26:31','2025-09-25 10:26:31'),(410,3,5,2,'2024-06-19',35.28,'2025-09-25 10:26:31','2025-09-25 10:26:31'),(411,3,4,2,'2024-06-20',94.62,'2025-09-25 10:26:31','2025-09-25 10:26:31'),(412,3,5,2,'2024-06-20',12.30,'2025-09-25 10:26:31','2025-09-25 10:26:31'),(413,3,4,2,'2024-06-21',48.80,'2025-09-25 10:26:31','2025-09-25 10:26:31'),(414,3,5,2,'2024-06-21',22.97,'2025-09-25 10:26:31','2025-09-25 10:26:31'),(415,3,4,2,'2024-06-22',63.74,'2025-09-25 10:26:31','2025-09-25 10:26:31'),(416,3,5,2,'2024-06-22',40.39,'2025-09-25 10:26:31','2025-09-25 10:26:31'),(417,3,4,2,'2024-06-23',41.19,'2025-09-25 10:26:31','2025-09-25 10:26:31'),(418,3,5,2,'2024-06-23',21.21,'2025-09-25 10:26:31','2025-09-25 10:26:31'),(419,3,6,2,'2024-06-23',198.68,'2025-09-25 10:26:31','2025-09-25 10:26:31'),(420,3,4,2,'2024-06-24',93.43,'2025-09-25 10:26:31','2025-09-25 10:26:31'),(421,3,5,2,'2024-06-24',39.33,'2025-09-25 10:26:31','2025-09-25 10:26:31'),(422,3,4,2,'2024-06-25',78.88,'2025-09-25 10:26:31','2025-09-25 10:26:31'),(423,3,5,2,'2024-06-25',44.00,'2025-09-25 10:26:31','2025-09-25 10:26:31'),(424,3,7,2,'2024-06-25',51.96,'2025-09-25 10:26:31','2025-09-25 10:26:31'),(425,3,4,2,'2024-06-26',49.41,'2025-09-25 10:26:31','2025-09-25 10:26:31'),(426,3,5,2,'2024-06-26',10.74,'2025-09-25 10:26:31','2025-09-25 10:26:31'),(427,3,4,2,'2024-06-27',33.07,'2025-09-25 10:26:31','2025-09-25 10:26:31'),(428,3,5,2,'2024-06-27',18.34,'2025-09-25 10:26:31','2025-09-25 10:26:31'),(429,3,4,2,'2024-06-28',104.71,'2025-09-25 10:26:31','2025-09-25 10:26:31'),(430,3,5,2,'2024-06-28',14.55,'2025-09-25 10:26:31','2025-09-25 10:26:31'),(431,3,4,2,'2024-06-29',74.85,'2025-09-25 10:26:31','2025-09-25 10:26:31'),(432,3,5,2,'2024-06-29',40.09,'2025-09-25 10:26:31','2025-09-25 10:26:31'),(433,3,6,2,'2024-06-29',210.86,'2025-09-25 10:26:31','2025-09-25 10:26:31'),(434,3,2,1,'2024-06-30',7385.00,'2025-09-25 10:26:31','2025-09-25 10:26:31'),(435,3,3,1,'2024-06-30',1536.67,'2025-09-25 10:26:31','2025-09-25 10:26:31'),(436,3,4,2,'2024-06-30',48.28,'2025-09-25 10:26:31','2025-09-25 10:26:31'),(437,3,5,2,'2024-06-30',27.49,'2025-09-25 10:26:31','2025-09-25 10:26:31'),(438,3,6,2,'2024-06-30',513.64,'2025-09-25 10:26:31','2025-09-25 10:26:31'),(439,3,4,2,'2024-07-01',88.74,'2025-09-25 10:26:31','2025-09-25 10:26:31'),(440,3,5,2,'2024-07-01',33.93,'2025-09-25 10:26:31','2025-09-25 10:26:31'),(441,3,8,2,'2024-07-01',3500.00,'2025-09-25 10:26:31','2025-09-25 10:26:31'),(442,3,4,2,'2024-07-02',100.86,'2025-09-25 10:26:31','2025-09-25 10:26:31'),(443,3,5,2,'2024-07-02',43.31,'2025-09-25 10:26:31','2025-09-25 10:26:31'),(444,3,4,2,'2024-07-03',116.40,'2025-09-25 10:26:31','2025-09-25 10:26:31'),(445,3,5,2,'2024-07-03',24.57,'2025-09-25 10:26:31','2025-09-25 10:26:31'),(446,3,4,2,'2024-07-04',75.47,'2025-09-25 10:26:31','2025-09-25 10:26:31'),(447,3,5,2,'2024-07-04',10.51,'2025-09-25 10:26:31','2025-09-25 10:26:31'),(448,3,1,1,'2024-07-05',15000.00,'2025-09-25 10:26:31','2025-09-25 10:26:31'),(449,3,4,2,'2024-07-05',47.74,'2025-09-25 10:26:31','2025-09-25 10:26:31'),(450,3,5,2,'2024-07-05',35.22,'2025-09-25 10:26:31','2025-09-25 10:26:31'),(451,3,4,2,'2024-07-06',72.13,'2025-09-25 10:26:31','2025-09-25 10:26:31'),(452,3,5,2,'2024-07-06',29.66,'2025-09-25 10:26:31','2025-09-25 10:26:31'),(453,3,4,2,'2024-07-07',48.57,'2025-09-25 10:26:31','2025-09-25 10:26:31'),(454,3,5,2,'2024-07-07',42.20,'2025-09-25 10:26:31','2025-09-25 10:26:31'),(455,3,4,2,'2024-07-08',80.82,'2025-09-25 10:26:31','2025-09-25 10:26:31'),(456,3,5,2,'2024-07-08',41.75,'2025-09-25 10:26:31','2025-09-25 10:26:31'),(457,3,7,2,'2024-07-08',116.67,'2025-09-25 10:26:31','2025-09-25 10:26:31'),(458,3,4,2,'2024-07-09',101.56,'2025-09-25 10:26:31','2025-09-25 10:26:31'),(459,3,5,2,'2024-07-09',31.20,'2025-09-25 10:26:31','2025-09-25 10:26:31'),(460,3,3,1,'2024-07-10',832.44,'2025-09-25 10:26:31','2025-09-25 10:26:31'),(461,3,4,2,'2024-07-10',82.85,'2025-09-25 10:26:31','2025-09-25 10:26:31'),(462,3,5,2,'2024-07-10',22.99,'2025-09-25 10:26:31','2025-09-25 10:26:31'),(463,3,4,2,'2024-07-11',85.69,'2025-09-25 10:26:31','2025-09-25 10:26:31'),(464,3,5,2,'2024-07-11',48.94,'2025-09-25 10:26:31','2025-09-25 10:26:31'),(465,3,4,2,'2024-07-12',93.28,'2025-09-25 10:26:31','2025-09-25 10:26:31'),(466,3,5,2,'2024-07-12',20.85,'2025-09-25 10:26:31','2025-09-25 10:26:31'),(467,3,4,2,'2024-07-13',38.82,'2025-09-25 10:26:31','2025-09-25 10:26:31'),(468,3,5,2,'2024-07-13',16.23,'2025-09-25 10:26:31','2025-09-25 10:26:31'),(469,3,6,2,'2024-07-13',675.72,'2025-09-25 10:26:31','2025-09-25 10:26:31'),(470,3,4,2,'2024-07-14',29.91,'2025-09-25 10:26:31','2025-09-25 10:26:31'),(471,3,5,2,'2024-07-14',25.92,'2025-09-25 10:26:31','2025-09-25 10:26:31'),(472,3,4,2,'2024-07-15',80.54,'2025-09-25 10:26:31','2025-09-25 10:26:31'),(473,3,5,2,'2024-07-15',48.68,'2025-09-25 10:26:31','2025-09-25 10:26:31'),(474,3,9,2,'2024-07-15',265.00,'2025-09-25 10:26:31','2025-09-25 10:26:31'),(475,3,4,2,'2024-07-16',78.42,'2025-09-25 10:26:31','2025-09-25 10:26:31'),(476,3,5,2,'2024-07-16',15.24,'2025-09-25 10:26:31','2025-09-25 10:26:31'),(477,3,4,2,'2024-07-17',23.04,'2025-09-25 10:26:31','2025-09-25 10:26:31'),(478,3,5,2,'2024-07-17',15.74,'2025-09-25 10:26:31','2025-09-25 10:26:31'),(479,3,4,2,'2024-07-18',116.52,'2025-09-25 10:26:31','2025-09-25 10:26:31'),(480,3,5,2,'2024-07-18',22.81,'2025-09-25 10:26:31','2025-09-25 10:26:31'),(481,3,7,2,'2024-07-18',188.02,'2025-09-25 10:26:31','2025-09-25 10:26:31'),(482,3,4,2,'2024-07-19',80.25,'2025-09-25 10:26:31','2025-09-25 10:26:31'),(483,3,5,2,'2024-07-19',31.32,'2025-09-25 10:26:31','2025-09-25 10:26:31'),(484,3,4,2,'2024-07-20',104.16,'2025-09-25 10:26:31','2025-09-25 10:26:31'),(485,3,5,2,'2024-07-20',36.18,'2025-09-25 10:26:31','2025-09-25 10:26:31'),(486,3,6,2,'2024-07-20',495.35,'2025-09-25 10:26:31','2025-09-25 10:26:31'),(487,3,4,2,'2024-07-21',60.15,'2025-09-25 10:26:31','2025-09-25 10:26:31'),(488,3,5,2,'2024-07-21',27.02,'2025-09-25 10:26:31','2025-09-25 10:26:31'),(489,3,7,2,'2024-07-21',283.89,'2025-09-25 10:26:31','2025-09-25 10:26:31'),(490,3,3,1,'2024-07-22',907.83,'2025-09-25 10:26:31','2025-09-25 10:26:31'),(491,3,4,2,'2024-07-22',87.66,'2025-09-25 10:26:31','2025-09-25 10:26:31'),(492,3,5,2,'2024-07-22',41.33,'2025-09-25 10:26:31','2025-09-25 10:26:31'),(493,3,4,2,'2024-07-23',79.92,'2025-09-25 10:26:31','2025-09-25 10:26:31'),(494,3,5,2,'2024-07-23',38.45,'2025-09-25 10:26:31','2025-09-25 10:26:31'),(495,3,4,2,'2024-07-24',30.25,'2025-09-25 10:26:31','2025-09-25 10:26:31'),(496,3,5,2,'2024-07-24',28.94,'2025-09-25 10:26:31','2025-09-25 10:26:31'),(497,3,7,2,'2024-07-24',334.31,'2025-09-25 10:26:31','2025-09-25 10:26:31'),(498,3,4,2,'2024-07-25',97.41,'2025-09-25 10:26:31','2025-09-25 10:26:31'),(499,3,5,2,'2024-07-25',17.27,'2025-09-25 10:26:31','2025-09-25 10:26:31'),(500,3,4,2,'2024-07-26',60.80,'2025-09-25 10:26:31','2025-09-25 10:26:31'),(501,3,5,2,'2024-07-26',39.20,'2025-09-25 10:26:31','2025-09-25 10:26:31'),(502,3,4,2,'2024-07-27',96.43,'2025-09-25 10:26:31','2025-09-25 10:26:31'),(503,3,5,2,'2024-07-27',13.04,'2025-09-25 10:26:31','2025-09-25 10:26:31'),(504,3,6,2,'2024-07-27',437.97,'2025-09-25 10:26:31','2025-09-25 10:26:31'),(505,3,4,2,'2024-07-28',83.62,'2025-09-25 10:26:31','2025-09-25 10:26:31'),(506,3,5,2,'2024-07-28',18.10,'2025-09-25 10:26:31','2025-09-25 10:26:31'),(507,3,7,2,'2024-07-28',130.98,'2025-09-25 10:26:31','2025-09-25 10:26:31'),(508,3,4,2,'2024-07-29',70.50,'2025-09-25 10:26:31','2025-09-25 10:26:31'),(509,3,5,2,'2024-07-29',48.90,'2025-09-25 10:26:31','2025-09-25 10:26:31'),(510,3,4,2,'2024-07-30',21.90,'2025-09-25 10:26:31','2025-09-25 10:26:31'),(511,3,5,2,'2024-07-30',33.68,'2025-09-25 10:26:31','2025-09-25 10:26:31'),(512,3,4,2,'2024-07-31',82.01,'2025-09-25 10:26:31','2025-09-25 10:26:31'),(513,3,5,2,'2024-07-31',34.49,'2025-09-25 10:26:31','2025-09-25 10:26:31'),(514,3,7,2,'2024-07-31',211.83,'2025-09-25 10:26:31','2025-09-25 10:26:31'),(515,3,4,2,'2024-08-01',112.92,'2025-09-25 10:26:31','2025-09-25 10:26:31'),(516,3,5,2,'2024-08-01',16.14,'2025-09-25 10:26:31','2025-09-25 10:26:31'),(517,3,8,2,'2024-08-01',3500.00,'2025-09-25 10:26:31','2025-09-25 10:26:31'),(518,3,4,2,'2024-08-02',103.80,'2025-09-25 10:26:31','2025-09-25 10:26:31'),(519,3,5,2,'2024-08-02',36.50,'2025-09-25 10:26:31','2025-09-25 10:26:31'),(520,3,4,2,'2024-08-03',43.98,'2025-09-25 10:26:31','2025-09-25 10:26:31'),(521,3,5,2,'2024-08-03',48.13,'2025-09-25 10:26:31','2025-09-25 10:26:31'),(522,3,4,2,'2024-08-04',41.14,'2025-09-25 10:26:31','2025-09-25 10:26:31'),(523,3,5,2,'2024-08-04',30.38,'2025-09-25 10:26:31','2025-09-25 10:26:31'),(524,3,1,1,'2024-08-05',15000.00,'2025-09-25 10:26:31','2025-09-25 10:26:31'),(525,3,4,2,'2024-08-05',73.19,'2025-09-25 10:26:31','2025-09-25 10:26:31'),(526,3,5,2,'2024-08-05',31.80,'2025-09-25 10:26:31','2025-09-25 10:26:31'),(527,3,4,2,'2024-08-06',58.60,'2025-09-25 10:26:31','2025-09-25 10:26:31'),(528,3,5,2,'2024-08-06',39.73,'2025-09-25 10:26:31','2025-09-25 10:26:31'),(529,3,4,2,'2024-08-07',96.40,'2025-09-25 10:26:31','2025-09-25 10:26:31'),(530,3,5,2,'2024-08-07',41.81,'2025-09-25 10:26:31','2025-09-25 10:26:31'),(531,3,4,2,'2024-08-08',22.67,'2025-09-25 10:26:31','2025-09-25 10:26:31'),(532,3,5,2,'2024-08-08',43.50,'2025-09-25 10:26:31','2025-09-25 10:26:31'),(533,3,4,2,'2024-08-09',44.36,'2025-09-25 10:26:31','2025-09-25 10:26:31'),(534,3,5,2,'2024-08-09',44.82,'2025-09-25 10:26:31','2025-09-25 10:26:31'),(535,3,4,2,'2024-08-10',41.49,'2025-09-25 10:26:31','2025-09-25 10:26:31'),(536,3,5,2,'2024-08-10',34.45,'2025-09-25 10:26:31','2025-09-25 10:26:31'),(537,3,4,2,'2024-08-11',96.37,'2025-09-25 10:26:31','2025-09-25 10:26:31'),(538,3,5,2,'2024-08-11',18.39,'2025-09-25 10:26:31','2025-09-25 10:26:31'),(539,3,4,2,'2024-08-12',53.53,'2025-09-25 10:26:31','2025-09-25 10:26:31'),(540,3,5,2,'2024-08-12',14.23,'2025-09-25 10:26:31','2025-09-25 10:26:31'),(541,3,4,2,'2024-08-13',87.94,'2025-09-25 10:26:31','2025-09-25 10:26:31'),(542,3,5,2,'2024-08-13',23.14,'2025-09-25 10:26:31','2025-09-25 10:26:31'),(543,3,4,2,'2024-08-14',38.70,'2025-09-25 10:26:31','2025-09-25 10:26:31'),(544,3,5,2,'2024-08-14',26.81,'2025-09-25 10:26:31','2025-09-25 10:26:31'),(545,3,4,2,'2024-08-15',53.86,'2025-09-25 10:26:31','2025-09-25 10:26:31'),(546,3,5,2,'2024-08-15',31.22,'2025-09-25 10:26:31','2025-09-25 10:26:31'),(547,3,9,2,'2024-08-15',350.00,'2025-09-25 10:26:31','2025-09-25 10:26:31'),(548,3,4,2,'2024-08-16',76.29,'2025-09-25 10:26:31','2025-09-25 10:26:31'),(549,3,5,2,'2024-08-16',46.45,'2025-09-25 10:26:31','2025-09-25 10:26:31'),(550,3,7,2,'2024-08-16',124.33,'2025-09-25 10:26:31','2025-09-25 10:26:31'),(551,3,4,2,'2024-08-17',78.98,'2025-09-25 10:26:31','2025-09-25 10:26:31'),(552,3,5,2,'2024-08-17',34.56,'2025-09-25 10:26:31','2025-09-25 10:26:31'),(553,3,4,2,'2024-08-18',37.41,'2025-09-25 10:26:31','2025-09-25 10:26:31'),(554,3,5,2,'2024-08-18',47.17,'2025-09-25 10:26:31','2025-09-25 10:26:31'),(555,3,6,2,'2024-08-18',696.99,'2025-09-25 10:26:31','2025-09-25 10:26:31'),(556,3,4,2,'2024-08-19',42.51,'2025-09-25 10:26:31','2025-09-25 10:26:31'),(557,3,5,2,'2024-08-19',36.92,'2025-09-25 10:26:31','2025-09-25 10:26:31'),(558,3,4,2,'2024-08-20',63.29,'2025-09-25 10:26:31','2025-09-25 10:26:31'),(559,3,5,2,'2024-08-20',17.09,'2025-09-25 10:26:31','2025-09-25 10:26:31'),(560,3,7,2,'2024-08-20',56.39,'2025-09-25 10:26:31','2025-09-25 10:26:31'),(561,3,3,1,'2024-08-21',1681.37,'2025-09-25 10:26:31','2025-09-25 10:26:31'),(562,3,4,2,'2024-08-21',58.02,'2025-09-25 10:26:31','2025-09-25 10:26:31'),(563,3,5,2,'2024-08-21',17.29,'2025-09-25 10:26:31','2025-09-25 10:26:31'),(564,3,4,2,'2024-08-22',46.90,'2025-09-25 10:26:31','2025-09-25 10:26:31'),(565,3,5,2,'2024-08-22',37.56,'2025-09-25 10:26:31','2025-09-25 10:26:31'),(566,3,4,2,'2024-08-23',101.55,'2025-09-25 10:26:31','2025-09-25 10:26:31'),(567,3,5,2,'2024-08-23',37.04,'2025-09-25 10:26:31','2025-09-25 10:26:31'),(568,3,4,2,'2024-08-24',29.72,'2025-09-25 10:26:31','2025-09-25 10:26:31'),(569,3,5,2,'2024-08-24',14.22,'2025-09-25 10:26:31','2025-09-25 10:26:31'),(570,3,4,2,'2024-08-25',41.62,'2025-09-25 10:26:31','2025-09-25 10:26:31'),(571,3,5,2,'2024-08-25',11.23,'2025-09-25 10:26:31','2025-09-25 10:26:31'),(572,3,4,2,'2024-08-26',46.00,'2025-09-25 10:26:31','2025-09-25 10:26:31'),(573,3,5,2,'2024-08-26',34.07,'2025-09-25 10:26:31','2025-09-25 10:26:31'),(574,3,4,2,'2024-08-27',32.93,'2025-09-25 10:26:31','2025-09-25 10:26:31'),(575,3,5,2,'2024-08-27',25.56,'2025-09-25 10:26:31','2025-09-25 10:26:31'),(576,3,4,2,'2024-08-28',25.70,'2025-09-25 10:26:31','2025-09-25 10:26:31'),(577,3,5,2,'2024-08-28',26.52,'2025-09-25 10:26:31','2025-09-25 10:26:31'),(578,3,4,2,'2024-08-29',30.27,'2025-09-25 10:26:31','2025-09-25 10:26:31'),(579,3,5,2,'2024-08-29',28.04,'2025-09-25 10:26:31','2025-09-25 10:26:31'),(580,3,4,2,'2024-08-30',82.92,'2025-09-25 10:26:31','2025-09-25 10:26:31'),(581,3,5,2,'2024-08-30',33.69,'2025-09-25 10:26:31','2025-09-25 10:26:31'),(582,3,4,2,'2024-08-31',38.87,'2025-09-25 10:26:31','2025-09-25 10:26:31'),(583,3,5,2,'2024-08-31',23.58,'2025-09-25 10:26:31','2025-09-25 10:26:31'),(584,3,6,2,'2024-08-31',480.34,'2025-09-25 10:26:31','2025-09-25 10:26:31'),(585,3,4,2,'2024-09-01',104.77,'2025-09-25 10:26:31','2025-09-25 10:26:31'),(586,3,5,2,'2024-09-01',25.30,'2025-09-25 10:26:31','2025-09-25 10:26:31'),(587,3,6,2,'2024-09-01',571.42,'2025-09-25 10:26:31','2025-09-25 10:26:31'),(588,3,8,2,'2024-09-01',3500.00,'2025-09-25 10:26:31','2025-09-25 10:26:31'),(589,3,4,2,'2024-09-02',110.74,'2025-09-25 10:26:31','2025-09-25 10:26:31'),(590,3,5,2,'2024-09-02',47.92,'2025-09-25 10:26:31','2025-09-25 10:26:31'),(591,3,7,2,'2024-09-02',331.86,'2025-09-25 10:26:31','2025-09-25 10:26:31'),(592,3,4,2,'2024-09-03',98.92,'2025-09-25 10:26:31','2025-09-25 10:26:31'),(593,3,5,2,'2024-09-03',12.14,'2025-09-25 10:26:31','2025-09-25 10:26:31'),(594,3,4,2,'2024-09-04',48.42,'2025-09-25 10:26:31','2025-09-25 10:26:31'),(595,3,5,2,'2024-09-04',20.74,'2025-09-25 10:26:31','2025-09-25 10:26:31'),(596,3,1,1,'2024-09-05',15000.00,'2025-09-25 10:26:31','2025-09-25 10:26:31'),(597,3,4,2,'2024-09-05',72.57,'2025-09-25 10:26:31','2025-09-25 10:26:31'),(598,3,5,2,'2024-09-05',47.02,'2025-09-25 10:26:31','2025-09-25 10:26:31'),(599,3,4,2,'2024-09-06',25.46,'2025-09-25 10:26:31','2025-09-25 10:26:31'),(600,3,5,2,'2024-09-06',45.26,'2025-09-25 10:26:31','2025-09-25 10:26:31'),(601,3,4,2,'2024-09-07',88.20,'2025-09-25 10:26:31','2025-09-25 10:26:31'),(602,3,5,2,'2024-09-07',23.83,'2025-09-25 10:26:31','2025-09-25 10:26:31'),(603,3,6,2,'2024-09-07',745.05,'2025-09-25 10:26:31','2025-09-25 10:26:31'),(604,3,4,2,'2024-09-08',58.69,'2025-09-25 10:26:31','2025-09-25 10:26:31'),(605,3,5,2,'2024-09-08',10.12,'2025-09-25 10:26:31','2025-09-25 10:26:31'),(606,3,4,2,'2024-09-09',117.74,'2025-09-25 10:26:31','2025-09-25 10:26:31'),(607,3,5,2,'2024-09-09',33.52,'2025-09-25 10:26:31','2025-09-25 10:26:31'),(608,3,4,2,'2024-09-10',59.29,'2025-09-25 10:26:31','2025-09-25 10:26:31'),(609,3,5,2,'2024-09-10',16.23,'2025-09-25 10:26:31','2025-09-25 10:26:31'),(610,3,4,2,'2024-09-11',99.62,'2025-09-25 10:26:31','2025-09-25 10:26:31'),(611,3,5,2,'2024-09-11',27.46,'2025-09-25 10:26:31','2025-09-25 10:26:31'),(612,3,4,2,'2024-09-12',96.33,'2025-09-25 10:26:31','2025-09-25 10:26:31'),(613,3,5,2,'2024-09-12',46.75,'2025-09-25 10:26:31','2025-09-25 10:26:31'),(614,3,4,2,'2024-09-13',108.15,'2025-09-25 10:26:31','2025-09-25 10:26:31'),(615,3,5,2,'2024-09-13',46.02,'2025-09-25 10:26:31','2025-09-25 10:26:31'),(616,3,4,2,'2024-09-14',28.24,'2025-09-25 10:26:31','2025-09-25 10:26:31'),(617,3,5,2,'2024-09-14',33.03,'2025-09-25 10:26:31','2025-09-25 10:26:31'),(618,3,6,2,'2024-09-14',338.43,'2025-09-25 10:26:31','2025-09-25 10:26:31'),(619,3,7,2,'2024-09-14',140.96,'2025-09-25 10:26:31','2025-09-25 10:26:31'),(620,3,4,2,'2024-09-15',102.14,'2025-09-25 10:26:31','2025-09-25 10:26:31'),(621,3,5,2,'2024-09-15',49.61,'2025-09-25 10:26:31','2025-09-25 10:26:31'),(622,3,6,2,'2024-09-15',521.11,'2025-09-25 10:26:31','2025-09-25 10:26:31'),(623,3,9,2,'2024-09-15',450.00,'2025-09-25 10:26:31','2025-09-25 10:26:31'),(624,3,4,2,'2024-09-16',100.90,'2025-09-25 10:26:31','2025-09-25 10:26:31'),(625,3,5,2,'2024-09-16',49.82,'2025-09-25 10:26:31','2025-09-25 10:26:31'),(626,3,4,2,'2024-09-17',46.28,'2025-09-25 10:26:31','2025-09-25 10:26:31'),(627,3,5,2,'2024-09-17',10.02,'2025-09-25 10:26:31','2025-09-25 10:26:31'),(628,3,4,2,'2024-09-18',24.16,'2025-09-25 10:26:31','2025-09-25 10:26:31'),(629,3,5,2,'2024-09-18',26.73,'2025-09-25 10:26:31','2025-09-25 10:26:31'),(630,3,4,2,'2024-09-19',45.91,'2025-09-25 10:26:31','2025-09-25 10:26:31'),(631,3,5,2,'2024-09-19',38.51,'2025-09-25 10:26:31','2025-09-25 10:26:31'),(632,3,4,2,'2024-09-20',32.80,'2025-09-25 10:26:31','2025-09-25 10:26:31'),(633,3,5,2,'2024-09-20',23.05,'2025-09-25 10:26:31','2025-09-25 10:26:31'),(634,3,4,2,'2024-09-21',86.15,'2025-09-25 10:26:31','2025-09-25 10:26:31'),(635,3,5,2,'2024-09-21',43.69,'2025-09-25 10:26:31','2025-09-25 10:26:31'),(636,3,4,2,'2024-09-22',117.75,'2025-09-25 10:26:31','2025-09-25 10:26:31'),(637,3,5,2,'2024-09-22',49.66,'2025-09-25 10:26:31','2025-09-25 10:26:31'),(638,3,6,2,'2024-09-22',636.20,'2025-09-25 10:26:31','2025-09-25 10:26:31'),(639,3,4,2,'2024-09-23',66.75,'2025-09-25 10:26:31','2025-09-25 10:26:31'),(640,3,5,2,'2024-09-23',43.80,'2025-09-25 10:26:31','2025-09-25 10:26:31'),(641,3,4,2,'2024-09-24',80.62,'2025-09-25 10:26:31','2025-09-25 10:26:31'),(642,3,5,2,'2024-09-24',16.25,'2025-09-25 10:26:31','2025-09-25 10:26:31'),(643,3,4,2,'2024-09-25',58.78,'2025-09-25 10:26:31','2025-09-25 10:26:31'),(644,3,5,2,'2024-09-25',37.86,'2025-09-25 10:26:31','2025-09-25 10:26:31'),(645,3,4,2,'2024-09-26',102.76,'2025-09-25 10:26:31','2025-09-25 10:26:31'),(646,3,5,2,'2024-09-26',39.70,'2025-09-25 10:26:31','2025-09-25 10:26:31'),(647,3,4,2,'2024-09-27',23.38,'2025-09-25 10:26:31','2025-09-25 10:26:31'),(648,3,5,2,'2024-09-27',40.88,'2025-09-25 10:26:31','2025-09-25 10:26:31'),(649,3,4,2,'2024-09-28',91.98,'2025-09-25 10:26:31','2025-09-25 10:26:31'),(650,3,5,2,'2024-09-28',39.91,'2025-09-25 10:26:31','2025-09-25 10:26:31'),(651,3,6,2,'2024-09-28',751.29,'2025-09-25 10:26:31','2025-09-25 10:26:31'),(652,3,4,2,'2024-09-29',37.42,'2025-09-25 10:26:31','2025-09-25 10:26:31'),(653,3,5,2,'2024-09-29',32.60,'2025-09-25 10:26:31','2025-09-25 10:26:31'),(654,3,6,2,'2024-09-29',337.70,'2025-09-25 10:26:31','2025-09-25 10:26:31'),(655,3,2,1,'2024-09-30',7434.00,'2025-09-25 10:26:31','2025-09-25 10:26:31'),(656,3,4,2,'2024-09-30',119.21,'2025-09-25 10:26:31','2025-09-25 10:26:31'),(657,3,5,2,'2024-09-30',18.02,'2025-09-25 10:26:31','2025-09-25 10:26:31'),(658,3,4,2,'2024-10-01',57.28,'2025-09-25 10:26:31','2025-09-25 10:26:31'),(659,3,5,2,'2024-10-01',37.19,'2025-09-25 10:26:31','2025-09-25 10:26:31'),(660,3,8,2,'2024-10-01',3500.00,'2025-09-25 10:26:31','2025-09-25 10:26:31'),(661,3,4,2,'2024-10-02',20.59,'2025-09-25 10:26:31','2025-09-25 10:26:31'),(662,3,5,2,'2024-10-02',46.48,'2025-09-25 10:26:31','2025-09-25 10:26:31'),(663,3,4,2,'2024-10-03',100.27,'2025-09-25 10:26:31','2025-09-25 10:26:31'),(664,3,5,2,'2024-10-03',48.48,'2025-09-25 10:26:31','2025-09-25 10:26:31'),(665,3,4,2,'2024-10-04',84.43,'2025-09-25 10:26:31','2025-09-25 10:26:31'),(666,3,5,2,'2024-10-04',49.22,'2025-09-25 10:26:31','2025-09-25 10:26:31'),(667,3,1,1,'2024-10-05',15000.00,'2025-09-25 10:26:31','2025-09-25 10:26:31'),(668,3,4,2,'2024-10-05',116.56,'2025-09-25 10:26:31','2025-09-25 10:26:31'),(669,3,5,2,'2024-10-05',45.77,'2025-09-25 10:26:31','2025-09-25 10:26:31'),(670,3,4,2,'2024-10-06',36.07,'2025-09-25 10:26:31','2025-09-25 10:26:31'),(671,3,5,2,'2024-10-06',47.67,'2025-09-25 10:26:31','2025-09-25 10:26:31'),(672,3,7,2,'2024-10-06',387.95,'2025-09-25 10:26:31','2025-09-25 10:26:31'),(673,3,4,2,'2024-10-07',90.40,'2025-09-25 10:26:31','2025-09-25 10:26:31'),(674,3,5,2,'2024-10-07',32.27,'2025-09-25 10:26:31','2025-09-25 10:26:31'),(675,3,4,2,'2024-10-08',50.36,'2025-09-25 10:26:31','2025-09-25 10:26:31'),(676,3,5,2,'2024-10-08',44.63,'2025-09-25 10:26:31','2025-09-25 10:26:31'),(677,3,4,2,'2024-10-09',32.08,'2025-09-25 10:26:31','2025-09-25 10:26:31'),(678,3,5,2,'2024-10-09',25.48,'2025-09-25 10:26:31','2025-09-25 10:26:31'),(679,3,4,2,'2024-10-10',87.21,'2025-09-25 10:26:31','2025-09-25 10:26:31'),(680,3,5,2,'2024-10-10',22.18,'2025-09-25 10:26:31','2025-09-25 10:26:31'),(681,3,4,2,'2024-10-11',65.35,'2025-09-25 10:26:31','2025-09-25 10:26:31'),(682,3,5,2,'2024-10-11',31.66,'2025-09-25 10:26:31','2025-09-25 10:26:31'),(683,3,4,2,'2024-10-12',78.20,'2025-09-25 10:26:31','2025-09-25 10:26:31'),(684,3,5,2,'2024-10-12',20.75,'2025-09-25 10:26:31','2025-09-25 10:26:31'),(685,3,4,2,'2024-10-13',24.52,'2025-09-25 10:26:31','2025-09-25 10:26:31'),(686,3,5,2,'2024-10-13',34.10,'2025-09-25 10:26:31','2025-09-25 10:26:31'),(687,3,6,2,'2024-10-13',170.97,'2025-09-25 10:26:31','2025-09-25 10:26:31'),(688,3,4,2,'2024-10-14',23.20,'2025-09-25 10:26:31','2025-09-25 10:26:31'),(689,3,5,2,'2024-10-14',32.54,'2025-09-25 10:26:31','2025-09-25 10:26:31'),(690,3,7,2,'2024-10-14',96.79,'2025-09-25 10:26:31','2025-09-25 10:26:31'),(691,3,4,2,'2024-10-15',47.88,'2025-09-25 10:26:31','2025-09-25 10:26:31'),(692,3,5,2,'2024-10-15',30.35,'2025-09-25 10:26:31','2025-09-25 10:26:31'),(693,3,9,2,'2024-10-15',395.00,'2025-09-25 10:26:31','2025-09-25 10:26:31'),(694,3,3,1,'2024-10-16',1806.13,'2025-09-25 10:26:31','2025-09-25 10:26:31'),(695,3,4,2,'2024-10-16',117.67,'2025-09-25 10:26:31','2025-09-25 10:26:31'),(696,3,5,2,'2024-10-16',20.19,'2025-09-25 10:26:31','2025-09-25 10:26:31'),(697,3,4,2,'2024-10-17',70.29,'2025-09-25 10:26:31','2025-09-25 10:26:31'),(698,3,5,2,'2024-10-17',40.69,'2025-09-25 10:26:31','2025-09-25 10:26:31'),(699,3,4,2,'2024-10-18',28.34,'2025-09-25 10:26:31','2025-09-25 10:26:31'),(700,3,5,2,'2024-10-18',45.04,'2025-09-25 10:26:31','2025-09-25 10:26:31'),(701,3,7,2,'2024-10-18',66.84,'2025-09-25 10:26:31','2025-09-25 10:26:31'),(702,3,4,2,'2024-10-19',109.83,'2025-09-25 10:26:31','2025-09-25 10:26:31'),(703,3,5,2,'2024-10-19',20.13,'2025-09-25 10:26:31','2025-09-25 10:26:31'),(704,3,4,2,'2024-10-20',73.05,'2025-09-25 10:26:31','2025-09-25 10:26:31'),(705,3,5,2,'2024-10-20',30.85,'2025-09-25 10:26:31','2025-09-25 10:26:31'),(706,3,6,2,'2024-10-20',117.68,'2025-09-25 10:26:31','2025-09-25 10:26:31'),(707,3,4,2,'2024-10-21',101.22,'2025-09-25 10:26:31','2025-09-25 10:26:31'),(708,3,5,2,'2024-10-21',16.60,'2025-09-25 10:26:31','2025-09-25 10:26:31'),(709,3,4,2,'2024-10-22',97.51,'2025-09-25 10:26:31','2025-09-25 10:26:31'),(710,3,5,2,'2024-10-22',27.86,'2025-09-25 10:26:31','2025-09-25 10:26:31'),(711,3,4,2,'2024-10-23',49.49,'2025-09-25 10:26:31','2025-09-25 10:26:31'),(712,3,5,2,'2024-10-23',44.68,'2025-09-25 10:26:31','2025-09-25 10:26:31'),(713,3,4,2,'2024-10-24',30.72,'2025-09-25 10:26:31','2025-09-25 10:26:31'),(714,3,5,2,'2024-10-24',36.59,'2025-09-25 10:26:31','2025-09-25 10:26:31'),(715,3,4,2,'2024-10-25',69.66,'2025-09-25 10:26:31','2025-09-25 10:26:31'),(716,3,5,2,'2024-10-25',40.59,'2025-09-25 10:26:31','2025-09-25 10:26:31'),(717,3,4,2,'2024-10-26',110.09,'2025-09-25 10:26:31','2025-09-25 10:26:31'),(718,3,5,2,'2024-10-26',32.11,'2025-09-25 10:26:31','2025-09-25 10:26:31'),(719,3,6,2,'2024-10-26',225.40,'2025-09-25 10:26:31','2025-09-25 10:26:31'),(720,3,4,2,'2024-10-27',115.29,'2025-09-25 10:26:31','2025-09-25 10:26:31'),(721,3,5,2,'2024-10-27',39.78,'2025-09-25 10:26:31','2025-09-25 10:26:31'),(722,3,4,2,'2024-10-28',38.91,'2025-09-25 10:26:31','2025-09-25 10:26:31'),(723,3,5,2,'2024-10-28',47.35,'2025-09-25 10:26:31','2025-09-25 10:26:31'),(724,3,4,2,'2024-10-29',100.87,'2025-09-25 10:26:31','2025-09-25 10:26:31'),(725,3,5,2,'2024-10-29',46.11,'2025-09-25 10:26:31','2025-09-25 10:26:31'),(726,3,4,2,'2024-10-30',65.18,'2025-09-25 10:26:31','2025-09-25 10:26:31'),(727,3,5,2,'2024-10-30',46.96,'2025-09-25 10:26:31','2025-09-25 10:26:31'),(728,3,4,2,'2024-10-31',40.96,'2025-09-25 10:26:31','2025-09-25 10:26:31'),(729,3,5,2,'2024-10-31',41.98,'2025-09-25 10:26:31','2025-09-25 10:26:31'),(730,3,4,2,'2024-11-01',116.90,'2025-09-25 10:26:31','2025-09-25 10:26:31'),(731,3,5,2,'2024-11-01',12.76,'2025-09-25 10:26:31','2025-09-25 10:26:31'),(732,3,8,2,'2024-11-01',3500.00,'2025-09-25 10:26:31','2025-09-25 10:26:31'),(733,3,4,2,'2024-11-02',59.55,'2025-09-25 10:26:31','2025-09-25 10:26:31'),(734,3,5,2,'2024-11-02',27.43,'2025-09-25 10:26:31','2025-09-25 10:26:31'),(735,3,4,2,'2024-11-03',70.84,'2025-09-25 10:26:31','2025-09-25 10:26:31'),(736,3,5,2,'2024-11-03',31.55,'2025-09-25 10:26:31','2025-09-25 10:26:31'),(737,3,7,2,'2024-11-03',98.11,'2025-09-25 10:26:31','2025-09-25 10:26:31'),(738,3,4,2,'2024-11-04',103.80,'2025-09-25 10:26:31','2025-09-25 10:26:31'),(739,3,5,2,'2024-11-04',12.09,'2025-09-25 10:26:31','2025-09-25 10:26:31'),(740,3,1,1,'2024-11-05',15000.00,'2025-09-25 10:26:31','2025-09-25 10:26:31'),(741,3,4,2,'2024-11-05',93.95,'2025-09-25 10:26:31','2025-09-25 10:26:31'),(742,3,5,2,'2024-11-05',40.46,'2025-09-25 10:26:31','2025-09-25 10:26:31'),(743,3,4,2,'2024-11-06',104.25,'2025-09-25 10:26:31','2025-09-25 10:26:31'),(744,3,5,2,'2024-11-06',26.82,'2025-09-25 10:26:31','2025-09-25 10:26:31'),(745,3,4,2,'2024-11-07',80.00,'2025-09-25 10:26:31','2025-09-25 10:26:31'),(746,3,5,2,'2024-11-07',48.73,'2025-09-25 10:26:31','2025-09-25 10:26:31'),(747,3,4,2,'2024-11-08',117.50,'2025-09-25 10:26:31','2025-09-25 10:26:31'),(748,3,5,2,'2024-11-08',42.66,'2025-09-25 10:26:31','2025-09-25 10:26:31'),(749,3,4,2,'2024-11-09',40.60,'2025-09-25 10:26:31','2025-09-25 10:26:31'),(750,3,5,2,'2024-11-09',22.46,'2025-09-25 10:26:31','2025-09-25 10:26:31'),(751,3,6,2,'2024-11-09',211.99,'2025-09-25 10:26:31','2025-09-25 10:26:31'),(752,3,4,2,'2024-11-10',82.46,'2025-09-25 10:26:31','2025-09-25 10:26:31'),(753,3,5,2,'2024-11-10',38.96,'2025-09-25 10:26:31','2025-09-25 10:26:31'),(754,3,4,2,'2024-11-11',96.06,'2025-09-25 10:26:31','2025-09-25 10:26:31'),(755,3,5,2,'2024-11-11',13.73,'2025-09-25 10:26:31','2025-09-25 10:26:31'),(756,3,4,2,'2024-11-12',114.86,'2025-09-25 10:26:31','2025-09-25 10:26:31'),(757,3,5,2,'2024-11-12',48.90,'2025-09-25 10:26:31','2025-09-25 10:26:31'),(758,3,4,2,'2024-11-13',111.97,'2025-09-25 10:26:31','2025-09-25 10:26:31'),(759,3,5,2,'2024-11-13',34.06,'2025-09-25 10:26:31','2025-09-25 10:26:31'),(760,3,7,2,'2024-11-13',401.73,'2025-09-25 10:26:31','2025-09-25 10:26:31'),(761,3,4,2,'2024-11-14',65.80,'2025-09-25 10:26:31','2025-09-25 10:26:31'),(762,3,5,2,'2024-11-14',23.14,'2025-09-25 10:26:31','2025-09-25 10:26:31'),(763,3,4,2,'2024-11-15',22.89,'2025-09-25 10:26:31','2025-09-25 10:26:31'),(764,3,5,2,'2024-11-15',48.38,'2025-09-25 10:26:31','2025-09-25 10:26:31'),(765,3,9,2,'2024-11-15',407.00,'2025-09-25 10:26:31','2025-09-25 10:26:31'),(766,3,4,2,'2024-11-16',44.13,'2025-09-25 10:26:31','2025-09-25 10:26:31'),(767,3,5,2,'2024-11-16',29.01,'2025-09-25 10:26:31','2025-09-25 10:26:31'),(768,3,4,2,'2024-11-17',56.63,'2025-09-25 10:26:31','2025-09-25 10:26:31'),(769,3,5,2,'2024-11-17',29.33,'2025-09-25 10:26:31','2025-09-25 10:26:31'),(770,3,7,2,'2024-11-17',221.48,'2025-09-25 10:26:31','2025-09-25 10:26:31'),(771,3,3,1,'2024-11-18',527.12,'2025-09-25 10:26:31','2025-09-25 10:26:31'),(772,3,4,2,'2024-11-18',34.85,'2025-09-25 10:26:31','2025-09-25 10:26:31'),(773,3,5,2,'2024-11-18',42.37,'2025-09-25 10:26:31','2025-09-25 10:26:31'),(774,3,4,2,'2024-11-19',107.31,'2025-09-25 10:26:31','2025-09-25 10:26:31'),(775,3,5,2,'2024-11-19',16.03,'2025-09-25 10:26:31','2025-09-25 10:26:31'),(776,3,4,2,'2024-11-20',83.04,'2025-09-25 10:26:31','2025-09-25 10:26:31'),(777,3,5,2,'2024-11-20',42.37,'2025-09-25 10:26:31','2025-09-25 10:26:31'),(778,3,4,2,'2024-11-21',42.82,'2025-09-25 10:26:31','2025-09-25 10:26:31'),(779,3,5,2,'2024-11-21',19.16,'2025-09-25 10:26:31','2025-09-25 10:26:31'),(780,3,4,2,'2024-11-22',76.02,'2025-09-25 10:26:31','2025-09-25 10:26:31'),(781,3,5,2,'2024-11-22',36.29,'2025-09-25 10:26:31','2025-09-25 10:26:31'),(782,3,4,2,'2024-11-23',91.00,'2025-09-25 10:26:31','2025-09-25 10:26:31'),(783,3,5,2,'2024-11-23',15.21,'2025-09-25 10:26:31','2025-09-25 10:26:31'),(784,3,4,2,'2024-11-24',33.41,'2025-09-25 10:26:31','2025-09-25 10:26:31'),(785,3,5,2,'2024-11-24',24.92,'2025-09-25 10:26:31','2025-09-25 10:26:31'),(786,3,4,2,'2024-11-25',77.54,'2025-09-25 10:26:31','2025-09-25 10:26:31'),(787,3,5,2,'2024-11-25',17.82,'2025-09-25 10:26:31','2025-09-25 10:26:31'),(788,3,4,2,'2024-11-26',113.58,'2025-09-25 10:26:31','2025-09-25 10:26:31'),(789,3,5,2,'2024-11-26',42.72,'2025-09-25 10:26:31','2025-09-25 10:26:31'),(790,3,4,2,'2024-11-27',52.72,'2025-09-25 10:26:31','2025-09-25 10:26:31'),(791,3,5,2,'2024-11-27',27.31,'2025-09-25 10:26:31','2025-09-25 10:26:31'),(792,3,4,2,'2024-11-28',80.11,'2025-09-25 10:26:31','2025-09-25 10:26:31'),(793,3,5,2,'2024-11-28',29.67,'2025-09-25 10:26:31','2025-09-25 10:26:31'),(794,3,4,2,'2024-11-29',20.35,'2025-09-25 10:26:31','2025-09-25 10:26:31'),(795,3,5,2,'2024-11-29',42.71,'2025-09-25 10:26:31','2025-09-25 10:26:31'),(796,3,4,2,'2024-11-30',41.45,'2025-09-25 10:26:31','2025-09-25 10:26:31'),(797,3,5,2,'2024-11-30',18.49,'2025-09-25 10:26:31','2025-09-25 10:26:31'),(798,3,6,2,'2024-11-30',757.38,'2025-09-25 10:26:31','2025-09-25 10:26:31'),(799,3,4,2,'2024-12-01',41.03,'2025-09-25 10:26:31','2025-09-25 10:26:31'),(800,3,5,2,'2024-12-01',43.18,'2025-09-25 10:26:31','2025-09-25 10:26:31'),(801,3,6,2,'2024-12-01',563.01,'2025-09-25 10:26:31','2025-09-25 10:26:31'),(802,3,8,2,'2024-12-01',3500.00,'2025-09-25 10:26:31','2025-09-25 10:26:31'),(803,3,4,2,'2024-12-02',92.28,'2025-09-25 10:26:31','2025-09-25 10:26:31'),(804,3,5,2,'2024-12-02',16.04,'2025-09-25 10:26:31','2025-09-25 10:26:31'),(805,3,4,2,'2024-12-03',30.34,'2025-09-25 10:26:31','2025-09-25 10:26:31'),(806,3,5,2,'2024-12-03',49.54,'2025-09-25 10:26:31','2025-09-25 10:26:31'),(807,3,4,2,'2024-12-04',80.68,'2025-09-25 10:26:31','2025-09-25 10:26:31'),(808,3,5,2,'2024-12-04',14.48,'2025-09-25 10:26:31','2025-09-25 10:26:31'),(809,3,1,1,'2024-12-05',15000.00,'2025-09-25 10:26:31','2025-09-25 10:26:31'),(810,3,4,2,'2024-12-05',102.13,'2025-09-25 10:26:31','2025-09-25 10:26:31'),(811,3,5,2,'2024-12-05',28.39,'2025-09-25 10:26:31','2025-09-25 10:26:31'),(812,3,4,2,'2024-12-06',117.37,'2025-09-25 10:26:31','2025-09-25 10:26:31'),(813,3,5,2,'2024-12-06',32.50,'2025-09-25 10:26:31','2025-09-25 10:26:31'),(814,3,3,1,'2024-12-07',1696.97,'2025-09-25 10:26:31','2025-09-25 10:26:31'),(815,3,4,2,'2024-12-07',73.96,'2025-09-25 10:26:31','2025-09-25 10:26:31'),(816,3,5,2,'2024-12-07',21.55,'2025-09-25 10:26:31','2025-09-25 10:26:31'),(817,3,4,2,'2024-12-08',34.03,'2025-09-25 10:26:31','2025-09-25 10:26:31'),(818,3,5,2,'2024-12-08',30.26,'2025-09-25 10:26:31','2025-09-25 10:26:31'),(819,3,4,2,'2024-12-09',46.24,'2025-09-25 10:26:31','2025-09-25 10:26:31'),(820,3,5,2,'2024-12-09',32.95,'2025-09-25 10:26:31','2025-09-25 10:26:31'),(821,3,4,2,'2024-12-10',89.34,'2025-09-25 10:26:31','2025-09-25 10:26:31'),(822,3,5,2,'2024-12-10',21.62,'2025-09-25 10:26:31','2025-09-25 10:26:31'),(823,3,4,2,'2024-12-11',23.72,'2025-09-25 10:26:31','2025-09-25 10:26:31'),(824,3,5,2,'2024-12-11',13.95,'2025-09-25 10:26:31','2025-09-25 10:26:31'),(825,3,4,2,'2024-12-12',77.19,'2025-09-25 10:26:31','2025-09-25 10:26:31'),(826,3,5,2,'2024-12-12',13.14,'2025-09-25 10:26:31','2025-09-25 10:26:31'),(827,3,4,2,'2024-12-13',40.52,'2025-09-25 10:26:31','2025-09-25 10:26:31'),(828,3,5,2,'2024-12-13',23.38,'2025-09-25 10:26:31','2025-09-25 10:26:31'),(829,3,4,2,'2024-12-14',88.82,'2025-09-25 10:26:31','2025-09-25 10:26:31'),(830,3,5,2,'2024-12-14',37.64,'2025-09-25 10:26:31','2025-09-25 10:26:31'),(831,3,7,2,'2024-12-14',100.00,'2025-09-25 10:26:31','2025-09-25 10:26:31'),(832,3,4,2,'2024-12-15',36.87,'2025-09-25 10:26:31','2025-09-25 10:26:31'),(833,3,5,2,'2024-12-15',11.80,'2025-09-25 10:26:31','2025-09-25 10:26:31'),(834,3,6,2,'2024-12-15',496.75,'2025-09-25 10:26:31','2025-09-25 10:26:31'),(835,3,9,2,'2024-12-15',296.00,'2025-09-25 10:26:31','2025-09-25 10:26:31'),(836,3,4,2,'2024-12-16',114.36,'2025-09-25 10:26:31','2025-09-25 10:26:31'),(837,3,5,2,'2024-12-16',18.41,'2025-09-25 10:26:31','2025-09-25 10:26:31'),(838,3,4,2,'2024-12-17',82.89,'2025-09-25 10:26:31','2025-09-25 10:26:31'),(839,3,5,2,'2024-12-17',16.44,'2025-09-25 10:26:31','2025-09-25 10:26:31'),(840,3,4,2,'2024-12-18',117.39,'2025-09-25 10:26:31','2025-09-25 10:26:31'),(841,3,5,2,'2024-12-18',18.35,'2025-09-25 10:26:31','2025-09-25 10:26:31'),(842,3,4,2,'2024-12-19',88.89,'2025-09-25 10:26:31','2025-09-25 10:26:31'),(843,3,5,2,'2024-12-19',35.84,'2025-09-25 10:26:31','2025-09-25 10:26:31'),(844,3,4,2,'2024-12-20',39.94,'2025-09-25 10:26:31','2025-09-25 10:26:31'),(845,3,5,2,'2024-12-20',18.38,'2025-09-25 10:26:31','2025-09-25 10:26:31'),(846,3,4,2,'2024-12-21',24.98,'2025-09-25 10:26:31','2025-09-25 10:26:31'),(847,3,5,2,'2024-12-21',43.46,'2025-09-25 10:26:31','2025-09-25 10:26:31'),(848,3,4,2,'2024-12-22',90.75,'2025-09-25 10:26:31','2025-09-25 10:26:31'),(849,3,5,2,'2024-12-22',27.75,'2025-09-25 10:26:31','2025-09-25 10:26:31'),(850,3,6,2,'2024-12-22',268.01,'2025-09-25 10:26:31','2025-09-25 10:26:31'),(851,3,4,2,'2024-12-23',83.84,'2025-09-25 10:26:31','2025-09-25 10:26:31'),(852,3,5,2,'2024-12-23',46.50,'2025-09-25 10:26:31','2025-09-25 10:26:31'),(853,3,4,2,'2024-12-24',72.17,'2025-09-25 10:26:31','2025-09-25 10:26:31'),(854,3,5,2,'2024-12-24',37.27,'2025-09-25 10:26:31','2025-09-25 10:26:31'),(855,3,4,2,'2024-12-25',20.17,'2025-09-25 10:26:31','2025-09-25 10:26:31'),(856,3,5,2,'2024-12-25',15.24,'2025-09-25 10:26:31','2025-09-25 10:26:31'),(857,3,4,2,'2024-12-26',25.90,'2025-09-25 10:26:31','2025-09-25 10:26:31'),(858,3,5,2,'2024-12-26',17.08,'2025-09-25 10:26:31','2025-09-25 10:26:31'),(859,3,4,2,'2024-12-27',98.17,'2025-09-25 10:26:31','2025-09-25 10:26:31'),(860,3,5,2,'2024-12-27',20.99,'2025-09-25 10:26:31','2025-09-25 10:26:31'),(861,3,4,2,'2024-12-28',79.02,'2025-09-25 10:26:31','2025-09-25 10:26:31'),(862,3,5,2,'2024-12-28',21.02,'2025-09-25 10:26:31','2025-09-25 10:26:31'),(863,3,6,2,'2024-12-28',364.86,'2025-09-25 10:26:31','2025-09-25 10:26:31'),(864,3,4,2,'2024-12-29',23.56,'2025-09-25 10:26:31','2025-09-25 10:26:31'),(865,3,5,2,'2024-12-29',31.97,'2025-09-25 10:26:31','2025-09-25 10:26:31'),(866,3,6,2,'2024-12-29',347.77,'2025-09-25 10:26:31','2025-09-25 10:26:31'),(867,3,4,2,'2024-12-30',42.04,'2025-09-25 10:26:31','2025-09-25 10:26:31'),(868,3,5,2,'2024-12-30',17.38,'2025-09-25 10:26:31','2025-09-25 10:26:31'),(869,3,7,2,'2024-12-30',306.18,'2025-09-25 10:26:31','2025-09-25 10:26:31'),(870,3,2,1,'2024-12-31',7569.00,'2025-09-25 10:26:31','2025-09-25 10:26:31'),(871,3,4,2,'2024-12-31',66.47,'2025-09-25 10:26:31','2025-09-25 10:26:31'),(872,3,5,2,'2024-12-31',17.25,'2025-09-25 10:26:31','2025-09-25 10:26:31');
/*!40000 ALTER TABLE `miser_transactions` ENABLE KEYS */;
UNLOCK TABLES;

--
-- Table structure for table `sys_apis`
--

DROP TABLE IF EXISTS `sys_apis`;
/*!40101 SET @saved_cs_client     = @@character_set_client */;
/*!50503 SET character_set_client = utf8mb4 */;
CREATE TABLE `sys_apis` (
  `id` bigint unsigned NOT NULL AUTO_INCREMENT,
  `created_at` datetime(3) DEFAULT NULL,
  `updated_at` datetime(3) DEFAULT NULL,
  `deleted_at` datetime(3) DEFAULT NULL,
  `path` varchar(191) DEFAULT NULL COMMENT 'api路径',
  `description` varchar(191) DEFAULT NULL COMMENT 'api中文描述',
  `api_group` varchar(191) DEFAULT NULL COMMENT 'api组',
  `method` varchar(191) DEFAULT 'POST' COMMENT '方法',
  PRIMARY KEY (`id`),
  KEY `idx_sys_apis_deleted_at` (`deleted_at`)
) ENGINE=InnoDB AUTO_INCREMENT=183 DEFAULT CHARSET=utf8mb4 COLLATE=utf8mb4_0900_ai_ci;
/*!40101 SET character_set_client = @saved_cs_client */;

--
-- Dumping data for table `sys_apis`
--

LOCK TABLES `sys_apis` WRITE;
/*!40000 ALTER TABLE `sys_apis` DISABLE KEYS */;
INSERT INTO `sys_apis` VALUES (1,'2025-08-30 08:51:16.220','2025-08-30 08:51:16.220',NULL,'/jwt/jsonInBlacklist','jwt加入黑名单(退出，必选)','jwt','POST'),(2,'2025-08-30 08:51:16.220','2025-08-30 08:51:16.220',NULL,'/user/deleteUser','删除用户','系统用户','DELETE'),(3,'2025-08-30 08:51:16.220','2025-08-30 08:51:16.220',NULL,'/user/admin_register','用户注册','系统用户','POST'),(4,'2025-08-30 08:51:16.220','2025-08-30 08:51:16.220',NULL,'/user/getUserList','获取用户列表','系统用户','POST'),(5,'2025-08-30 08:51:16.220','2025-08-30 08:51:16.220',NULL,'/user/setUserInfo','设置用户信息','系统用户','PUT'),(6,'2025-08-30 08:51:16.220','2025-08-30 08:51:16.220',NULL,'/user/setSelfInfo','设置自身信息(必选)','系统用户','PUT'),(7,'2025-08-30 08:51:16.220','2025-08-30 08:51:16.220',NULL,'/user/getUserInfo','获取自身信息(必选)','系统用户','GET'),(8,'2025-08-30 08:51:16.220','2025-08-30 08:51:16.220',NULL,'/user/setUserAuthorities','设置权限组','系统用户','POST'),(9,'2025-08-30 08:51:16.220','2025-08-30 08:51:16.220',NULL,'/user/changePassword','修改密码（建议选择)','系统用户','POST'),(10,'2025-08-30 08:51:16.220','2025-08-30 08:51:16.220',NULL,'/user/setUserAuthority','修改用户角色(必选)','系统用户','POST'),(11,'2025-08-30 08:51:16.220','2025-08-30 08:51:16.220',NULL,'/user/resetPassword','重置用户密码','系统用户','POST'),(12,'2025-08-30 08:51:16.220','2025-08-30 08:51:16.220',NULL,'/user/setSelfSetting','用户界面配置','系统用户','PUT'),(13,'2025-08-30 08:51:16.220','2025-08-30 08:51:16.220',NULL,'/api/createApi','创建api','api','POST'),(14,'2025-08-30 08:51:16.220','2025-08-30 08:51:16.220',NULL,'/api/deleteApi','删除Api','api','POST'),(15,'2025-08-30 08:51:16.220','2025-08-30 08:51:16.220',NULL,'/api/updateApi','更新Api','api','POST'),(16,'2025-08-30 08:51:16.220','2025-08-30 08:51:16.220',NULL,'/api/getApiList','获取api列表','api','POST'),(17,'2025-08-30 08:51:16.220','2025-08-30 08:51:16.220',NULL,'/api/getAllApis','获取所有api','api','POST'),(18,'2025-08-30 08:51:16.220','2025-08-30 08:51:16.220',NULL,'/api/getApiById','获取api详细信息','api','POST'),(19,'2025-08-30 08:51:16.220','2025-08-30 08:51:16.220',NULL,'/api/deleteApisByIds','批量删除api','api','DELETE'),(20,'2025-08-30 08:51:16.220','2025-08-30 08:51:16.220',NULL,'/api/syncApi','获取待同步API','api','GET'),(21,'2025-08-30 08:51:16.220','2025-08-30 08:51:16.220',NULL,'/api/getApiGroups','获取路由组','api','GET'),(22,'2025-08-30 08:51:16.220','2025-08-30 08:51:16.220',NULL,'/api/enterSyncApi','确认同步API','api','POST'),(23,'2025-08-30 08:51:16.220','2025-08-30 08:51:16.220',NULL,'/api/ignoreApi','忽略API','api','POST'),(24,'2025-08-30 08:51:16.220','2025-08-30 08:51:16.220',NULL,'/authority/copyAuthority','拷贝角色','角色','POST'),(25,'2025-08-30 08:51:16.220','2025-08-30 08:51:16.220',NULL,'/authority/createAuthority','创建角色','角色','POST'),(26,'2025-08-30 08:51:16.220','2025-08-30 08:51:16.220',NULL,'/authority/deleteAuthority','删除角色','角色','POST'),(27,'2025-08-30 08:51:16.220','2025-08-30 08:51:16.220',NULL,'/authority/updateAuthority','更新角色信息','角色','PUT'),(28,'2025-08-30 08:51:16.220','2025-08-30 08:51:16.220',NULL,'/authority/getAuthorityList','获取角色列表','角色','POST'),(29,'2025-08-30 08:51:16.220','2025-08-30 08:51:16.220',NULL,'/authority/setDataAuthority','设置角色资源权限','角色','POST'),(30,'2025-08-30 08:51:16.220','2025-08-30 08:51:16.220',NULL,'/casbin/updateCasbin','更改角色api权限','casbin','POST'),(31,'2025-08-30 08:51:16.220','2025-08-30 08:51:16.220',NULL,'/casbin/getPolicyPathByAuthorityId','获取权限列表','casbin','POST'),(32,'2025-08-30 08:51:16.220','2025-08-30 08:51:16.220',NULL,'/menu/addBaseMenu','新增菜单','菜单','POST'),(33,'2025-08-30 08:51:16.220','2025-08-30 08:51:16.220',NULL,'/menu/getMenu','获取菜单树(必选)','菜单','POST'),(34,'2025-08-30 08:51:16.220','2025-08-30 08:51:16.220',NULL,'/menu/deleteBaseMenu','删除菜单','菜单','POST'),(35,'2025-08-30 08:51:16.220','2025-08-30 08:51:16.220',NULL,'/menu/updateBaseMenu','更新菜单','菜单','POST'),(36,'2025-08-30 08:51:16.220','2025-08-30 08:51:16.220',NULL,'/menu/getBaseMenuById','根据id获取菜单','菜单','POST'),(37,'2025-08-30 08:51:16.220','2025-08-30 08:51:16.220',NULL,'/menu/getMenuList','分页获取基础menu列表','菜单','POST'),(38,'2025-08-30 08:51:16.220','2025-08-30 08:51:16.220',NULL,'/menu/getBaseMenuTree','获取用户动态路由','菜单','POST'),(39,'2025-08-30 08:51:16.220','2025-08-30 08:51:16.220',NULL,'/menu/getMenuAuthority','获取指定角色menu','菜单','POST'),(40,'2025-08-30 08:51:16.220','2025-08-30 08:51:16.220',NULL,'/menu/addMenuAuthority','增加menu和角色关联关系','菜单','POST'),(41,'2025-08-30 08:51:16.220','2025-08-30 08:51:16.220',NULL,'/fileUploadAndDownload/findFile','寻找目标文件（秒传）','分片上传','GET'),(42,'2025-08-30 08:51:16.220','2025-08-30 08:51:16.220',NULL,'/fileUploadAndDownload/breakpointContinue','断点续传','分片上传','POST'),(43,'2025-08-30 08:51:16.220','2025-08-30 08:51:16.220',NULL,'/fileUploadAndDownload/breakpointContinueFinish','断点续传完成','分片上传','POST'),(44,'2025-08-30 08:51:16.220','2025-08-30 08:51:16.220',NULL,'/fileUploadAndDownload/removeChunk','上传完成移除文件','分片上传','POST'),(45,'2025-08-30 08:51:16.220','2025-08-30 08:51:16.220',NULL,'/fileUploadAndDownload/upload','文件上传（建议选择）','文件上传与下载','POST'),(46,'2025-08-30 08:51:16.220','2025-08-30 08:51:16.220',NULL,'/fileUploadAndDownload/deleteFile','删除文件','文件上传与下载','POST'),(47,'2025-08-30 08:51:16.220','2025-08-30 08:51:16.220',NULL,'/fileUploadAndDownload/editFileName','文件名或者备注编辑','文件上传与下载','POST'),(48,'2025-08-30 08:51:16.220','2025-08-30 08:51:16.220',NULL,'/fileUploadAndDownload/getFileList','获取上传文件列表','文件上传与下载','POST'),(49,'2025-08-30 08:51:16.220','2025-08-30 08:51:16.220',NULL,'/fileUploadAndDownload/importURL','导入URL','文件上传与下载','POST'),(50,'2025-08-30 08:51:16.220','2025-08-30 08:51:16.220',NULL,'/system/getServerInfo','获取服务器信息','系统服务','POST'),(51,'2025-08-30 08:51:16.220','2025-08-30 08:51:16.220',NULL,'/system/getSystemConfig','获取配置文件内容','系统服务','POST'),(52,'2025-08-30 08:51:16.220','2025-08-30 08:51:16.220',NULL,'/system/setSystemConfig','设置配置文件内容','系统服务','POST'),(53,'2025-08-30 08:51:16.220','2025-08-30 08:51:16.220',NULL,'/customer/customer','更新客户','客户','PUT'),(54,'2025-08-30 08:51:16.220','2025-08-30 08:51:16.220',NULL,'/customer/customer','创建客户','客户','POST'),(55,'2025-08-30 08:51:16.220','2025-08-30 08:51:16.220',NULL,'/customer/customer','删除客户','客户','DELETE'),(56,'2025-08-30 08:51:16.220','2025-08-30 08:51:16.220',NULL,'/customer/customer','获取单一客户','客户','GET'),(57,'2025-08-30 08:51:16.220','2025-08-30 08:51:16.220',NULL,'/customer/customerList','获取客户列表','客户','GET'),(58,'2025-08-30 08:51:16.220','2025-08-30 08:51:16.220',NULL,'/autoCode/getDB','获取所有数据库','代码生成器','GET'),(59,'2025-08-30 08:51:16.220','2025-08-30 08:51:16.220',NULL,'/autoCode/getTables','获取数据库表','代码生成器','GET'),(60,'2025-08-30 08:51:16.220','2025-08-30 08:51:16.220',NULL,'/autoCode/createTemp','自动化代码','代码生成器','POST'),(61,'2025-08-30 08:51:16.220','2025-08-30 08:51:16.220',NULL,'/autoCode/preview','预览自动化代码','代码生成器','POST'),(62,'2025-08-30 08:51:16.220','2025-08-30 08:51:16.220',NULL,'/autoCode/getColumn','获取所选table的所有字段','代码生成器','GET'),(63,'2025-08-30 08:51:16.220','2025-08-30 08:51:16.220',NULL,'/autoCode/installPlugin','安装插件','代码生成器','POST'),(64,'2025-08-30 08:51:16.220','2025-08-30 08:51:16.220',NULL,'/autoCode/pubPlug','打包插件','代码生成器','POST'),(65,'2025-08-30 08:51:16.220','2025-08-30 08:51:16.220',NULL,'/autoCode/mcp','自动生成 MCP Tool 模板','代码生成器','POST'),(66,'2025-08-30 08:51:16.220','2025-08-30 08:51:16.220',NULL,'/autoCode/mcpTest','MCP Tool 测试','代码生成器','POST'),(67,'2025-08-30 08:51:16.220','2025-08-30 08:51:16.220',NULL,'/autoCode/mcpList','获取 MCP ToolList','代码生成器','POST'),(68,'2025-08-30 08:51:16.220','2025-08-30 08:51:16.220',NULL,'/autoCode/createPackage','配置模板','模板配置','POST'),(69,'2025-08-30 08:51:16.220','2025-08-30 08:51:16.220',NULL,'/autoCode/getTemplates','获取模板文件','模板配置','GET'),(70,'2025-08-30 08:51:16.220','2025-08-30 08:51:16.220',NULL,'/autoCode/getPackage','获取所有模板','模板配置','POST'),(71,'2025-08-30 08:51:16.220','2025-08-30 08:51:16.220',NULL,'/autoCode/delPackage','删除模板','模板配置','POST'),(72,'2025-08-30 08:51:16.220','2025-08-30 08:51:16.220',NULL,'/autoCode/getMeta','获取meta信息','代码生成器历史','POST'),(73,'2025-08-30 08:51:16.220','2025-08-30 08:51:16.220',NULL,'/autoCode/rollback','回滚自动生成代码','代码生成器历史','POST'),(74,'2025-08-30 08:51:16.220','2025-08-30 08:51:16.220',NULL,'/autoCode/getSysHistory','查询回滚记录','代码生成器历史','POST'),(75,'2025-08-30 08:51:16.220','2025-08-30 08:51:16.220',NULL,'/autoCode/delSysHistory','删除回滚记录','代码生成器历史','POST'),(76,'2025-08-30 08:51:16.220','2025-08-30 08:51:16.220',NULL,'/autoCode/addFunc','增加模板方法','代码生成器历史','POST'),(77,'2025-08-30 08:51:16.220','2025-08-30 08:51:16.220',NULL,'/sysDictionaryDetail/updateSysDictionaryDetail','更新字典内容','系统字典详情','PUT'),(78,'2025-08-30 08:51:16.220','2025-08-30 08:51:16.220',NULL,'/sysDictionaryDetail/createSysDictionaryDetail','新增字典内容','系统字典详情','POST'),(79,'2025-08-30 08:51:16.220','2025-08-30 08:51:16.220',NULL,'/sysDictionaryDetail/deleteSysDictionaryDetail','删除字典内容','系统字典详情','DELETE'),(80,'2025-08-30 08:51:16.220','2025-08-30 08:51:16.220',NULL,'/sysDictionaryDetail/findSysDictionaryDetail','根据ID获取字典内容','系统字典详情','GET'),(81,'2025-08-30 08:51:16.220','2025-08-30 08:51:16.220',NULL,'/sysDictionaryDetail/getSysDictionaryDetailList','获取字典内容列表','系统字典详情','GET'),(82,'2025-08-30 08:51:16.220','2025-08-30 08:51:16.220',NULL,'/sysDictionary/createSysDictionary','新增字典','系统字典','POST'),(83,'2025-08-30 08:51:16.220','2025-08-30 08:51:16.220',NULL,'/sysDictionary/deleteSysDictionary','删除字典','系统字典','DELETE'),(84,'2025-08-30 08:51:16.220','2025-08-30 08:51:16.220',NULL,'/sysDictionary/updateSysDictionary','更新字典','系统字典','PUT'),(85,'2025-08-30 08:51:16.220','2025-08-30 08:51:16.220',NULL,'/sysDictionary/findSysDictionary','根据ID获取字典（建议选择）','系统字典','GET'),(86,'2025-08-30 08:51:16.220','2025-08-30 08:51:16.220',NULL,'/sysDictionary/getSysDictionaryList','获取字典列表','系统字典','GET'),(87,'2025-08-30 08:51:16.220','2025-08-30 08:51:16.220',NULL,'/sysOperationRecord/createSysOperationRecord','新增操作记录','操作记录','POST'),(88,'2025-08-30 08:51:16.220','2025-08-30 08:51:16.220',NULL,'/sysOperationRecord/findSysOperationRecord','根据ID获取操作记录','操作记录','GET'),(89,'2025-08-30 08:51:16.220','2025-08-30 08:51:16.220',NULL,'/sysOperationRecord/getSysOperationRecordList','获取操作记录列表','操作记录','GET'),(90,'2025-08-30 08:51:16.220','2025-08-30 08:51:16.220',NULL,'/sysOperationRecord/deleteSysOperationRecord','删除操作记录','操作记录','DELETE'),(91,'2025-08-30 08:51:16.220','2025-08-30 08:51:16.220',NULL,'/sysOperationRecord/deleteSysOperationRecordByIds','批量删除操作历史','操作记录','DELETE'),(92,'2025-08-30 08:51:16.220','2025-08-30 08:51:16.220',NULL,'/simpleUploader/upload','插件版分片上传','断点续传(插件版)','POST'),(93,'2025-08-30 08:51:16.220','2025-08-30 08:51:16.220',NULL,'/simpleUploader/checkFileMd5','文件完整度验证','断点续传(插件版)','GET'),(94,'2025-08-30 08:51:16.220','2025-08-30 08:51:16.220',NULL,'/simpleUploader/mergeFileMd5','上传完成合并文件','断点续传(插件版)','GET'),(95,'2025-08-30 08:51:16.220','2025-08-30 08:51:16.220',NULL,'/email/emailTest','发送测试邮件','email','POST'),(96,'2025-08-30 08:51:16.220','2025-08-30 08:51:16.220',NULL,'/email/sendEmail','发送邮件','email','POST'),(97,'2025-08-30 08:51:16.220','2025-08-30 08:51:16.220',NULL,'/authorityBtn/setAuthorityBtn','设置按钮权限','按钮权限','POST'),(98,'2025-08-30 08:51:16.220','2025-08-30 08:51:16.220',NULL,'/authorityBtn/getAuthorityBtn','获取已有按钮权限','按钮权限','POST'),(99,'2025-08-30 08:51:16.220','2025-08-30 08:51:16.220',NULL,'/authorityBtn/canRemoveAuthorityBtn','删除按钮','按钮权限','POST'),(100,'2025-08-30 08:51:16.220','2025-08-30 08:51:16.220',NULL,'/sysExportTemplate/createSysExportTemplate','新增导出模板','导出模板','POST'),(101,'2025-08-30 08:51:16.220','2025-08-30 08:51:16.220',NULL,'/sysExportTemplate/deleteSysExportTemplate','删除导出模板','导出模板','DELETE'),(102,'2025-08-30 08:51:16.220','2025-08-30 08:51:16.220',NULL,'/sysExportTemplate/deleteSysExportTemplateByIds','批量删除导出模板','导出模板','DELETE'),(103,'2025-08-30 08:51:16.220','2025-08-30 08:51:16.220',NULL,'/sysExportTemplate/updateSysExportTemplate','更新导出模板','导出模板','PUT'),(104,'2025-08-30 08:51:16.220','2025-08-30 08:51:16.220',NULL,'/sysExportTemplate/findSysExportTemplate','根据ID获取导出模板','导出模板','GET'),(105,'2025-08-30 08:51:16.220','2025-08-30 08:51:16.220',NULL,'/sysExportTemplate/getSysExportTemplateList','获取导出模板列表','导出模板','GET'),(106,'2025-08-30 08:51:16.220','2025-08-30 08:51:16.220',NULL,'/sysExportTemplate/exportExcel','导出Excel','导出模板','GET'),(107,'2025-08-30 08:51:16.220','2025-08-30 08:51:16.220',NULL,'/sysExportTemplate/exportTemplate','下载模板','导出模板','GET'),(108,'2025-08-30 08:51:16.220','2025-08-30 08:51:16.220',NULL,'/sysExportTemplate/importExcel','导入Excel','导出模板','POST'),(109,'2025-08-30 08:51:16.220','2025-08-30 08:51:16.220',NULL,'/info/createInfo','新建公告','公告','POST'),(110,'2025-08-30 08:51:16.220','2025-08-30 08:51:16.220',NULL,'/info/deleteInfo','删除公告','公告','DELETE'),(111,'2025-08-30 08:51:16.220','2025-08-30 08:51:16.220',NULL,'/info/deleteInfoByIds','批量删除公告','公告','DELETE'),(112,'2025-08-30 08:51:16.220','2025-08-30 08:51:16.220',NULL,'/info/updateInfo','更新公告','公告','PUT'),(113,'2025-08-30 08:51:16.220','2025-08-30 08:51:16.220',NULL,'/info/findInfo','根据ID获取公告','公告','GET'),(114,'2025-08-30 08:51:16.220','2025-08-30 08:51:16.220',NULL,'/info/getInfoList','获取公告列表','公告','GET'),(115,'2025-08-30 08:51:16.220','2025-08-30 08:51:16.220',NULL,'/sysParams/createSysParams','新建参数','参数管理','POST'),(116,'2025-08-30 08:51:16.220','2025-08-30 08:51:16.220',NULL,'/sysParams/deleteSysParams','删除参数','参数管理','DELETE'),(117,'2025-08-30 08:51:16.220','2025-08-30 08:51:16.220',NULL,'/sysParams/deleteSysParamsByIds','批量删除参数','参数管理','DELETE'),(118,'2025-08-30 08:51:16.220','2025-08-30 08:51:16.220',NULL,'/sysParams/updateSysParams','更新参数','参数管理','PUT'),(119,'2025-08-30 08:51:16.220','2025-08-30 08:51:16.220',NULL,'/sysParams/findSysParams','根据ID获取参数','参数管理','GET'),(120,'2025-08-30 08:51:16.220','2025-08-30 08:51:16.220',NULL,'/sysParams/getSysParamsList','获取参数列表','参数管理','GET'),(121,'2025-08-30 08:51:16.220','2025-08-30 08:51:16.220',NULL,'/sysParams/getSysParam','获取参数列表','参数管理','GET'),(122,'2025-08-30 08:51:16.220','2025-08-30 08:51:16.220',NULL,'/attachmentCategory/getCategoryList','分类列表','媒体库分类','GET'),(123,'2025-08-30 08:51:16.220','2025-08-30 08:51:16.220',NULL,'/attachmentCategory/addCategory','添加/编辑分类','媒体库分类','POST'),(124,'2025-08-30 08:51:16.220','2025-08-30 08:51:16.220',NULL,'/attachmentCategory/deleteCategory','删除分类','媒体库分类','POST'),(125,'2025-08-30 08:51:16.220','2025-08-30 08:51:16.220',NULL,'/sysVersion/findSysVersion','获取单一版本','版本控制','GET'),(126,'2025-08-30 08:51:16.220','2025-08-30 08:51:16.220',NULL,'/sysVersion/getSysVersionList','获取版本列表','版本控制','GET'),(127,'2025-08-30 08:51:16.220','2025-08-30 08:51:16.220',NULL,'/sysVersion/downloadVersionJson','下载版本json','版本控制','GET'),(128,'2025-08-30 08:51:16.220','2025-08-30 08:51:16.220',NULL,'/sysVersion/exportVersion','创建版本','版本控制','POST'),(129,'2025-08-30 08:51:16.220','2025-08-30 08:51:16.220',NULL,'/sysVersion/importVersion','同步版本','版本控制','POST'),(130,'2025-08-30 08:51:16.220','2025-08-30 08:51:16.220',NULL,'/sysVersion/deleteSysVersion','删除版本','版本控制','DELETE'),(131,'2025-08-30 08:51:16.220','2025-08-30 08:51:16.220',NULL,'/sysVersion/deleteSysVersionByIds','批量删除版本','版本控制','DELETE'),(132,'2025-08-30 11:01:31.787','2025-08-30 11:01:31.787',NULL,'/dailyTask/createDailyTask','新增日常任务','日常任务','POST'),(133,'2025-08-30 11:01:31.874','2025-08-30 11:01:31.874',NULL,'/dailyTask/deleteDailyTask','删除日常任务','日常任务','DELETE'),(134,'2025-08-30 11:01:31.962','2025-08-30 11:01:31.962',NULL,'/dailyTask/deleteDailyTaskByIds','批量删除日常任务','日常任务','DELETE'),(135,'2025-08-30 11:01:32.050','2025-08-30 11:01:32.050',NULL,'/dailyTask/updateDailyTask','更新日常任务','日常任务','PUT'),(136,'2025-08-30 11:01:32.138','2025-08-30 11:01:32.138',NULL,'/dailyTask/findDailyTask','根据ID获取日常任务','日常任务','GET'),(137,'2025-08-30 11:01:32.222','2025-08-30 11:01:32.222',NULL,'/dailyTask/getDailyTaskList','获取日常任务列表','日常任务','GET'),(138,'2025-08-30 11:47:25.503','2025-08-30 11:47:25.503',NULL,'/dailyTaskCompletion/createDailyTaskCompletion','新增完成情况','完成情况','POST'),(139,'2025-08-30 11:47:25.591','2025-08-30 11:47:25.591',NULL,'/dailyTaskCompletion/deleteDailyTaskCompletion','删除完成情况','完成情况','DELETE'),(140,'2025-08-30 11:47:25.679','2025-08-30 11:47:25.679',NULL,'/dailyTaskCompletion/deleteDailyTaskCompletionByIds','批量删除完成情况','完成情况','DELETE'),(141,'2025-08-30 11:47:25.767','2025-08-30 11:47:25.767',NULL,'/dailyTaskCompletion/updateDailyTaskCompletion','更新完成情况','完成情况','PUT'),(142,'2025-08-30 11:47:25.854','2025-08-30 11:47:25.854',NULL,'/dailyTaskCompletion/findDailyTaskCompletion','根据ID获取完成情况','完成情况','GET'),(143,'2025-08-30 11:47:25.943','2025-08-30 11:47:25.943',NULL,'/dailyTaskCompletion/getDailyTaskCompletionList','获取完成情况列表','完成情况','GET'),(144,'2025-08-30 12:05:57.213','2025-08-30 12:05:57.213',NULL,'/dailyTask/listActiveTaskList','查询启用的任务列表','日常任务','GET'),(145,'2025-08-30 12:37:04.621','2025-08-30 12:37:04.621',NULL,'/dailyTaskCompletion/getDailyTaskStatList','查询启用任务完成情况','完成情况','GET'),(146,'2025-08-30 12:56:45.974','2025-08-30 12:56:45.974',NULL,'/miserCategory/createMiserCategory','新增守财奴分类','守财奴分类','POST'),(147,'2025-08-30 12:56:46.062','2025-08-30 12:56:46.062',NULL,'/miserCategory/deleteMiserCategory','删除守财奴分类','守财奴分类','DELETE'),(148,'2025-08-30 12:56:46.150','2025-08-30 12:56:46.150',NULL,'/miserCategory/deleteMiserCategoryByIds','批量删除守财奴分类','守财奴分类','DELETE'),(149,'2025-08-30 12:56:46.238','2025-08-30 12:56:46.238',NULL,'/miserCategory/updateMiserCategory','更新守财奴分类','守财奴分类','PUT'),(150,'2025-08-30 12:56:46.330','2025-08-30 12:56:46.330',NULL,'/miserCategory/findMiserCategory','根据ID获取守财奴分类','守财奴分类','GET'),(151,'2025-08-30 12:56:46.418','2025-08-30 12:56:46.418',NULL,'/miserCategory/getMiserCategoryList','获取守财奴分类列表','守财奴分类','GET'),(152,'2025-08-30 13:57:15.215','2025-08-30 13:57:15.215',NULL,'/miserTransaction/createMiserTransaction','新增交易流水','交易流水','POST'),(153,'2025-08-30 13:57:15.302','2025-08-30 13:57:15.302',NULL,'/miserTransaction/deleteMiserTransaction','删除交易流水','交易流水','DELETE'),(154,'2025-08-30 13:57:15.391','2025-08-30 13:57:15.391',NULL,'/miserTransaction/deleteMiserTransactionByIds','批量删除交易流水','交易流水','DELETE'),(155,'2025-08-30 13:57:15.478','2025-08-30 13:57:15.478',NULL,'/miserTransaction/updateMiserTransaction','更新交易流水','交易流水','PUT'),(156,'2025-08-30 13:57:15.566','2025-08-30 13:57:15.566',NULL,'/miserTransaction/findMiserTransaction','根据ID获取交易流水','交易流水','GET'),(157,'2025-08-30 13:57:15.654','2025-08-30 13:57:15.654',NULL,'/miserTransaction/getMiserTransactionList','获取交易流水列表','交易流水','GET'),(158,'2025-08-30 14:08:52.009','2025-08-30 14:08:52.009',NULL,'/miserCategory/listMiserCategoryList','根据交易类型查询守财奴分类列表','守财奴分类','GET'),(159,'2025-08-30 14:13:55.151','2025-08-30 14:13:55.151',NULL,'/miserTransactionItem/createMiserTransactionItem','新增流水明细','流水明细','POST'),(160,'2025-08-30 14:13:55.238','2025-08-30 14:13:55.238',NULL,'/miserTransactionItem/deleteMiserTransactionItem','删除流水明细','流水明细','DELETE'),(161,'2025-08-30 14:13:55.322','2025-08-30 14:13:55.322',NULL,'/miserTransactionItem/deleteMiserTransactionItemByIds','批量删除流水明细','流水明细','DELETE'),(162,'2025-08-30 14:13:55.414','2025-08-30 14:13:55.414',NULL,'/miserTransactionItem/updateMiserTransactionItem','更新流水明细','流水明细','PUT'),(163,'2025-08-30 14:13:55.502','2025-08-30 14:13:55.502',NULL,'/miserTransactionItem/findMiserTransactionItem','根据ID获取流水明细','流水明细','GET'),(164,'2025-08-30 14:13:55.590','2025-08-30 14:13:55.590',NULL,'/miserTransactionItem/getMiserTransactionItemList','获取流水明细列表','流水明细','GET'),(165,'2025-08-30 14:24:38.742','2025-08-30 14:54:14.175',NULL,'/miserTransactionItem/listItemDistinctNames','查询流水明细去重名称列表','流水明细','GET'),(166,'2025-08-30 18:18:48.356','2025-08-30 18:18:48.356',NULL,'/miserStat/getCardStat','查询收支余统计卡片数据','守财奴统计看板','GET'),(167,'2025-08-30 18:19:25.667','2025-08-30 18:19:25.667',NULL,'/miserStat/getPieStat','查询收支余占比饼图数据','守财奴统计看板','GET'),(168,'2025-08-30 18:20:21.555','2025-08-30 18:20:21.555',NULL,'/miserStat/getLineStat','查询收支余折线趋势数据','守财奴统计看板','GET'),(169,'2025-08-30 18:21:04.870','2025-08-30 18:21:04.870',NULL,'/miserStat/getMonthStat','查询按月及交易类型分类表格数据','守财奴统计看板','GET'),(170,'2025-08-30 18:21:51.216','2025-08-30 18:23:35.003',NULL,'/miserStat/getYearStat','查询按年分类表格数据','守财奴统计看板','GET'),(171,'2025-08-30 18:22:12.622','2025-08-30 18:22:12.622',NULL,'/miserStat/getItemStat','查询流水明细名称统计数据','守财奴统计看板','GET'),(172,'2025-09-03 18:11:19.852','2025-09-03 18:11:19.852',NULL,'/miserLoanRecord/createMiserLoanRecord','新增资金借还记录','资金借还记录','POST'),(173,'2025-09-03 18:11:19.941','2025-09-03 18:11:19.941',NULL,'/miserLoanRecord/deleteMiserLoanRecord','删除资金借还记录','资金借还记录','DELETE'),(174,'2025-09-03 18:11:20.031','2025-09-03 18:11:20.031',NULL,'/miserLoanRecord/deleteMiserLoanRecordByIds','批量删除资金借还记录','资金借还记录','DELETE'),(175,'2025-09-03 18:11:20.122','2025-09-03 18:11:20.122',NULL,'/miserLoanRecord/updateMiserLoanRecord','更新资金借还记录','资金借还记录','PUT'),(176,'2025-09-03 18:11:20.212','2025-09-03 18:11:20.212',NULL,'/miserLoanRecord/findMiserLoanRecord','根据ID获取资金借还记录','资金借还记录','GET'),(177,'2025-09-03 18:11:20.302','2025-09-03 18:11:20.302',NULL,'/miserLoanRecord/getMiserLoanRecordList','获取资金借还记录列表','资金借还记录','GET'),(178,'2025-09-04 09:15:10.765','2025-09-04 09:15:10.765',NULL,'/miserLoanRecord/listMiserLoanNameList','查询资金借还对象去重列表','资金借还记录','GET'),(179,'2025-09-04 11:25:31.773','2025-09-04 11:25:31.773',NULL,'/miserLoanRecord/getMiserLoanStatData','获取资金借还统计数据','资金借还记录','GET'),(180,'2025-09-06 13:57:43.301','2025-09-06 13:57:43.301',NULL,'/miserStat/getCategoryStat','查询分类各月数据','守财奴统计看板','GET'),(181,'2025-09-06 16:39:56.714','2025-09-06 16:39:56.714',NULL,'/miserStat/getMonthTransactionStat','查询月度交易类型数据','守财奴统计看板','GET'),(182,'2025-09-07 11:26:24.145','2025-09-07 11:26:24.145',NULL,'/miserStat/getCategoryItemStat','查询分类明细人员统计数据','守财奴统计看板','GET');
/*!40000 ALTER TABLE `sys_apis` ENABLE KEYS */;
UNLOCK TABLES;

--
-- Table structure for table `sys_authorities`
--

DROP TABLE IF EXISTS `sys_authorities`;
/*!40101 SET @saved_cs_client     = @@character_set_client */;
/*!50503 SET character_set_client = utf8mb4 */;
CREATE TABLE `sys_authorities` (
  `created_at` datetime(3) DEFAULT NULL,
  `updated_at` datetime(3) DEFAULT NULL,
  `deleted_at` datetime(3) DEFAULT NULL,
  `authority_id` bigint unsigned NOT NULL AUTO_INCREMENT COMMENT '角色ID',
  `authority_name` varchar(191) DEFAULT NULL COMMENT '角色名',
  `parent_id` bigint unsigned DEFAULT NULL COMMENT '父角色ID',
  `default_router` varchar(191) DEFAULT 'dashboard' COMMENT '默认菜单',
  PRIMARY KEY (`authority_id`),
  UNIQUE KEY `uni_sys_authorities_authority_id` (`authority_id`)
) ENGINE=InnoDB AUTO_INCREMENT=9529 DEFAULT CHARSET=utf8mb4 COLLATE=utf8mb4_0900_ai_ci;
/*!40101 SET character_set_client = @saved_cs_client */;

--
-- Dumping data for table `sys_authorities`
--

LOCK TABLES `sys_authorities` WRITE;
/*!40000 ALTER TABLE `sys_authorities` DISABLE KEYS */;
INSERT INTO `sys_authorities` VALUES ('2025-08-30 22:34:25.004','2025-09-04 20:21:21.888',NULL,666,'普通用户',0,'dashboard'),('2025-08-30 08:51:16.497','2025-09-25 14:08:50.868',NULL,888,'超级管理员',0,'dashboard');
/*!40000 ALTER TABLE `sys_authorities` ENABLE KEYS */;
UNLOCK TABLES;

--
-- Table structure for table `sys_authority_btns`
--

DROP TABLE IF EXISTS `sys_authority_btns`;
/*!40101 SET @saved_cs_client     = @@character_set_client */;
/*!50503 SET character_set_client = utf8mb4 */;
CREATE TABLE `sys_authority_btns` (
  `authority_id` bigint unsigned DEFAULT NULL COMMENT '角色ID',
  `sys_menu_id` bigint unsigned DEFAULT NULL COMMENT '菜单ID',
  `sys_base_menu_btn_id` bigint unsigned DEFAULT NULL COMMENT '菜单按钮ID'
) ENGINE=InnoDB DEFAULT CHARSET=utf8mb4 COLLATE=utf8mb4_0900_ai_ci;
/*!40101 SET character_set_client = @saved_cs_client */;

--
-- Dumping data for table `sys_authority_btns`
--

LOCK TABLES `sys_authority_btns` WRITE;
/*!40000 ALTER TABLE `sys_authority_btns` DISABLE KEYS */;
/*!40000 ALTER TABLE `sys_authority_btns` ENABLE KEYS */;
UNLOCK TABLES;

--
-- Table structure for table `sys_authority_menus`
--

DROP TABLE IF EXISTS `sys_authority_menus`;
/*!40101 SET @saved_cs_client     = @@character_set_client */;
/*!50503 SET character_set_client = utf8mb4 */;
CREATE TABLE `sys_authority_menus` (
  `sys_base_menu_id` bigint unsigned NOT NULL,
  `sys_authority_authority_id` bigint unsigned NOT NULL COMMENT '角色ID',
  PRIMARY KEY (`sys_base_menu_id`,`sys_authority_authority_id`)
) ENGINE=InnoDB DEFAULT CHARSET=utf8mb4 COLLATE=utf8mb4_0900_ai_ci;
/*!40101 SET character_set_client = @saved_cs_client */;

--
-- Dumping data for table `sys_authority_menus`
--

LOCK TABLES `sys_authority_menus` WRITE;
/*!40000 ALTER TABLE `sys_authority_menus` DISABLE KEYS */;
INSERT INTO `sys_authority_menus` VALUES (1,666),(1,888),(2,888),(3,888),(4,666),(4,888),(5,888),(6,888),(7,888),(8,888),(9,888),(10,888),(11,888),(12,888),(13,888),(14,888),(15,888),(16,888),(17,888),(18,888),(19,888),(20,888),(21,888),(22,888),(23,888),(24,888),(25,888),(26,888),(27,888),(28,888),(29,888),(30,888),(31,888),(32,888),(33,888),(34,888),(35,888),(36,666),(36,888),(37,666),(37,888),(38,666),(38,888),(39,666),(39,888),(40,666),(40,888),(41,666),(41,888),(42,666),(42,888),(43,666),(43,888),(44,666),(44,888),(45,666),(45,888);
/*!40000 ALTER TABLE `sys_authority_menus` ENABLE KEYS */;
UNLOCK TABLES;

--
-- Table structure for table `sys_auto_code_histories`
--

DROP TABLE IF EXISTS `sys_auto_code_histories`;
/*!40101 SET @saved_cs_client     = @@character_set_client */;
/*!50503 SET character_set_client = utf8mb4 */;
CREATE TABLE `sys_auto_code_histories` (
  `id` bigint unsigned NOT NULL AUTO_INCREMENT,
  `created_at` datetime(3) DEFAULT NULL,
  `updated_at` datetime(3) DEFAULT NULL,
  `deleted_at` datetime(3) DEFAULT NULL,
  `table_name` varchar(191) DEFAULT NULL COMMENT '表名',
  `package` varchar(191) DEFAULT NULL COMMENT '模块名/插件名',
  `request` text COMMENT '前端传入的结构化信息',
  `struct_name` varchar(191) DEFAULT NULL COMMENT '结构体名称',
  `abbreviation` varchar(191) DEFAULT NULL COMMENT '结构体名称缩写',
  `business_db` varchar(191) DEFAULT NULL COMMENT '业务库',
  `description` varchar(191) DEFAULT NULL COMMENT 'Struct中文名称',
  `templates` text COMMENT '模板信息',
  `Injections` text COMMENT '注入路径',
  `flag` bigint DEFAULT NULL COMMENT '[0:创建,1:回滚]',
  `api_ids` varchar(191) DEFAULT NULL COMMENT 'api表注册内容',
  `menu_id` bigint unsigned DEFAULT NULL COMMENT '菜单ID',
  `export_template_id` bigint unsigned DEFAULT NULL COMMENT '导出模板ID',
  `package_id` bigint unsigned DEFAULT NULL COMMENT '包ID',
  PRIMARY KEY (`id`),
  KEY `idx_sys_auto_code_histories_deleted_at` (`deleted_at`)
) ENGINE=InnoDB DEFAULT CHARSET=utf8mb4 COLLATE=utf8mb4_0900_ai_ci;
/*!40101 SET character_set_client = @saved_cs_client */;

--
-- Dumping data for table `sys_auto_code_histories`
--

LOCK TABLES `sys_auto_code_histories` WRITE;
/*!40000 ALTER TABLE `sys_auto_code_histories` DISABLE KEYS */;
/*!40000 ALTER TABLE `sys_auto_code_histories` ENABLE KEYS */;
UNLOCK TABLES;

--
-- Table structure for table `sys_auto_code_packages`
--

DROP TABLE IF EXISTS `sys_auto_code_packages`;
/*!40101 SET @saved_cs_client     = @@character_set_client */;
/*!50503 SET character_set_client = utf8mb4 */;
CREATE TABLE `sys_auto_code_packages` (
  `id` bigint unsigned NOT NULL AUTO_INCREMENT,
  `created_at` datetime(3) DEFAULT NULL,
  `updated_at` datetime(3) DEFAULT NULL,
  `deleted_at` datetime(3) DEFAULT NULL,
  `desc` varchar(191) DEFAULT NULL COMMENT '描述',
  `label` varchar(191) DEFAULT NULL COMMENT '展示名',
  `template` varchar(191) DEFAULT NULL COMMENT '模版',
  `package_name` varchar(191) DEFAULT NULL COMMENT '包名',
  `module` varchar(191) DEFAULT NULL,
  PRIMARY KEY (`id`),
  KEY `idx_sys_auto_code_packages_deleted_at` (`deleted_at`)
) ENGINE=InnoDB AUTO_INCREMENT=6 DEFAULT CHARSET=utf8mb4 COLLATE=utf8mb4_0900_ai_ci;
/*!40101 SET character_set_client = @saved_cs_client */;

--
-- Dumping data for table `sys_auto_code_packages`
--

LOCK TABLES `sys_auto_code_packages` WRITE;
/*!40000 ALTER TABLE `sys_auto_code_packages` DISABLE KEYS */;
INSERT INTO `sys_auto_code_packages` VALUES (1,'2025-09-25 11:30:42.607','2025-09-25 11:30:42.607',NULL,'系统自动读取example包','example包','package','example','github.com/springbear2020/self-hub/server'),(2,'2025-09-25 11:30:42.607','2025-09-25 11:30:42.607',NULL,'系统自动读取miser包','miser包','package','miser','github.com/springbear2020/self-hub/server'),(3,'2025-09-25 11:30:42.607','2025-09-25 11:30:42.607',NULL,'系统自动读取system包','system包','package','system','github.com/springbear2020/self-hub/server'),(4,'2025-09-25 11:30:42.607','2025-09-25 11:30:42.607',NULL,'系统自动读取task包','task包','package','task','github.com/springbear2020/self-hub/server'),(5,'2025-09-25 11:30:42.607','2025-09-25 11:30:42.607',NULL,'系统自动读取announcement插件，使用前请确认是否为v2版本插件','announcement插件','plugin','announcement','github.com/springbear2020/self-hub/server');
/*!40000 ALTER TABLE `sys_auto_code_packages` ENABLE KEYS */;
UNLOCK TABLES;

--
-- Table structure for table `sys_base_menu_btns`
--

DROP TABLE IF EXISTS `sys_base_menu_btns`;
/*!40101 SET @saved_cs_client     = @@character_set_client */;
/*!50503 SET character_set_client = utf8mb4 */;
CREATE TABLE `sys_base_menu_btns` (
  `id` bigint unsigned NOT NULL AUTO_INCREMENT,
  `created_at` datetime(3) DEFAULT NULL,
  `updated_at` datetime(3) DEFAULT NULL,
  `deleted_at` datetime(3) DEFAULT NULL,
  `name` varchar(191) DEFAULT NULL COMMENT '按钮关键key',
  `desc` varchar(191) DEFAULT NULL,
  `sys_base_menu_id` bigint unsigned DEFAULT NULL COMMENT '菜单ID',
  PRIMARY KEY (`id`),
  KEY `idx_sys_base_menu_btns_deleted_at` (`deleted_at`)
) ENGINE=InnoDB DEFAULT CHARSET=utf8mb4 COLLATE=utf8mb4_0900_ai_ci;
/*!40101 SET character_set_client = @saved_cs_client */;

--
-- Dumping data for table `sys_base_menu_btns`
--

LOCK TABLES `sys_base_menu_btns` WRITE;
/*!40000 ALTER TABLE `sys_base_menu_btns` DISABLE KEYS */;
/*!40000 ALTER TABLE `sys_base_menu_btns` ENABLE KEYS */;
UNLOCK TABLES;

--
-- Table structure for table `sys_base_menu_parameters`
--

DROP TABLE IF EXISTS `sys_base_menu_parameters`;
/*!40101 SET @saved_cs_client     = @@character_set_client */;
/*!50503 SET character_set_client = utf8mb4 */;
CREATE TABLE `sys_base_menu_parameters` (
  `id` bigint unsigned NOT NULL AUTO_INCREMENT,
  `created_at` datetime(3) DEFAULT NULL,
  `updated_at` datetime(3) DEFAULT NULL,
  `deleted_at` datetime(3) DEFAULT NULL,
  `sys_base_menu_id` bigint unsigned DEFAULT NULL,
  `type` varchar(191) DEFAULT NULL COMMENT '地址栏携带参数为params还是query',
  `key` varchar(191) DEFAULT NULL COMMENT '地址栏携带参数的key',
  `value` varchar(191) DEFAULT NULL COMMENT '地址栏携带参数的值',
  PRIMARY KEY (`id`),
  KEY `idx_sys_base_menu_parameters_deleted_at` (`deleted_at`)
) ENGINE=InnoDB DEFAULT CHARSET=utf8mb4 COLLATE=utf8mb4_0900_ai_ci;
/*!40101 SET character_set_client = @saved_cs_client */;

--
-- Dumping data for table `sys_base_menu_parameters`
--

LOCK TABLES `sys_base_menu_parameters` WRITE;
/*!40000 ALTER TABLE `sys_base_menu_parameters` DISABLE KEYS */;
/*!40000 ALTER TABLE `sys_base_menu_parameters` ENABLE KEYS */;
UNLOCK TABLES;

--
-- Table structure for table `sys_base_menus`
--

DROP TABLE IF EXISTS `sys_base_menus`;
/*!40101 SET @saved_cs_client     = @@character_set_client */;
/*!50503 SET character_set_client = utf8mb4 */;
CREATE TABLE `sys_base_menus` (
  `id` bigint unsigned NOT NULL AUTO_INCREMENT,
  `created_at` datetime(3) DEFAULT NULL,
  `updated_at` datetime(3) DEFAULT NULL,
  `deleted_at` datetime(3) DEFAULT NULL,
  `menu_level` bigint unsigned DEFAULT NULL,
  `parent_id` bigint unsigned DEFAULT NULL COMMENT '父菜单ID',
  `path` varchar(191) DEFAULT NULL COMMENT '路由path',
  `name` varchar(191) DEFAULT NULL COMMENT '路由name',
  `hidden` tinyint(1) DEFAULT NULL COMMENT '是否在列表隐藏',
  `component` varchar(191) DEFAULT NULL COMMENT '对应前端文件路径',
  `sort` bigint DEFAULT NULL COMMENT '排序标记',
  `active_name` varchar(191) DEFAULT NULL COMMENT '附加属性',
  `keep_alive` tinyint(1) DEFAULT NULL COMMENT '附加属性',
  `default_menu` tinyint(1) DEFAULT NULL COMMENT '附加属性',
  `title` varchar(191) DEFAULT NULL COMMENT '附加属性',
  `icon` varchar(191) DEFAULT NULL COMMENT '附加属性',
  `close_tab` tinyint(1) DEFAULT NULL COMMENT '附加属性',
  `transition_type` varchar(191) DEFAULT NULL COMMENT '附加属性',
  PRIMARY KEY (`id`),
  KEY `idx_sys_base_menus_deleted_at` (`deleted_at`)
) ENGINE=InnoDB AUTO_INCREMENT=47 DEFAULT CHARSET=utf8mb4 COLLATE=utf8mb4_0900_ai_ci;
/*!40101 SET character_set_client = @saved_cs_client */;

--
-- Dumping data for table `sys_base_menus`
--

LOCK TABLES `sys_base_menus` WRITE;
/*!40000 ALTER TABLE `sys_base_menus` DISABLE KEYS */;
INSERT INTO `sys_base_menus` VALUES (1,'2025-08-30 08:51:17.950','2025-08-30 08:51:17.950',NULL,0,0,'dashboard','dashboard',0,'view/dashboard/index.vue',1,'',0,0,'仪表盘','odometer',0,''),(2,'2025-08-30 08:51:17.950','2025-08-30 19:08:08.008',NULL,0,0,'about','about',1,'view/about/index.vue',9,'',0,0,'关于我们','info-filled',0,''),(3,'2025-08-30 08:51:17.950','2025-08-30 19:02:42.649',NULL,0,0,'admin','superAdmin',0,'view/superAdmin/index.vue',99,'',0,0,'超级管理员','user',0,''),(4,'2025-08-30 08:51:17.950','2025-08-30 08:51:17.950',NULL,0,0,'person','person',1,'view/person/person.vue',4,'',0,0,'个人信息','message',0,''),(5,'2025-08-30 08:51:17.950','2025-08-30 19:08:44.621',NULL,0,0,'example','example',0,'view/example/index.vue',998,'',0,0,'示例文件','management',0,''),(6,'2025-08-30 08:51:17.950','2025-08-30 19:09:05.122',NULL,0,0,'systemTools','systemTools',0,'view/systemTools/index.vue',996,'',0,0,'系统工具','tools',0,''),(7,'2025-08-30 08:51:17.950','2025-08-30 13:07:26.622',NULL,0,0,'https://www.gin-vue-admin.com','https://www.gin-vue-admin.com',1,'/',0,'',0,0,'官方网站','customer-gva',0,''),(8,'2025-08-30 08:51:17.950','2025-08-30 19:08:21.106',NULL,0,0,'state','state',0,'view/system/state.vue',999,'',0,0,'服务器状态','cloudy',0,''),(9,'2025-08-30 08:51:17.950','2025-08-30 19:08:59.087',NULL,0,0,'plugin','plugin',0,'view/routerHolder.vue',997,'',0,0,'插件系统','cherry',0,''),(10,'2025-08-30 08:51:18.001','2025-08-30 08:51:18.001',NULL,1,3,'authority','authority',0,'view/superAdmin/authority/authority.vue',1,'',0,0,'角色管理','avatar',0,''),(11,'2025-08-30 08:51:18.001','2025-08-30 08:51:18.001',NULL,1,3,'menu','menu',0,'view/superAdmin/menu/menu.vue',2,'',1,0,'菜单管理','tickets',0,''),(12,'2025-08-30 08:51:18.001','2025-08-30 19:10:03.654',NULL,1,3,'api','api',0,'view/superAdmin/api/api.vue',3,'',1,0,'接口管理','platform',0,''),(13,'2025-08-30 08:51:18.001','2025-08-30 08:51:18.001',NULL,1,3,'user','user',0,'view/superAdmin/user/user.vue',4,'',0,0,'用户管理','coordinate',0,''),(14,'2025-08-30 08:51:18.001','2025-08-30 08:51:18.001',NULL,1,3,'dictionary','dictionary',0,'view/superAdmin/dictionary/sysDictionary.vue',5,'',0,0,'字典管理','notebook',0,''),(15,'2025-08-30 08:51:18.001','2025-08-30 08:51:18.001',NULL,1,3,'operation','operation',0,'view/superAdmin/operation/sysOperationRecord.vue',6,'',0,0,'操作历史','pie-chart',0,''),(16,'2025-08-30 08:51:18.001','2025-08-30 08:51:18.001',NULL,1,3,'sysParams','sysParams',0,'view/superAdmin/params/sysParams.vue',7,'',0,0,'参数管理','compass',0,''),(17,'2025-08-30 08:51:18.001','2025-08-30 08:51:18.001',NULL,1,5,'upload','upload',0,'view/example/upload/upload.vue',5,'',0,0,'媒体库（上传下载）','upload',0,''),(18,'2025-08-30 08:51:18.001','2025-08-30 08:51:18.001',NULL,1,5,'breakpoint','breakpoint',0,'view/example/breakpoint/breakpoint.vue',6,'',0,0,'断点续传','upload-filled',0,''),(19,'2025-08-30 08:51:18.001','2025-08-30 08:51:18.001',NULL,1,5,'customer','customer',0,'view/example/customer/customer.vue',7,'',0,0,'客户列表（资源示例）','avatar',0,''),(20,'2025-08-30 08:51:18.001','2025-08-30 08:51:18.001',NULL,1,6,'autoCode','autoCode',0,'view/systemTools/autoCode/index.vue',1,'',1,0,'代码生成器','cpu',0,''),(21,'2025-08-30 08:51:18.001','2025-08-30 08:51:18.001',NULL,1,6,'formCreate','formCreate',0,'view/systemTools/formCreate/index.vue',3,'',1,0,'表单生成器','magic-stick',0,''),(22,'2025-08-30 08:51:18.001','2025-08-30 08:51:18.001',NULL,1,6,'system','system',0,'view/systemTools/system/system.vue',4,'',0,0,'系统配置','operation',0,''),(23,'2025-08-30 08:51:18.001','2025-08-30 08:51:18.001',NULL,1,6,'autoCodeAdmin','autoCodeAdmin',0,'view/systemTools/autoCodeAdmin/index.vue',2,'',0,0,'自动化代码管理','magic-stick',0,''),(24,'2025-08-30 08:51:18.001','2025-08-30 08:51:18.001',NULL,1,6,'autoCodeEdit/:id','autoCodeEdit',1,'view/systemTools/autoCode/index.vue',0,'',0,0,'自动化代码-${id}','magic-stick',0,''),(25,'2025-08-30 08:51:18.001','2025-08-30 08:51:18.001',NULL,1,6,'autoPkg','autoPkg',0,'view/systemTools/autoPkg/autoPkg.vue',0,'',0,0,'模板配置','folder',0,''),(26,'2025-08-30 08:51:18.001','2025-08-30 08:51:18.001',NULL,1,6,'exportTemplate','exportTemplate',0,'view/systemTools/exportTemplate/exportTemplate.vue',5,'',0,0,'导出模板','reading',0,''),(27,'2025-08-30 08:51:18.001','2025-08-30 08:51:18.001',NULL,1,6,'picture','picture',0,'view/systemTools/autoCode/picture.vue',6,'',0,0,'AI页面绘制','picture-filled',0,''),(28,'2025-08-30 08:51:18.001','2025-08-30 08:51:18.001',NULL,1,6,'mcpTool','mcpTool',0,'view/systemTools/autoCode/mcp.vue',7,'',0,0,'Mcp Tools模板','magnet',0,''),(29,'2025-08-30 08:51:18.001','2025-08-30 08:51:18.001',NULL,1,6,'mcpTest','mcpTest',0,'view/systemTools/autoCode/mcpTest.vue',7,'',0,0,'Mcp Tools测试','partly-cloudy',0,''),(30,'2025-08-30 08:51:18.001','2025-08-30 08:51:18.001',NULL,1,6,'sysVersion','sysVersion',0,'view/systemTools/version/version.vue',8,'',0,0,'版本管理','server',0,''),(31,'2025-08-30 08:51:18.001','2025-08-30 08:51:18.001',NULL,1,9,'https://plugin.gin-vue-admin.com/','https://plugin.gin-vue-admin.com/',0,'https://plugin.gin-vue-admin.com/',0,'',0,0,'插件市场','shop',0,''),(32,'2025-08-30 08:51:18.001','2025-08-30 08:51:18.001',NULL,1,9,'installPlugin','installPlugin',0,'view/systemTools/installPlugin/index.vue',1,'',0,0,'插件安装','box',0,''),(33,'2025-08-30 08:51:18.001','2025-08-30 08:51:18.001',NULL,1,9,'pubPlug','pubPlug',0,'view/systemTools/pubPlug/pubPlug.vue',3,'',0,0,'打包插件','files',0,''),(34,'2025-08-30 08:51:18.001','2025-08-30 08:51:18.001',NULL,1,9,'plugin-email','plugin-email',0,'plugin/email/view/index.vue',4,'',0,0,'邮件插件','message',0,''),(35,'2025-08-30 08:51:18.001','2025-08-30 08:51:18.001',NULL,1,9,'anInfo','anInfo',0,'plugin/announcement/view/info.vue',5,'',0,0,'公告管理[示例]','scaleToOriginal',0,''),(36,'2025-08-30 11:01:32.361','2025-09-15 22:36:24.177',NULL,0,0,'dailyTask','dailyTask',0,'view/routerHolder.vue',2,'',0,0,'知行录','data-board',0,''),(37,'2025-08-30 11:17:05.890','2025-08-30 11:19:20.329',NULL,0,36,'taskList','taskList',0,'view/task/daily_task/daily_task.vue',2,'',0,0,'任务列表','list',0,''),(38,'2025-08-30 11:47:26.074','2025-08-30 12:02:32.906',NULL,0,36,'dailyTaskCompletion','dailyTaskCompletion',0,'view/task/daily_task_completion/daily_task_completion.vue',3,'',0,0,'完成情况','calendar',0,''),(39,'2025-08-30 12:35:23.013','2025-08-30 12:36:09.250',NULL,0,36,'dailyTaskStat','dailyTaskStat',0,'view/task/daily_task_stat/daily_task_stat.vue',1,'',0,0,'统计看板','data-line',0,''),(40,'2025-08-30 12:56:46.552','2025-08-30 13:06:49.682',NULL,0,41,'miserCategory','miserCategory',0,'view/miser/miser_category/miser_category.vue',2,'',0,0,'分类列表','list',0,''),(41,'2025-08-30 13:05:43.116','2025-08-30 13:05:43.116',NULL,0,0,'miser','miser',0,'view/routerHolder.vue',3,'',0,0,'守财奴','money',0,''),(42,'2025-08-30 13:57:15.788','2025-08-30 14:07:32.254',NULL,0,41,'miserTransaction','miserTransaction',0,'view/miser/miser_transaction/miser_transaction.vue',3,'',0,0,'交易流水','notebook',0,''),(43,'2025-08-30 14:13:55.721','2025-08-30 14:22:00.086',NULL,0,41,'miserTransactionItem','miserTransactionItem',0,'view/miser/miser_transaction_item/miser_transaction_item.vue',4,'',0,0,'流水明细','tickets',0,''),(44,'2025-08-30 18:14:51.646','2025-08-30 18:14:51.646',NULL,0,41,'miserStat','miserStat',0,'view/miser/miser_stat/miser_stat.vue',1,'',0,0,'统计看板','trend-charts',0,''),(45,'2025-09-03 18:11:20.440','2025-09-03 18:27:28.464',NULL,0,41,'miserLoanRecord','miserLoanRecord',0,'view/miser/miser_loan_record/miser_loan_record.vue',5,'',0,0,'资金借还','coin',0,'');
/*!40000 ALTER TABLE `sys_base_menus` ENABLE KEYS */;
UNLOCK TABLES;

--
-- Table structure for table `sys_data_authority_id`
--

DROP TABLE IF EXISTS `sys_data_authority_id`;
/*!40101 SET @saved_cs_client     = @@character_set_client */;
/*!50503 SET character_set_client = utf8mb4 */;
CREATE TABLE `sys_data_authority_id` (
  `sys_authority_authority_id` bigint unsigned NOT NULL COMMENT '角色ID',
  `data_authority_id_authority_id` bigint unsigned NOT NULL COMMENT '角色ID',
  PRIMARY KEY (`sys_authority_authority_id`,`data_authority_id_authority_id`)
) ENGINE=InnoDB DEFAULT CHARSET=utf8mb4 COLLATE=utf8mb4_0900_ai_ci;
/*!40101 SET character_set_client = @saved_cs_client */;

--
-- Dumping data for table `sys_data_authority_id`
--

LOCK TABLES `sys_data_authority_id` WRITE;
/*!40000 ALTER TABLE `sys_data_authority_id` DISABLE KEYS */;
INSERT INTO `sys_data_authority_id` VALUES (888,888),(888,8881),(888,9528),(9528,8881);
/*!40000 ALTER TABLE `sys_data_authority_id` ENABLE KEYS */;
UNLOCK TABLES;

--
-- Table structure for table `sys_dictionaries`
--

DROP TABLE IF EXISTS `sys_dictionaries`;
/*!40101 SET @saved_cs_client     = @@character_set_client */;
/*!50503 SET character_set_client = utf8mb4 */;
CREATE TABLE `sys_dictionaries` (
  `id` bigint unsigned NOT NULL AUTO_INCREMENT,
  `created_at` datetime(3) DEFAULT NULL,
  `updated_at` datetime(3) DEFAULT NULL,
  `deleted_at` datetime(3) DEFAULT NULL,
  `name` varchar(191) DEFAULT NULL COMMENT '字典名（中）',
  `type` varchar(191) DEFAULT NULL COMMENT '字典名（英）',
  `status` tinyint(1) DEFAULT NULL COMMENT '状态',
  `desc` varchar(191) DEFAULT NULL COMMENT '描述',
  PRIMARY KEY (`id`),
  KEY `idx_sys_dictionaries_deleted_at` (`deleted_at`)
) ENGINE=InnoDB AUTO_INCREMENT=11 DEFAULT CHARSET=utf8mb4 COLLATE=utf8mb4_0900_ai_ci;
/*!40101 SET character_set_client = @saved_cs_client */;

--
-- Dumping data for table `sys_dictionaries`
--

LOCK TABLES `sys_dictionaries` WRITE;
/*!40000 ALTER TABLE `sys_dictionaries` DISABLE KEYS */;
INSERT INTO `sys_dictionaries` VALUES (1,'2025-08-30 08:51:16.951','2025-08-30 08:51:17.088',NULL,'性别','gender',1,'性别字典'),(2,'2025-08-30 08:51:16.951','2025-08-30 08:51:17.224',NULL,'数据库int类型','int',1,'int类型对应的数据库类型'),(3,'2025-08-30 08:51:16.951','2025-08-30 08:51:17.362',NULL,'数据库时间日期类型','time.Time',1,'数据库时间日期类型'),(4,'2025-08-30 08:51:16.951','2025-08-30 08:51:17.497',NULL,'数据库浮点型','float64',1,'数据库浮点型'),(5,'2025-08-30 08:51:16.951','2025-08-30 08:51:17.634',NULL,'数据库字符串','string',1,'数据库字符串'),(6,'2025-08-30 08:51:16.951','2025-08-30 08:51:17.770',NULL,'数据库bool类型','bool',1,'数据库bool类型'),(7,'2025-08-30 13:09:16.641','2025-08-30 13:09:16.641',NULL,'守财奴交易类型','miser_transaction_type',1,'守财奴交易类型'),(9,'2025-09-04 08:50:48.844','2025-09-04 08:50:48.844',NULL,'守财奴资金借还状态','miser_loan_fund_status',1,'守财奴资金借还状态');
/*!40000 ALTER TABLE `sys_dictionaries` ENABLE KEYS */;
UNLOCK TABLES;

--
-- Table structure for table `sys_dictionary_details`
--

DROP TABLE IF EXISTS `sys_dictionary_details`;
/*!40101 SET @saved_cs_client     = @@character_set_client */;
/*!50503 SET character_set_client = utf8mb4 */;
CREATE TABLE `sys_dictionary_details` (
  `id` bigint unsigned NOT NULL AUTO_INCREMENT,
  `created_at` datetime(3) DEFAULT NULL,
  `updated_at` datetime(3) DEFAULT NULL,
  `deleted_at` datetime(3) DEFAULT NULL,
  `label` varchar(191) DEFAULT NULL COMMENT '展示值',
  `value` varchar(191) DEFAULT NULL COMMENT '字典值',
  `extend` varchar(191) DEFAULT NULL COMMENT '扩展值',
  `status` tinyint(1) DEFAULT NULL COMMENT '启用状态',
  `sort` bigint DEFAULT NULL COMMENT '排序标记',
  `sys_dictionary_id` bigint unsigned DEFAULT NULL COMMENT '关联标记',
  PRIMARY KEY (`id`),
  KEY `idx_sys_dictionary_details_deleted_at` (`deleted_at`)
) ENGINE=InnoDB AUTO_INCREMENT=47 DEFAULT CHARSET=utf8mb4 COLLATE=utf8mb4_0900_ai_ci;
/*!40101 SET character_set_client = @saved_cs_client */;

--
-- Dumping data for table `sys_dictionary_details`
--

LOCK TABLES `sys_dictionary_details` WRITE;
/*!40000 ALTER TABLE `sys_dictionary_details` DISABLE KEYS */;
INSERT INTO `sys_dictionary_details` VALUES (1,'2025-08-30 08:51:17.089','2025-08-30 08:51:17.089',NULL,'男','1','',1,1,1),(2,'2025-08-30 08:51:17.089','2025-08-30 08:51:17.089',NULL,'女','2','',1,2,1),(3,'2025-08-30 08:51:17.225','2025-08-30 08:51:17.225',NULL,'smallint','1','mysql',1,1,2),(4,'2025-08-30 08:51:17.225','2025-08-30 08:51:17.225',NULL,'mediumint','2','mysql',1,2,2),(5,'2025-08-30 08:51:17.225','2025-08-30 08:51:17.225',NULL,'int','3','mysql',1,3,2),(6,'2025-08-30 08:51:17.225','2025-08-30 08:51:17.225',NULL,'bigint','4','mysql',1,4,2),(7,'2025-08-30 08:51:17.225','2025-08-30 08:51:17.225',NULL,'int2','5','pgsql',1,5,2),(8,'2025-08-30 08:51:17.225','2025-08-30 08:51:17.225',NULL,'int4','6','pgsql',1,6,2),(9,'2025-08-30 08:51:17.225','2025-08-30 08:51:17.225',NULL,'int6','7','pgsql',1,7,2),(10,'2025-08-30 08:51:17.225','2025-08-30 08:51:17.225',NULL,'int8','8','pgsql',1,8,2),(11,'2025-08-30 08:51:17.363','2025-08-30 08:51:17.363',NULL,'date','','',1,0,3),(12,'2025-08-30 08:51:17.363','2025-08-30 08:51:17.363',NULL,'time','1','mysql',1,1,3),(13,'2025-08-30 08:51:17.363','2025-08-30 08:51:17.363',NULL,'year','2','mysql',1,2,3),(14,'2025-08-30 08:51:17.363','2025-08-30 08:51:17.363',NULL,'datetime','3','mysql',1,3,3),(15,'2025-08-30 08:51:17.363','2025-08-30 08:51:17.363',NULL,'timestamp','5','mysql',1,5,3),(16,'2025-08-30 08:51:17.363','2025-08-30 08:51:17.363',NULL,'timestamptz','6','pgsql',1,5,3),(17,'2025-08-30 08:51:17.498','2025-08-30 08:51:17.498',NULL,'float','','',1,0,4),(18,'2025-08-30 08:51:17.498','2025-08-30 08:51:17.498',NULL,'double','1','mysql',1,1,4),(19,'2025-08-30 08:51:17.498','2025-08-30 08:51:17.498',NULL,'decimal','2','mysql',1,2,4),(20,'2025-08-30 08:51:17.498','2025-08-30 08:51:17.498',NULL,'numeric','3','pgsql',1,3,4),(21,'2025-08-30 08:51:17.498','2025-08-30 08:51:17.498',NULL,'smallserial','4','pgsql',1,4,4),(22,'2025-08-30 08:51:17.636','2025-08-30 08:51:17.636',NULL,'char','','',1,0,5),(23,'2025-08-30 08:51:17.636','2025-08-30 08:51:17.636',NULL,'varchar','1','mysql',1,1,5),(24,'2025-08-30 08:51:17.636','2025-08-30 08:51:17.636',NULL,'tinyblob','2','mysql',1,2,5),(25,'2025-08-30 08:51:17.636','2025-08-30 08:51:17.636',NULL,'tinytext','3','mysql',1,3,5),(26,'2025-08-30 08:51:17.636','2025-08-30 08:51:17.636',NULL,'text','4','mysql',1,4,5),(27,'2025-08-30 08:51:17.636','2025-08-30 08:51:17.636',NULL,'blob','5','mysql',1,5,5),(28,'2025-08-30 08:51:17.636','2025-08-30 08:51:17.636',NULL,'mediumblob','6','mysql',1,6,5),(29,'2025-08-30 08:51:17.636','2025-08-30 08:51:17.636',NULL,'mediumtext','7','mysql',1,7,5),(30,'2025-08-30 08:51:17.636','2025-08-30 08:51:17.636',NULL,'longblob','8','mysql',1,8,5),(31,'2025-08-30 08:51:17.636','2025-08-30 08:51:17.636',NULL,'longtext','9','mysql',1,9,5),(32,'2025-08-30 08:51:17.771','2025-08-30 08:51:17.771',NULL,'tinyint','1','mysql',1,0,6),(33,'2025-08-30 08:51:17.771','2025-08-30 08:51:17.771',NULL,'bool','2','pgsql',1,0,6),(34,'2025-08-30 13:09:31.615','2025-08-30 13:09:31.615',NULL,'收入','1','income',1,1,7),(35,'2025-08-30 13:09:43.822','2025-08-30 13:09:43.822',NULL,'支出','2','expense',1,2,7),(41,'2025-09-04 08:51:25.739','2025-09-04 09:02:25.749',NULL,'待还款','1','danger',1,1,9),(42,'2025-09-04 08:51:36.489','2025-09-04 11:04:42.673',NULL,'部分还','2','warning',1,2,9),(43,'2025-09-04 08:52:01.150','2025-09-04 09:02:40.753',NULL,'已结清','3','success',1,3,9);
/*!40000 ALTER TABLE `sys_dictionary_details` ENABLE KEYS */;
UNLOCK TABLES;

--
-- Table structure for table `sys_export_template_condition`
--

DROP TABLE IF EXISTS `sys_export_template_condition`;
/*!40101 SET @saved_cs_client     = @@character_set_client */;
/*!50503 SET character_set_client = utf8mb4 */;
CREATE TABLE `sys_export_template_condition` (
  `id` bigint unsigned NOT NULL AUTO_INCREMENT,
  `created_at` datetime(3) DEFAULT NULL,
  `updated_at` datetime(3) DEFAULT NULL,
  `deleted_at` datetime(3) DEFAULT NULL,
  `template_id` varchar(191) DEFAULT NULL COMMENT '模板标识',
  `from` varchar(191) DEFAULT NULL COMMENT '条件取的key',
  `column` varchar(191) DEFAULT NULL COMMENT '作为查询条件的字段',
  `operator` varchar(191) DEFAULT NULL COMMENT '操作符',
  PRIMARY KEY (`id`),
  KEY `idx_sys_export_template_condition_deleted_at` (`deleted_at`)
) ENGINE=InnoDB DEFAULT CHARSET=utf8mb4 COLLATE=utf8mb4_0900_ai_ci;
/*!40101 SET character_set_client = @saved_cs_client */;

--
-- Dumping data for table `sys_export_template_condition`
--

LOCK TABLES `sys_export_template_condition` WRITE;
/*!40000 ALTER TABLE `sys_export_template_condition` DISABLE KEYS */;
/*!40000 ALTER TABLE `sys_export_template_condition` ENABLE KEYS */;
UNLOCK TABLES;

--
-- Table structure for table `sys_export_template_join`
--

DROP TABLE IF EXISTS `sys_export_template_join`;
/*!40101 SET @saved_cs_client     = @@character_set_client */;
/*!50503 SET character_set_client = utf8mb4 */;
CREATE TABLE `sys_export_template_join` (
  `id` bigint unsigned NOT NULL AUTO_INCREMENT,
  `created_at` datetime(3) DEFAULT NULL,
  `updated_at` datetime(3) DEFAULT NULL,
  `deleted_at` datetime(3) DEFAULT NULL,
  `template_id` varchar(191) DEFAULT NULL COMMENT '模板标识',
  `joins` varchar(191) DEFAULT NULL COMMENT '关联',
  `table` varchar(191) DEFAULT NULL COMMENT '关联表',
  `on` varchar(191) DEFAULT NULL COMMENT '关联条件',
  PRIMARY KEY (`id`),
  KEY `idx_sys_export_template_join_deleted_at` (`deleted_at`)
) ENGINE=InnoDB DEFAULT CHARSET=utf8mb4 COLLATE=utf8mb4_0900_ai_ci;
/*!40101 SET character_set_client = @saved_cs_client */;

--
-- Dumping data for table `sys_export_template_join`
--

LOCK TABLES `sys_export_template_join` WRITE;
/*!40000 ALTER TABLE `sys_export_template_join` DISABLE KEYS */;
/*!40000 ALTER TABLE `sys_export_template_join` ENABLE KEYS */;
UNLOCK TABLES;

--
-- Table structure for table `sys_export_templates`
--

DROP TABLE IF EXISTS `sys_export_templates`;
/*!40101 SET @saved_cs_client     = @@character_set_client */;
/*!50503 SET character_set_client = utf8mb4 */;
CREATE TABLE `sys_export_templates` (
  `id` bigint unsigned NOT NULL AUTO_INCREMENT,
  `created_at` datetime(3) DEFAULT NULL,
  `updated_at` datetime(3) DEFAULT NULL,
  `deleted_at` datetime(3) DEFAULT NULL,
  `db_name` varchar(191) DEFAULT NULL COMMENT '数据库名称',
  `name` varchar(191) DEFAULT NULL COMMENT '模板名称',
  `table_name` varchar(191) DEFAULT NULL COMMENT '表名称',
  `template_id` varchar(191) DEFAULT NULL COMMENT '模板标识',
  `template_info` text,
  `limit` bigint DEFAULT NULL COMMENT '导出限制',
  `order` varchar(191) DEFAULT NULL COMMENT '排序',
  PRIMARY KEY (`id`),
  KEY `idx_sys_export_templates_deleted_at` (`deleted_at`)
) ENGINE=InnoDB AUTO_INCREMENT=2 DEFAULT CHARSET=utf8mb4 COLLATE=utf8mb4_0900_ai_ci;
/*!40101 SET character_set_client = @saved_cs_client */;

--
-- Dumping data for table `sys_export_templates`
--

LOCK TABLES `sys_export_templates` WRITE;
/*!40000 ALTER TABLE `sys_export_templates` DISABLE KEYS */;
INSERT INTO `sys_export_templates` VALUES (1,'2025-08-30 08:51:18.579','2025-08-30 08:51:18.579',NULL,'','api','sys_apis','api','{\n\"path\":\"路径\",\n\"method\":\"方法（大写）\",\n\"description\":\"方法介绍\",\n\"api_group\":\"方法分组\"\n}',NULL,'');
/*!40000 ALTER TABLE `sys_export_templates` ENABLE KEYS */;
UNLOCK TABLES;

--
-- Table structure for table `sys_ignore_apis`
--

DROP TABLE IF EXISTS `sys_ignore_apis`;
/*!40101 SET @saved_cs_client     = @@character_set_client */;
/*!50503 SET character_set_client = utf8mb4 */;
CREATE TABLE `sys_ignore_apis` (
  `id` bigint unsigned NOT NULL AUTO_INCREMENT,
  `created_at` datetime(3) DEFAULT NULL,
  `updated_at` datetime(3) DEFAULT NULL,
  `deleted_at` datetime(3) DEFAULT NULL,
  `path` varchar(191) DEFAULT NULL COMMENT 'api路径',
  `method` varchar(191) DEFAULT 'POST' COMMENT '方法',
  PRIMARY KEY (`id`),
  KEY `idx_sys_ignore_apis_deleted_at` (`deleted_at`)
) ENGINE=InnoDB AUTO_INCREMENT=14 DEFAULT CHARSET=utf8mb4 COLLATE=utf8mb4_0900_ai_ci;
/*!40101 SET character_set_client = @saved_cs_client */;

--
-- Dumping data for table `sys_ignore_apis`
--

LOCK TABLES `sys_ignore_apis` WRITE;
/*!40000 ALTER TABLE `sys_ignore_apis` DISABLE KEYS */;
INSERT INTO `sys_ignore_apis` VALUES (1,'2025-08-30 08:51:16.310','2025-08-30 08:51:16.310',NULL,'/swagger/*any','GET'),(2,'2025-08-30 08:51:16.310','2025-08-30 08:51:16.310',NULL,'/api/freshCasbin','GET'),(3,'2025-08-30 08:51:16.310','2025-08-30 08:51:16.310',NULL,'/uploads/file/*filepath','GET'),(4,'2025-08-30 08:51:16.310','2025-08-30 08:51:16.310',NULL,'/health','GET'),(5,'2025-08-30 08:51:16.310','2025-08-30 08:51:16.310',NULL,'/uploads/file/*filepath','HEAD'),(6,'2025-08-30 08:51:16.310','2025-08-30 08:51:16.310',NULL,'/autoCode/llmAuto','POST'),(7,'2025-08-30 08:51:16.310','2025-08-30 08:51:16.310',NULL,'/system/reloadSystem','POST'),(8,'2025-08-30 08:51:16.310','2025-08-30 08:51:16.310',NULL,'/base/login','POST'),(9,'2025-08-30 08:51:16.310','2025-08-30 08:51:16.310',NULL,'/base/captcha','POST'),(10,'2025-08-30 08:51:16.310','2025-08-30 08:51:16.310',NULL,'/init/initdb','POST'),(11,'2025-08-30 08:51:16.310','2025-08-30 08:51:16.310',NULL,'/init/checkdb','POST'),(12,'2025-08-30 08:51:16.310','2025-08-30 08:51:16.310',NULL,'/info/getInfoDataSource','GET'),(13,'2025-08-30 08:51:16.310','2025-08-30 08:51:16.310',NULL,'/info/getInfoPublic','GET');
/*!40000 ALTER TABLE `sys_ignore_apis` ENABLE KEYS */;
UNLOCK TABLES;

--
-- Table structure for table `sys_operation_records`
--

DROP TABLE IF EXISTS `sys_operation_records`;
/*!40101 SET @saved_cs_client     = @@character_set_client */;
/*!50503 SET character_set_client = utf8mb4 */;
CREATE TABLE `sys_operation_records` (
  `id` bigint unsigned NOT NULL AUTO_INCREMENT,
  `created_at` datetime(3) DEFAULT NULL,
  `updated_at` datetime(3) DEFAULT NULL,
  `deleted_at` datetime(3) DEFAULT NULL,
  `ip` varchar(191) DEFAULT NULL COMMENT '请求ip',
  `method` varchar(191) DEFAULT NULL COMMENT '请求方法',
  `path` varchar(191) DEFAULT NULL COMMENT '请求路径',
  `status` bigint DEFAULT NULL COMMENT '请求状态',
  `latency` bigint DEFAULT NULL COMMENT '延迟',
  `agent` text COMMENT '代理',
  `error_message` varchar(191) DEFAULT NULL COMMENT '错误信息',
  `body` text COMMENT '请求Body',
  `resp` text COMMENT '响应Body',
  `user_id` bigint unsigned DEFAULT NULL COMMENT '用户id',
  PRIMARY KEY (`id`),
  KEY `idx_sys_operation_records_deleted_at` (`deleted_at`)
) ENGINE=InnoDB DEFAULT CHARSET=utf8mb4 COLLATE=utf8mb4_0900_ai_ci;
/*!40101 SET character_set_client = @saved_cs_client */;

--
-- Dumping data for table `sys_operation_records`
--

LOCK TABLES `sys_operation_records` WRITE;
/*!40000 ALTER TABLE `sys_operation_records` DISABLE KEYS */;
/*!40000 ALTER TABLE `sys_operation_records` ENABLE KEYS */;
UNLOCK TABLES;

--
-- Table structure for table `sys_params`
--

DROP TABLE IF EXISTS `sys_params`;
/*!40101 SET @saved_cs_client     = @@character_set_client */;
/*!50503 SET character_set_client = utf8mb4 */;
CREATE TABLE `sys_params` (
  `id` bigint unsigned NOT NULL AUTO_INCREMENT,
  `created_at` datetime(3) DEFAULT NULL,
  `updated_at` datetime(3) DEFAULT NULL,
  `deleted_at` datetime(3) DEFAULT NULL,
  `name` varchar(191) DEFAULT NULL COMMENT '参数名称',
  `key` varchar(191) DEFAULT NULL COMMENT '参数键',
  `value` varchar(191) DEFAULT NULL COMMENT '参数值',
  `desc` varchar(191) DEFAULT NULL COMMENT '参数说明',
  PRIMARY KEY (`id`),
  KEY `idx_sys_params_deleted_at` (`deleted_at`)
) ENGINE=InnoDB DEFAULT CHARSET=utf8mb4 COLLATE=utf8mb4_0900_ai_ci;
/*!40101 SET character_set_client = @saved_cs_client */;

--
-- Dumping data for table `sys_params`
--

LOCK TABLES `sys_params` WRITE;
/*!40000 ALTER TABLE `sys_params` DISABLE KEYS */;
/*!40000 ALTER TABLE `sys_params` ENABLE KEYS */;
UNLOCK TABLES;

--
-- Table structure for table `sys_user_authority`
--

DROP TABLE IF EXISTS `sys_user_authority`;
/*!40101 SET @saved_cs_client     = @@character_set_client */;
/*!50503 SET character_set_client = utf8mb4 */;
CREATE TABLE `sys_user_authority` (
  `sys_user_id` bigint unsigned NOT NULL,
  `sys_authority_authority_id` bigint unsigned NOT NULL COMMENT '角色ID',
  PRIMARY KEY (`sys_user_id`,`sys_authority_authority_id`)
) ENGINE=InnoDB DEFAULT CHARSET=utf8mb4 COLLATE=utf8mb4_0900_ai_ci;
/*!40101 SET character_set_client = @saved_cs_client */;

--
-- Dumping data for table `sys_user_authority`
--

LOCK TABLES `sys_user_authority` WRITE;
/*!40000 ALTER TABLE `sys_user_authority` DISABLE KEYS */;
INSERT INTO `sys_user_authority` VALUES (1,888),(3,666);
/*!40000 ALTER TABLE `sys_user_authority` ENABLE KEYS */;
UNLOCK TABLES;

--
-- Table structure for table `sys_users`
--

DROP TABLE IF EXISTS `sys_users`;
/*!40101 SET @saved_cs_client     = @@character_set_client */;
/*!50503 SET character_set_client = utf8mb4 */;
CREATE TABLE `sys_users` (
  `id` bigint unsigned NOT NULL AUTO_INCREMENT,
  `created_at` datetime(3) DEFAULT NULL,
  `updated_at` datetime(3) DEFAULT NULL,
  `deleted_at` datetime(3) DEFAULT NULL,
  `uuid` varchar(191) DEFAULT NULL COMMENT '用户UUID',
  `username` varchar(191) DEFAULT NULL COMMENT '用户登录名',
  `password` varchar(191) DEFAULT NULL COMMENT '用户登录密码',
  `nick_name` varchar(191) DEFAULT '系统用户' COMMENT '用户昵称',
  `header_img` varchar(191) DEFAULT 'https://qmplusimg.henrongyi.top/gva_header.jpg' COMMENT '用户头像',
  `authority_id` bigint unsigned DEFAULT '888' COMMENT '用户角色ID',
  `phone` varchar(191) DEFAULT NULL COMMENT '用户手机号',
  `email` varchar(191) DEFAULT NULL COMMENT '用户邮箱',
  `enable` bigint DEFAULT '1' COMMENT '用户是否被冻结 1正常 2冻结',
  `origin_setting` text COMMENT '配置',
  PRIMARY KEY (`id`),
  KEY `idx_sys_users_username` (`username`),
  KEY `idx_sys_users_deleted_at` (`deleted_at`),
  KEY `idx_sys_users_uuid` (`uuid`)
) ENGINE=InnoDB AUTO_INCREMENT=4 DEFAULT CHARSET=utf8mb4 COLLATE=utf8mb4_0900_ai_ci;
/*!40101 SET character_set_client = @saved_cs_client */;

--
-- Dumping data for table `sys_users`
--

LOCK TABLES `sys_users` WRITE;
/*!40000 ALTER TABLE `sys_users` DISABLE KEYS */;
INSERT INTO `sys_users` VALUES (1,'2025-08-30 08:51:18.128','2025-08-30 19:02:00.982',NULL,'6d06ea4c-e43f-47cd-abd9-5cf7259809e5','admin','$2a$10$T/xeyflFCKaOY9iqIK8wYevOOwsAO5y.zP6o2CJqpbbOk8oqYFG42','管理员','https://qmplusimg.henrongyi.top/gva_header.jpg',888,'17611111111','333333333@qq.com',1,'{\"darkMode\":\"light\",\"grey\":false,\"layout_side_collapsed_width\":80,\"layout_side_item_height\":48,\"layout_side_width\":256,\"primaryColor\":\"#00ccc6\",\"showTabs\":true,\"show_watermark\":true,\"side_mode\":\"normal\",\"transition_type\":\"slide\",\"weakness\":false}'),(2,'2025-08-30 08:51:18.128','2025-08-30 08:51:18.357',NULL,'446b528d-1a5c-4543-986a-8a53fba22af0','a303176530','$2a$10$nxuXSEg5N.Y0zpE0OH4HXekz.2P35O6ycvMIKOsQrPjCCNbO6b5Va','用户1','https:///qmplusimg.henrongyi.top/1572075907logo.png',9528,'17611111111','333333333@qq.com',1,NULL),(3,'2025-08-30 22:36:25.550','2025-09-27 11:13:11.832',NULL,'870f5dce-76f2-433d-8d61-6283ddd8abf6','springbear','$2a$10$DL9uURFa78b22bmdBWTw6.AdwAVlIDWazSw7VnJRH47dyUxLcmX3y','春天熊','https://qmplusimg.henrongyi.top/gva_header.jpg',666,'18312345678','springbear2020@163.com',1,NULL);
/*!40000 ALTER TABLE `sys_users` ENABLE KEYS */;
UNLOCK TABLES;

--
-- Table structure for table `sys_versions`
--

DROP TABLE IF EXISTS `sys_versions`;
/*!40101 SET @saved_cs_client     = @@character_set_client */;
/*!50503 SET character_set_client = utf8mb4 */;
CREATE TABLE `sys_versions` (
  `id` bigint unsigned NOT NULL AUTO_INCREMENT,
  `created_at` datetime(3) DEFAULT NULL,
  `updated_at` datetime(3) DEFAULT NULL,
  `deleted_at` datetime(3) DEFAULT NULL,
  `version_name` varchar(255) DEFAULT NULL COMMENT '版本名称',
  `version_code` varchar(100) DEFAULT NULL COMMENT '版本号',
  `description` varchar(500) DEFAULT NULL COMMENT '版本描述',
  `version_data` text COMMENT '版本数据JSON',
  PRIMARY KEY (`id`),
  KEY `idx_sys_versions_deleted_at` (`deleted_at`)
) ENGINE=InnoDB DEFAULT CHARSET=utf8mb4 COLLATE=utf8mb4_0900_ai_ci;
/*!40101 SET character_set_client = @saved_cs_client */;

--
-- Dumping data for table `sys_versions`
--

LOCK TABLES `sys_versions` WRITE;
/*!40000 ALTER TABLE `sys_versions` DISABLE KEYS */;
/*!40000 ALTER TABLE `sys_versions` ENABLE KEYS */;
UNLOCK TABLES;
/*!40103 SET TIME_ZONE=@OLD_TIME_ZONE */;

/*!40101 SET SQL_MODE=@OLD_SQL_MODE */;
/*!40014 SET FOREIGN_KEY_CHECKS=@OLD_FOREIGN_KEY_CHECKS */;
/*!40014 SET UNIQUE_CHECKS=@OLD_UNIQUE_CHECKS */;
/*!40101 SET CHARACTER_SET_CLIENT=@OLD_CHARACTER_SET_CLIENT */;
/*!40101 SET CHARACTER_SET_RESULTS=@OLD_CHARACTER_SET_RESULTS */;
/*!40101 SET COLLATION_CONNECTION=@OLD_COLLATION_CONNECTION */;
/*!40111 SET SQL_NOTES=@OLD_SQL_NOTES */;

-- Dump completed on 2025-09-27 18:03:30
